technique_id,name,is_subtechnique,platforms,detection_strategies,analytic_count,analytic_platforms,log_sources,data_components
T1001,Data Obfuscation,No,ESXi; Linux; Windows; macOS,DET0053,3,Linux; Windows; macOS,NSM:Flow | auditd:SYSCALL | macos:unifiedlog,Network Connection Creation | Network Traffic Content | Process Creation
T1001.001,Junk Data,Yes,ESXi; Linux; Windows; macOS,DET0011,4,ESXi; Linux; Windows; macOS,NSM:Flow | WinEventLog:Sysmon | auditd:SYSCALL | esxi:hostd | esxi:vmkernel | macos:osquery | macos:unifiedlog,Network Connection Creation | Network Traffic Content | Process Access | Process Creation
T1001.002,Steganography,Yes,ESXi; Linux; Windows; macOS,DET0235,4,ESXi; Linux; Windows; macOS,NSM:Flow | WinEventLog:Sysmon | auditd:SYSCALL | esxi:hostd | esxi:vmkernel | macos:osquery | macos:unifiedlog,File Creation | File Metadata | Network Connection Creation | Network Traffic Content | Process Creation
T1001.003,Protocol or Service Impersonation,Yes,ESXi; Linux; Windows; macOS,DET0470,4,ESXi; Linux; Windows; macOS,NSM:Content | NSM:Flow | WinEventLog:Sysmon | auditd:SYSCALL | esxi:hostd | macos:osquery | macos:unifiedlog,Network Connection Creation | Network Traffic Content | Process Creation | Process Metadata
T1003,OS Credential Dumping,No,Linux; Windows; macOS,DET0234,3,Linux; Windows; macOS,WinEventLog:Security | WinEventLog:Sysmon | auditd:SYSCALL | macos:keychain | macos:osquery | macos:unifiedlog,Active Directory Object Access | File Access | Process Access | Process Creation | Process Metadata
T1003.001,LSASS Memory,Yes,Windows,DET0363,1,Windows,WinEventLog:Security | WinEventLog:Sysmon,File Creation | Process Access | Process Creation | User Account Metadata | Windows Registry Key Modification
T1003.002,Security Account Manager,Yes,Windows,DET0085,1,Windows,WinEventLog:Security | WinEventLog:Sysmon,File Creation | File Modification | Process Creation | Windows Registry Key Modification
T1003.003,NTDS,Yes,Windows,DET0586,1,Windows,WinEventLog:Microsoft-Windows-VSS | WinEventLog:Security | WinEventLog:Sysmon,File Creation | File Modification | Process Creation | Volume Creation
T1003.004,LSA Secrets,Yes,Windows,DET0437,1,Windows,WinEventLog:Security | WinEventLog:Sysmon,File Modification | Module Load | Process Access | Process Creation
T1003.005,Cached Domain Credentials,Yes,Linux; Windows,DET0513,2,Linux; Windows,WinEventLog:Security | WinEventLog:Sysmon | auditd:EXECVE | auditd:SYSCALL | linux:osquery,File Access | Process Access | Process Creation
T1003.006,DCSync,Yes,Windows,DET0594,1,Windows,NSM:Content | WinEventLog:Security,Active Directory Object Access | Active Directory Object Deletion | Network Traffic Content
T1003.007,Proc Filesystem,Yes,Linux,DET0593,1,Linux,auditd:SYSCALL | linux:Sysmon,File Access | File Modification | Process Access | Process Creation
T1003.008,/etc/passwd and /etc/shadow,Yes,Linux,DET0446,1,Linux,auditd:SYSCALL,File Access | Process Creation
T1005,Data from Local System,No,ESXi; Linux; Network Devices; Windows; macOS,DET0380,5,ESXi; Linux; Network Devices; Windows; macOS,WinEventLog:Security | WinEventLog:Sysmon | auditd:SYSCALL | esxi:hostd | esxis:vmkernel | fs:fsusage | macos:unifiedlog | networkdevice:cli,Command Execution | File Access | File Creation | Process Creation
T1006,Direct Volume Access,No,Network Devices; Windows,DET0426,2,Network Devices; Windows,WinEventLog:Security | WinEventLog:Sysmon | networkdevice:cli,Command Execution | Process Access | Process Creation
T1007,System Service Discovery,No,Linux; Windows; macOS,DET0483,3,Linux; Windows; macOS,WinEventLog:PowerShell | WinEventLog:Security | auditd:EXECVE | macos:osquery | macos:unifiedlog,Command Execution | Process Creation
T1008,Fallback Channels,No,ESXi; Linux; Windows; macOS,DET0499,4,ESXi; Linux; Windows; macOS,NSM:Flow | WinEventLog:Sysmon | auditd:SYSCALL | esxi:vmkernel | esxi:vpxd | macos:unifiedlog,Network Connection Creation | Network Traffic Flow
T1010,Application Window Discovery,No,Linux; Windows; macOS,DET0097,3,Linux; Windows; macOS,WinEventLog:PowerShell | WinEventLog:Sysmon | auditd:EXECVE | linus:syslog | macos:osquery | macos:unifiedlog,Command Execution | OS API Execution | Process Access | Process Creation
T1011,Exfiltration Over Other Network Medium,No,Linux; Windows; macOS,DET0077,3,Linux; Windows; macOS,NSM:Flow | WinEventLog:Sysmon | WinEventLog:System | auditd:SYSCALL | macos:osquery | macos:unifiedlog,Command Execution | File Creation | Host Status | Network Connection Creation | Network Traffic Content | Network Traffic Flow | Process Creation
T1011.001,Exfiltration Over Bluetooth,Yes,Linux; Windows; macOS,DET0554,3,Linux; Windows; macOS,WinEventLog:Sysmon | WinEventLog:System | auditd:SYSCALL | linux:osquery | linux:syslog | macos:osquery | macos:unifiedlog,Command Execution | File Access | File Creation | Network Connection Creation | Process Creation
T1012,Query Registry,No,Windows,DET0209,1,Windows,WinEventLog:PowerShell | WinEventLog:Sysmon,Command Execution | Process Creation | Windows Registry Key Modification
T1014,Rootkit,No,Linux; Windows; macOS,DET0377,3,Linux; Windows; macOS,WinEventLog:Sysmon | WinEventLog:System | auditd:EXECVE | fs:fsevents | linux:osquery | linux:syslog | macos:osquery | macos:unifiedlog,Driver Load | File Creation | File Modification | Module Load | Process Creation | Service Creation
T1016,System Network Configuration Discovery,No,ESXi; Linux; Network Devices; Windows; macOS,DET0195,5,ESXi; Linux; Network Devices; Windows; macOS,WinEventLog:PowerShell | WinEventLog:Sysmon | auditd:EXECVE | esxi:hostd | macos:unifiedlog | networkdevice:cli,Command Execution | Process Creation
T1016.001,Internet Connection Discovery,Yes,ESXi; Linux; Windows; macOS,DET0357,4,ESXi; Linux; Windows; macOS,WinEventLog:PowerShell | WinEventLog:Security | WinEventLog:Sysmon | auditd:EXECVE | esxi:hostd | esxi:shell | linux:syslog | macos:unifiedlog,Command Execution | Network Connection Creation | Process Creation | Script Execution
T1016.002,Wi-Fi Discovery,Yes,Linux; Windows; macOS,DET0464,3,Linux; Windows; macOS,WinEventLog:PowerShell | WinEventLog:Sysmon | auditd:EXECVE | auditd:PATH | macos:unifiedlog,Command Execution | File Access | Process Creation
T1018,Remote System Discovery,No,ESXi; Linux; Network Devices; Windows; macOS,DET0574,5,ESXi; Linux; Network Devices; Windows; macOS,WinEventLog:Sysmon | auditd:EXECVE | esxi:hostd | linux:syslog | macos:osquery | macos:unifiedlog | networkdevice:syslog,Command Execution | File Access | Network Connection Creation | Process Creation
T1020,Automated Exfiltration,No,Linux; Network Devices; Windows; macOS,DET0397,3,Linux; Windows; macOS,NSM:Flow | WinEventLog:Security | WinEventLog:Sysmon | auditd:SYSCALL | macos:cron | macos:unifiedlog,Network Connection Creation | Process Creation | Scheduled Job Creation
T1020.001,Traffic Duplication,Yes,IaaS; Network Devices,DET0403,2,IaaS; Network Devices,AWS:CloudTrail | AWS:VPCFlowLogs | networkdevice:Flow | networkdevice:syslog,Network Connection Creation | Network Traffic Flow
T1021,Remote Services,No,ESXi; IaaS; Linux; Windows; macOS,DET0269,5,ESXi; IaaS; Linux; Windows; macOS,AWS:CloudTrail | AWS:VPCFlowLogs | WinEventLog:Security | WinEventLog:Sysmon | auditd:SYSCALL | esxi:shell | esxi:vmkernel | linux:syslog | macos:osquery | macos:unifiedlog,Command Execution | Logon Session Creation | Network Connection Creation | Process Creation
T1021.001,Remote Desktop Protocol,Yes,Windows,DET0327,1,Windows,WinEventLog:Security | WinEventLog:Sysmon,Logon Session Creation | Logon Session Metadata | Network Connection Creation | Process Creation
T1021.002,SMB/Windows Admin Shares,Yes,Windows,DET0530,1,Windows,WinEventLog:Security | WinEventLog:Sysmon,Logon Session Creation | Network Connection Creation | Process Creation
T1021.003,Distributed Component Object Model,Yes,Windows,DET0285,1,Windows,WinEventLog:Security | WinEventLog:Sysmon,Logon Session Creation | Module Load | Network Connection Creation | Process Creation
T1021.004,SSH,Yes,ESXi; Linux; macOS,DET0596,3,ESXi; Linux; macOS,NSM:Flow | auditd:EXECVE | esxi:auth | esxi:shell | esxi:vmkernel | linux:syslog | macos:osquery | macos:unifiedlog,Command Execution | Logon Session Creation | Logon Session Metadata | Network Traffic Content | Network Traffic Flow | Process Creation
T1021.005,VNC,Yes,Linux; Windows; macOS,DET0178,3,Linux; Windows; macOS,NSM:Flow | NSM:firewall | WinEventLog:Security | WinEventLog:Sysmon | auditd:EXECVE | linux:syslog | macos:osquery | macos:unifiedlog,Logon Session Creation | Logon Session Metadata | Network Traffic Flow | Process Creation
T1021.006,Windows Remote Management,Yes,Windows,DET0477,1,Windows,NSM:Connections | WinEventLog:Security | WinEventLog:Sysmon | WinEventLog:WinRM,Logon Session Creation | Network Traffic Flow | Process Creation | Service Metadata
T1021.007,Cloud Services,Yes,IaaS; Identity Provider; Office Suite; SaaS,DET0008,4,IaaS; Identity Provider; Office Suite; SaaS,AWS:CloudTrail | Okta:SystemLog | gcp:audit | m365:unified | saas:auth,Command Execution | File Access | Logon Session Creation
T1021.008,Direct Cloud VM Connections,Yes,IaaS,DET0211,1,IaaS,AWS:CloudTrail | WinEventLog:Sysmon,Logon Session Creation | Process Creation
T1025,Data from Removable Media,No,Linux; Windows; macOS,DET0511,3,Linux; Windows; macOS,WinEventLog:Security | WinEventLog:Sysmon | WinEventLog:System | auditd:SYSCALL | fs:fsusage | journald:systemd | macos:osquery | macos:unifiedlog,Drive Creation | File Access | Process Creation
T1027,Obfuscated Files or Information,No,ESXi; Linux; Network Devices; Windows; macOS,DET0378,5,ESXi; Linux; Network Devices; Windows; macOS,WinEventLog:Security | WinEventLog:Sysmon | auditd:SYSCALL | esxi:hostd | esxi:vmkernel | linux:cli | macos:osquery | macos:unifiedlog | networkdevice:IDS,Command Execution | File Creation | File Metadata | File Modification | Network Traffic Content | OS API Execution | Process Creation
T1027.001,Binary Padding,Yes,Linux; Windows; macOS,DET0553,3,Linux; Windows; macOS,WinEventLog:Security | WinEventLog:Sysmon | auditd:SYSCALL | fs:fsusage | linux:osquery | macos:unifiedlog,File Access | File Creation | Process Creation
T1027.002,Software Packing,Yes,Linux; Windows; macOS,DET0023,3,Linux; Windows; macOS,WinEventLog:Sysmon | auditd:SYSCALL | macos:endpointsecurity | macos:unifiedlog,Process Access | Process Creation | Process Modification
T1027.003,Steganography,Yes,Linux; Windows; macOS,DET0119,3,Linux; Windows; macOS,WinEventLog:Security | WinEventLog:Sysmon | auditd:SYSCALL | macos:osquery | macos:unifiedlog,File Access | Network Connection Creation | Process Creation
T1027.004,Compile After Delivery,Yes,Linux; Windows; macOS,DET0501,3,Linux; Windows; macOS,NSM:Flow | WinEventLog:Sysmon | auditd:SYSCALL | macos:osquery | macos:unifiedlog,File Creation | Network Connection Creation | Process Creation
T1027.005,Indicator Removal from Tools,Yes,Linux; Windows; macOS,DET0189,3,Linux; Windows; macOS,EDR:detection | WinEventLog:Application | WinEventLog:Sysmon | auditd:SYSCALL | linux:osquery | macos:osquery | macos:unifiedlog,Application Log Content | File Creation | File Metadata | Process Creation | Process Modification
T1027.006,HTML Smuggling,Yes,Linux; Windows; macOS,DET0313,3,Linux; Windows; macOS,EDR:detection | Network Traffic | WinEventLog:Sysmon | auditd:SYSCALL | gatekeeper/quarantine database | linux:osquery | macos:osquery | macos:unifiedlog,File Creation | File Metadata | Network Traffic Content | Process Creation
T1027.007,Dynamic API Resolution,Yes,Windows,DET0091,1,Windows,WinEventLog:Sysmon | etw:Microsoft-Windows-Kernel-Process,Module Load | OS API Execution | Process Creation
T1027.008,Stripped Payloads,Yes,Linux; Network Devices; Windows; macOS,DET0019,4,Linux; Network Devices; Windows; macOS,EDR:file | NSM:Flow | WinEventLog:Sysmon | auditd:EXECVE | auditd:SYSCALL | linux:osquery | macos:endpointsecurity | macos:osquery | macos:unifiedlog,File Creation | File Metadata | File Modification | Network Traffic Content | Process Creation
T1027.009,Embedded Payloads,Yes,Linux; Windows; macOS,DET0214,3,Linux; Windows; macOS,EDR:file | WinEventLog:Sysmon | auditd:SYSCALL | ebpf:syscalls | linux:osquery | macos:endpointsecurity | macos:osquery | macos:unifiedlog,File Access | File Creation | File Metadata | File Modification | Process Creation
T1027.010,Command Obfuscation,Yes,Linux; Windows; macOS,DET0505,3,Linux; Windows; macOS,WinEventLog:Security | auditd:SYSCALL | linux:osquery | macos:endpointsecurity | macos:unifiedlog,Command Execution | Process Creation
T1027.011,Fileless Storage,Yes,Linux; Windows,DET0344,2,Linux; Windows,WinEventLog:Application | WinEventLog:Security | auditd:SYSCALL | linux:osquery,File Creation | File Metadata | WMI Creation | Windows Registry Key Modification
T1027.012,LNK Icon Smuggling,Yes,Windows,DET0405,1,Windows,WinEventLog:Sysmon,File Metadata | Network Connection Creation | Process Creation
T1027.013,Encrypted/Encoded File,Yes,Linux; Windows; macOS,DET0087,3,Linux; Windows; macOS,WinEventLog:Security | WinEventLog:Sysmon | auditd:SYSCALL | linux:Sysmon | macos:endpointsecurity | macos:unifiedlog,Command Execution | Module Load | Network Connection Creation | Process Access | Process Creation | Process Modification
T1027.014,Polymorphic Code,Yes,Linux; Windows; macOS,DET0324,3,Linux; Windows; macOS,WinEventLog:Sysmon | auditd:SYSCALL | fs:fsusage | macos:endpointsecurity | macos:unifiedlog,File Creation | File Modification | Module Load | Process Access | Process Creation | Process Metadata | Process Modification
T1027.015,Compression,Yes,Linux; Windows; macOS,DET0281,3,Linux; Windows; macOS,WinEventLog:Sysmon | auditd:SYSCALL | fs:fsusage | macos:unifiedlog,File Access | File Creation | File Metadata | File Modification | Process Creation
T1027.016,Junk Code Insertion,Yes,Linux; Windows; macOS,DET0322,3,Linux; Windows; macOS,WinEventLog:Sysmon | auditd:SYSCALL | macos:endpointsecurity,File Creation | Process Access | Process Creation | Process Modification
T1027.017,SVG Smuggling,Yes,Linux; Windows; macOS,DET0510,3,Linux; Windows; macOS,NSM:Flow | WinEventLog:Sysmon | auditd:SYSCALL | macos:endpointsecurity | macos:unifiedlog,File Creation | File Modification | Network Connection Creation | Network Traffic Content | Process Creation
T1027.018,Invisible Unicode,Yes,Linux; Windows; macOS,DET0920,3,Linux; Windows; macOS,NSM:Flow | WinEventLog:PowerShell | WinEventLog:Security | WinEventLog:Sysmon | auditd:EXECVE | auditd:SYSCALL | macOS:unifiedlog | macos:unifiedlog,Command Execution | File Access | File Creation | File Metadata | Module Load | Network Connection Creation | Process Creation | Script Execution
T1029,Scheduled Transfer,No,Linux; Windows; macOS,DET0399,3,Linux; Windows; macOS,NSM:Flow | WinEventLog:Sysmon | WinEventLog:System | auditd:SYSCALL | linux:cron | macos:endpointsecurity | macos:launchd | macos:unifiedlog,Network Connection Creation | Network Traffic Flow | Process Creation | Scheduled Job Metadata
T1030,Data Transfer Size Limits,No,ESXi; Linux; Windows; macOS,DET0213,3,Linux; Windows; macOS,NSM:Flow | WinEventLog:Sysmon | auditd:SYSCALL | macos:endpointsecurity | macos:unifiedlog,Network Connection Creation | Network Traffic Flow
T1033,System Owner/User Discovery,No,Linux; Network Devices; Windows; macOS,DET0093,4,Linux; Network Devices; Windows; macOS,WinEventLog:PowerShell | WinEventLog:Sysmon | auditd:SYSCALL | macos:endpointsecurity | macos:unifiedlog | networkdevice:syslog,Command Execution | OS API Execution | Process Creation
T1036,Masquerading,No,Containers; ESXi; Linux; Windows; macOS,DET0127,5,Containers; ESXi; Linux; Windows; macOS,WinEventLog:Sysmon | WinEventLog:System | auditd:SYSCALL | containerd:runtime | docker:events | ebpf:syscalls | esxi:hostd | esxi:shell | fs:fileevents | linux:osquery | linux:syslog | macos:endpointsecurity | macos:unifiedlog,Command Execution | File Metadata | File Modification | Image Metadata | Process Creation | Process Metadata | Service Creation | Service Metadata
T1036.001,Invalid Code Signature,Yes,Windows; macOS,DET0031,2,Windows; macOS,WinEventLog:PowerShell | WinEventLog:Sysmon | WinEventLog:Windows Defender | fs:fileevents | macos:endpointsecurity | macos:unifiedlog,Command Execution | File Metadata | File Modification | Process Creation
T1036.002,Right-to-Left Override,Yes,Linux; Windows; macOS,DET0527,3,Linux; Windows; macOS,WinEventLog:PowerShell | WinEventLog:Sysmon | WinEventLog:Windows Defender | auditd:SYSCALL | desktop:file_manager | fs:quarantine | linux:osquery | macos:endpointsecurity | macos:unifiedlog,Command Execution | File Access | File Metadata | Process Creation
T1036.003,Rename Legitimate Utilities,Yes,Linux; Windows; macOS,DET0005,3,Linux; Windows; macOS,EDR:AMSI | WinEventLog:Sysmon | auditd:SYSCALL | fs:fileevents | linux:osquery | linux:syslog | macos:endpointsecurity | macos:unifiedlog,Command Execution | File Creation | File Metadata | File Modification | Process Creation | Process Metadata
T1036.004,Masquerade Task or Service,Yes,Linux; Windows; macOS,DET0117,3,Linux; Windows; macOS,WinEventLog:Security | WinEventLog:Sysmon | WinEventLog:System | auditd:CONFIG_CHANGE | fs:fileevents | linux:cron | linux:osquery | macos:endpointsecurity | macos:unifiedlog,Process Creation | Scheduled Job Creation | Scheduled Job Metadata | Scheduled Job Modification | Service Creation | Service Metadata
T1036.005,Match Legitimate Resource Name or Location,Yes,Containers; ESXi; Linux; Windows; macOS,DET0347,5,Containers; ESXi; Linux; Windows; macOS,WinEventLog:Security | WinEventLog:Sysmon | auditd:SYSCALL | containerd:events | esxi:hostd | esxi:vmkernel | fs:fsusage | kubernetes:apiserver | linux:osquery | macos:unifiedlog,File Access | File Creation | File Metadata | Image Metadata | Module Load | Process Creation | Process Metadata | Process Modification | Scheduled Job Creation | Service Metadata
T1036.006,Space after Filename,Yes,Linux; macOS,DET0292,2,Linux; macOS,auditd:SYSCALL | fs:fsusage | linux:syslog | macos:unifiedlog,File Access | File Metadata | Process Creation
T1036.007,Double File Extension,Yes,Windows,DET0366,1,Windows,WinEventLog:Sysmon,File Creation | Process Creation
T1036.008,Masquerade File Type,Yes,Linux; Windows; macOS,DET0226,3,Linux; Windows; macOS,WinEventLog:Sysmon | auditd:SYSCALL | linux:osquery | macos:unifiedlog,File Creation | File Metadata | Process Creation
T1036.009,Break Process Trees,Yes,Linux; macOS,DET0443,2,Linux; macOS,auditd:SYSCALL | fs:fsusage | macos:unifiedlog,OS API Execution | Process Creation
T1036.010,Masquerade Account Name,Yes,Containers; IaaS; Identity Provider; Linux; Office Suite; SaaS; Windows; macOS,DET0383,4,Containers; Identity Provider; Linux; Windows,WinEventLog:Security | auditd:SYSCALL | azure:audit | docker:daemon | linux:osquery | saas:okta | windows:osquery,User Account Creation | User Account Metadata | User Account Modification
T1036.011,Overwrite Process Arguments,Yes,Linux,DET0164,1,Linux,auditd:SYSCALL | ebpf:tracepoints,Process Metadata | Process Modification
T1036.012,Browser Fingerprint,Yes,Linux; Windows; macOS,DET0898,3,Linux; Windows; macOS,NSM:Flow | WinEventLog:Sysmon | auditd:SYSCALL | etw:Microsoft-Windows-Kernel-Process | macos:unifiedlog,Network Connection Creation | Network Traffic Content | OS API Execution | Process Creation
T1037,Boot or Logon Initialization Scripts,No,ESXi; Linux; Network Devices; Windows; macOS,DET0112,5,ESXi; Linux; Network Devices; Windows; macOS,WinEventLog:Security | WinEventLog:TaskScheduler | auditd:PATH | auditd:SYSCALL | esxi:hostd | esxi:vmkernel | fs:fsusage | linux:osquery | macos:osquery | macos:unifiedlog | networkdevice:syslog,File Access | File Metadata | File Modification | Process Creation | Scheduled Job Creation | Script Execution | Service Metadata | Windows Registry Key Modification
T1037.001,Logon Script (Windows),Yes,Windows,DET0072,1,Windows,WinEventLog:Security | WinEventLog:System,File Access | Logon Session Creation | Process Creation | Script Execution
T1037.002,Login Hook,Yes,macOS,DET0244,1,macOS,fs:plist | macos:unifiedlog,File Modification | Process Creation
T1037.003,Network Logon Script,Yes,Windows,DET0367,1,Windows,WinEventLog:Security | WinEventLog:System,Network Share Access | Process Creation | Script Execution
T1037.004,RC Scripts,Yes,ESXi; Linux; Network Devices; macOS,DET0237,4,ESXi; Linux; Network Devices; macOS,auditd:SYSCALL | esxi:shell | esxi:syslog | fs:fsusage | linux:syslog | macos:unifiedlog | networkdevice:syslog,Command Execution | File Creation | File Modification | Process Creation | Script Execution
T1037.005,Startup Items,Yes,macOS,DET0429,1,macOS,macos:fsevents | macos:unifiedlog,File Creation | Process Creation
T1039,Data from Network Shared Drive,No,Linux; Windows; macOS,DET0410,3,Linux; Windows; macOS,WinEventLog:Security | WinEventLog:Sysmon | auditd:SYSCALL | fs:fsusage | linux:syslog | macos:unifiedlog,Drive Access | File Access | File Creation | Network Share Access
T1040,Network Sniffing,No,IaaS; Linux; Network Devices; Windows; macOS,DET0314,5,IaaS; Linux; Network Devices; Windows; macOS,AWS:CloudTrail | WinEventLog:Security | WinEventLog:System | auditd:SYSCALL | fs:fsusage | macos:osquery | macos:unifiedlog | networkconfig  | networkdevice:syslog,Cloud Service Modification | Command Execution | Network Traffic Content | Process Creation | Service Creation | User Account Authentication
T1041,Exfiltration Over C2 Channel,No,ESXi; Linux; Windows; macOS,DET0348,4,ESXi; Linux; Windows; macOS,NSM:Flow | WinEventLog:Security | WinEventLog:Sysmon | auditd:SYSCALL | esxi:syslog | esxi:vmkernel | esxi:vpxa | macos:osquery | macos:unifiedlog,File Access | Network Connection Creation | Network Traffic Content | Network Traffic Flow | Process Creation
T1046,Network Service Discovery,No,Containers; IaaS; Linux; Network Devices; Windows; macOS,DET0376,4,Containers; Linux; Windows; macOS,NSM:Flow | WinEventLog:Sysmon | auditd:SYSCALL | containerd:runtime | ebpf:syscalls | macos:osquery | macos:unifiedlog,Network Connection Creation | Network Traffic Content | Network Traffic Flow | Process Creation
T1047,Windows Management Instrumentation,No,Windows,DET0364,1,Windows,WinEventLog:Sysmon | WinEventLog:WMI,Network Connection Creation | Process Creation | WMI Creation
T1048,Exfiltration Over Alternative Protocol,No,ESXi; IaaS; Linux; Network Devices; Office Suite; SaaS; Windows; macOS,DET0131,5,ESXi; IaaS; Linux; Windows; macOS,AWS:CloudTrail | AWS:VPCFlowLogs | NSM:Flow | WinEventLog:Security | WinEventLog:Sysmon | auditd:SYSCALL | esxi:hostd | esxi:vmkernel | macos:osquery | macos:unifiedlog,Cloud Storage Access | Command Execution | File Access | File Creation | File Modification | Network Connection Creation | Network Traffic Content | Network Traffic Flow | Process Creation
T1048.001,Exfiltration Over Symmetric Encrypted Non-C2 Protocol,Yes,ESXi; Linux; Windows; macOS,DET0503,4,ESXi; Linux; Windows; macOS,NSM:Flow | WinEventLog:Sysmon | auditd:SYSCALL | esxi:hostd | esxi:vmkernel | macos:osquery | macos:unifiedlog,Command Execution | Network Connection Creation | Network Traffic Content | Network Traffic Flow | Process Creation
T1048.002,Exfiltration Over Asymmetric Encrypted Non-C2 Protocol,Yes,ESXi; Linux; Windows; macOS,DET0512,4,ESXi; Linux; Windows; macOS,NSM:Flow | WinEventLog:Security | WinEventLog:Sysmon | auditd:SYSCALL | esxi:hostd | esxi:vmkernel | macos:osquery | macos:unifiedlog,Command Execution | File Access | Network Connection Creation | Network Traffic Content | Network Traffic Flow | Process Creation
T1048.003,Exfiltration Over Unencrypted Non-C2 Protocol,Yes,ESXi; Linux; Network Devices; Windows; macOS,DET0149,5,ESXi; Linux; Network Devices; Windows; macOS,NSM:Flow | WinEventLog:Security | WinEventLog:Sysmon | auditd:SYSCALL | esxi:hostd | macos:osquery | macos:unifiedlog | networkdevice:cli | networkdevice:syslog,Command Execution | File Access | Network Connection Creation | Network Traffic Content | Network Traffic Flow | Process Creation
T1049,System Network Connections Discovery,No,ESXi; IaaS; Linux; Network Devices; Windows; macOS,DET0320,6,ESXi; IaaS; Linux; Network Devices; Windows; macOS,AWS:CloudTrail | WinEventLog:PowerShell | WinEventLog:Sysmon | auditd:SYSCALL | azure:activity | esxi:hostd | linux:cli | macos:osquery | networkdevice:cli | snmp:trap,Command Execution | Network Traffic Content | OS API Execution | Process Creation
T1052,Exfiltration Over Physical Medium,No,Linux; Windows; macOS,DET0123,3,Linux; Windows; macOS,WinEventLog:Security | WinEventLog:Sysmon | WinEventLog:System | auditd:SYSCALL | fs:fsusage | macos:osquery | macos:unifiedlog,Command Execution | Drive Creation | File Access | File Creation | Process Creation
T1052.001,Exfiltration over USB,Yes,Linux; Windows; macOS,DET0220,3,Linux; Windows; macOS,WinEventLog:Security | WinEventLog:Sysmon | WinEventLog:System | auditd:SYSCALL | fs:fsusage | macos:osquery | macos:unifiedlog,Drive Creation | File Access | File Creation | Process Creation
T1053,Scheduled Task/Job,No,Containers; ESXi; Linux; Network Devices; Windows; macOS,DET0094,5,Containers; ESXi; Linux; Windows; macOS,WinEventLog:Security | WinEventLog:Sysmon | auditd:SYSCALL | containerd:runtime | esxi:cron | esxi:hostd | esxi:vmkernel | fs:fsusage | linux:osquery | macos:osquery | macos:unifiedlog,Command Execution | File Creation | File Modification | Process Creation | Scheduled Job Creation
T1053.002,At,Yes,Linux; Windows; macOS,DET0333,3,Linux; Windows; macOS,WinEventLog:Security | WinEventLog:Sysmon | auditd:SYSCALL | fs:fsusage | macos:osquery | macos:unifiedlog,Command Execution | File Modification | Process Creation | Scheduled Job Creation
T1053.003,Cron,Yes,ESXi; Linux; macOS,DET0290,3,ESXi; Linux; macOS,auditd:SYSCALL | esxi:cron | esxi:hostd | esxi:vmkernel | fs:fsusage | macos:unifiedlog,File Modification | Process Creation | Scheduled Job Creation
T1053.005,Scheduled Task,Yes,Windows,DET0441,1,Windows,WinEventLog:Security | WinEventLog:Sysmon,File Creation | Process Creation | Scheduled Job Creation | Scheduled Job Modification | Windows Registry Key Modification
T1053.006,Systemd Timers,Yes,Linux,DET0231,1,Linux,auditd:SYSCALL | linux:osquery,File Creation | Process Creation | Scheduled Job Creation
T1053.007,Container Orchestration Job,Yes,Containers,DET0206,1,Containers,container:proxy | kubernetes:apiserver | kubernetes:events,Container Creation | Network Traffic Content | Scheduled Job Creation
T1055,Process Injection,No,Linux; Windows; macOS,DET0508,3,Linux; Windows; macOS,WinEventLog:Sysmon | auditd:SYSCALL | etw:Microsoft-Windows-Kernel-Process | linux:procfs | macos:endpointsecurity | macos:syslog | macos:unifiedlog,File Access | Module Load | OS API Execution | Process Access | Process Creation | Process Metadata | Process Modification
T1055.001,Dynamic-link Library Injection,Yes,Windows,DET0389,1,Windows,WinEventLog:Sysmon,Module Load | Named Pipe Metadata | Process Access | Process Creation
T1055.002,Portable Executable Injection,Yes,Windows,DET0106,1,Windows,WinEventLog:Sysmon,File Creation | Process Access | Process Creation | Process Modification
T1055.003,Thread Execution Hijacking,Yes,Windows,DET0295,1,Windows,WinEventLog:Sysmon | etw:Microsoft-Windows-Kernel-Process,OS API Execution | Process Access | Process Creation | Process Modification
T1055.004,Asynchronous Procedure Call,Yes,Windows,DET0100,1,Windows,WinEventLog:Sysmon | etw:Microsoft-Windows-Kernel-Process,OS API Execution | Process Access | Process Creation | Process Modification
T1055.005,Thread Local Storage,Yes,Windows,DET0467,1,Windows,EDR:memory | WinEventLog:Sysmon,Module Load | OS API Execution | Process Access | Process Modification
T1055.008,Ptrace System Calls,Yes,Linux,DET0203,1,Linux,auditd:SYSCALL | linux:osquery,OS API Execution | Process Creation | Process Metadata
T1055.009,Proc Memory,Yes,Linux,DET0541,1,Linux,auditd:SYSCALL | linux:osquery,File Access | File Modification | OS API Execution
T1055.011,Extra Window Memory Injection,Yes,Windows,DET0217,1,Windows,WinEventLog:Security | WinEventLog:Sysmon | etw:Microsoft-Windows-Win32k,OS API Execution | Process Access | Process Creation
T1055.012,Process Hollowing,Yes,Windows,DET0382,1,Windows,WinEventLog:Sysmon | etw:Microsoft-Windows-Kernel-Process,OS API Execution | Process Access | Process Creation | Process Modification
T1055.013,Process Doppelgänging,Yes,Windows,DET0544,1,Windows,WinEventLog:Sysmon | etw:Microsoft-Windows-Kernel-Process,File Creation | OS API Execution | Process Access | Process Creation
T1055.014,VDSO Hijacking,Yes,Linux,DET0448,1,Linux,auditd:SYSCALL | auditd:file-events | auditd:memprotect | linux:osquery,Module Load | OS API Execution | Process Creation | Process Modification
T1055.015,ListPlanting,Yes,Windows,DET0331,1,Windows,WinEventLog:Sysmon | etw:Microsoft-Windows-Win32k,OS API Execution | Process Access | Process Creation | Process Modification
T1056,Input Capture,No,Linux; Network Devices; Windows; macOS,DET0102,4,Linux; Network Devices; Windows; macOS,NSM:Firewall | NSM:Flow | WinEventLog:Security | WinEventLog:Sysmon | auditd:SYSCALL | macos:osquery | macos:unifiedlog,File Access | File Modification | Network Connection Creation | Network Traffic Content | OS API Execution | Process Access | Process Creation | Process Metadata
T1056.001,Keylogging,Yes,Linux; Network Devices; Windows; macOS,DET0089,4,Linux; Network Devices; Windows; macOS,NSM:Flow | WinEventLog:Security | WinEventLog:Sysmon | WinEventLog:System | auditd:SYSCALL | macos:osquery | macos:unifiedlog | networkdevice:syslog,File Access | Firmware Modification | Network Traffic Content | OS API Execution | Process Access | Process Creation | Process Metadata | Service Creation | Windows Registry Key Modification
T1056.002,GUI Input Capture,Yes,Linux; Windows; macOS,DET0521,3,Linux; Windows; macOS,WinEventLog:PowerShell | WinEventLog:Sysmon | auditd:SYSCALL | linux:cli | macos:osquery | macos:unifiedlog,Command Execution | Process Creation | Script Execution
T1056.003,Web Portal Capture,Yes,Linux; Windows; macOS,DET0480,3,Linux; Windows; macOS,NSM:Flow | WinEventLog:Sysmon | WinEventLog:iis | auditd:SYSCALL | fs:fsusage | macos:unifiedlog,File Creation | File Modification | Network Traffic Content
T1056.004,Credential API Hooking,Yes,Linux; Windows; macOS,DET0139,3,Linux; Windows; macOS,WinEventLog:Sysmon | auditd:SYSCALL | fs:fsusage | macos:osquery | macos:unifiedlog,File Access | Module Load | Process Access | Process Creation | Process Modification
T1057,Process Discovery,No,ESXi; Linux; Network Devices; Windows; macOS,DET0034,5,ESXi; Linux; Network Devices; Windows; macOS,WinEventLog:Security | WinEventLog:Sysmon | auditd:SYSCALL | esxi:auth | esxi:shell | linux:osquery | macos:osquery | macos:unifiedlog | networkdevice:cli | networkdevice:syslog,Command Execution | File Access | Process Access | Process Creation | Process Metadata
T1059,Command and Scripting Interpreter,No,Containers; ESXi; IaaS; Identity Provider; Linux; Network Devices; Office Suite; SaaS; Windows; macOS,DET0516,5,ESXi; Linux; Network Devices; Windows; macOS,WinEventLog:Sysmon | auditd:SYSCALL | esxi:vobd | macos:unifiedlog | networkdevice:cli | networkdevice:syslog,Command Execution | Process Creation | User Account Authentication
T1059.001,PowerShell,Yes,Windows,DET0455,1,Windows,WinEventLog:PowerShell | WinEventLog:Sysmon,Command Execution | Module Load | Process Creation | Process Metadata
T1059.002,AppleScript,Yes,macOS,DET0414,1,macOS,macos:unifiedlog,Process Creation
T1059.003,Windows Command Shell,Yes,Windows,DET0202,1,Windows,EDR:scriptblock | WinEventLog:Security | WinEventLog:Sysmon,Module Load | Process Creation | Script Execution
T1059.004,Unix Shell,Yes,ESXi; Linux; Network Devices; macOS,DET0384,4,ESXi; Linux; Network Devices; macOS,NSM:Flow | auditd:SYSCALL | esxi:auth | esxi:vmkernel | linux:osquery | linux:syslog | macos:osquery | macos:syslog | macos:unifiedlog | networkdevice:syslog,Command Execution | Logon Session Creation | Network Connection Creation | Network Traffic Flow | Process Creation | Script Execution
T1059.005,Visual Basic,Yes,Linux; Windows; macOS,DET0076,3,Linux; Windows; macOS,WinEventLog:Sysmon | auditd:SYSCALL | linux:syslog | macos:osquery | macos:syslog | macos:unifiedlog,Command Execution | Module Load | Process Creation | Script Execution
T1059.006,Python,Yes,ESXi; Linux; Windows; macOS,DET0063,4,ESXi; Linux; Windows; macOS,EDR:hunting | WinEventLog:Sysmon | auditd:SYSCALL | esxi:hostd | esxi:vobd | linux:syslog | macos:osquery | macos:syslog | macos:unifiedlog,Command Execution | Network Traffic Content | Process Creation | Script Execution
T1059.007,JavaScript,Yes,Linux; Windows; macOS,DET0264,3,Linux; Windows; macOS,WinEventLog:Sysmon | auditd:SYSCALL | linux:syslog | m365:defender | macos:osquery | macos:syslog | macos:unifiedlog,Command Execution | Module Load | Process Creation | Script Execution
T1059.008,Network Device CLI,Yes,Network Devices,DET0142,1,Network Devices,NSM:Flow | networkdevice:syslog,Command Execution | Network Traffic Content | User Account Authentication
T1059.009,Cloud API,Yes,IaaS; Identity Provider; Office Suite; SaaS,DET0078,1,IaaS,AWS:CloudTrail | Okta:SystemLog | azure:activity,Cloud Service Modification | Command Execution | User Account Authentication
T1059.010,AutoHotKey & AutoIT,Yes,Windows,DET0332,1,Windows,WinEventLog:Sysmon,File Creation | Process Access | Process Creation
T1059.011,Lua,Yes,Linux; Network Devices; Windows; macOS,DET0101,4,Linux; Network Devices; Windows; macOS,WinEventLog:Sysmon | auditd:SYSCALL | macos:unifiedlog | networkdevice:runtime,Command Execution | File Creation | File Metadata | Process Creation | Script Execution
T1059.012,Hypervisor CLI,Yes,ESXi,DET0558,1,ESXi,esxi:auth | esxi:vmkernel,Command Execution | User Account Authentication
T1059.013,Container CLI/API,Yes,Containers,DET0083,1,Containers,AWS:CloudTrail | auditd:SYSCALL | docker:events | kubernetes:apiserver | kubernetes:audit,Command Execution | Container Creation | Container Start | Pod Creation | Process Creation
T1068,Exploitation for Privilege Escalation,No,Containers; Linux; Windows; macOS,DET0514,4,Containers; Linux; Windows; macOS,WinEventLog:Security | WinEventLog:Sysmon | auditd:SYSCALL | containerd:runtime | macos:endpointsecurity | macos:unifiedlog,Container Enumeration | Driver Load | Logon Session Creation | Logon Session Metadata | Module Load | Process Access | Process Creation
T1069,Permission Groups Discovery,No,Containers; IaaS; Identity Provider; Linux; Office Suite; SaaS; Windows; macOS,DET0179,3,Linux; Windows; macOS,WinEventLog:PowerShell | WinEventLog:Security | auditd:SYSCALL | macos:unifiedlog,Command Execution | Process Creation
T1069.001,Local Groups,Yes,Linux; Windows; macOS,DET0114,3,Linux; Windows; macOS,WinEventLog:Security | auditd:SYSCALL | macos:unifiedlog,Process Creation
T1069.002,Domain Groups,Yes,Linux; Windows; macOS,DET0360,3,Linux; Windows; macOS,NSM:Flow | WinEventLog:PowerShell | WinEventLog:Security | auditd:SYSCALL | linux:syslog | macos:unifiedlog,Command Execution | Network Traffic Content | Process Creation
T1069.003,Cloud Groups,Yes,IaaS; Identity Provider; Office Suite; SaaS,DET0251,3,IaaS; Office Suite; SaaS,AWS:CloudTrail | m365:exchange | m365:sharepoint | saas:salesforce,Command Execution | Group Enumeration | Group Metadata
T1070,Indicator Removal,No,Containers; ESXi; Linux; Network Devices; Office Suite; Windows; macOS,DET0184,6,Containers; ESXi; Linux; Office Suite; Windows; macOS,WinEventLog:Security | WinEventLog:Sysmon | auditd:SYSCALL | docker:daemon | ebpf:syscalls | esxi:hostd | fs:fsusage | linux:cli | m365:exchange | m365:unified | macos:osquery | macos:unifiedlog,Application Log Content | File Deletion | File Metadata | File Modification | Scheduled Job Modification | Windows Registry Key Modification
T1070.003,Clear Command History,Yes,ESXi; Linux; Network Devices; Windows; macOS,DET0165,5,ESXi; Linux; Network Devices; Windows; macOS,WinEventLog:PowerShell | WinEventLog:Security | WinEventLog:Sysmon | auditd:SYSCALL | esxi:shell | fs:fsusage | macos:unifiedlog | networkdevice:syslog,Command Execution | File Deletion | File Modification | Process Creation
T1070.004,File Deletion,Yes,ESXi; Linux; Windows; macOS,DET0140,4,ESXi; Linux; Windows; macOS,WinEventLog:PowerShell | WinEventLog:Security | WinEventLog:Sysmon | auditd:SYSCALL | esxi:shell | fs:fsusage | macos:unifiedlog,Command Execution | File Access | File Deletion | File Modification | Process Creation
T1070.005,Network Share Connection Removal,Yes,Windows,DET0103,1,Windows,NSM:Flow | WinEventLog:PowerShell | WinEventLog:Security | WinEventLog:Sysmon,Command Execution | Logon Session Creation | Network Traffic Content | Process Creation
T1070.006,Timestomp,Yes,ESXi; Linux; Windows; macOS,DET0591,4,ESXi; Linux; Windows; macOS,EDR:file | WinEventLog:Security | WinEventLog:Sysmon | auditd:SYSCALL | esxi:vmkernel | linux:osquery | macos:osquery | macos:unifiedlog,Command Execution | File Access | File Metadata | File Modification | OS API Execution | Process Creation
T1070.007,Clear Network Connection History and Configurations,Yes,Linux; Network Devices; Windows; macOS,DET0049,4,Linux; Network Devices; Windows; macOS,EDR:cli | NSM:Flow | WinEventLog:Security | WinEventLog:Sysmon | auditd:SYSCALL | macos:osquery | macos:unifiedlog | networkdevice:syslog,Command Execution | File Modification | Firewall Rule Modification | Network Traffic Content | Process Creation | Windows Registry Key Modification
T1070.008,Clear Mailbox Data,Yes,Linux; Office Suite; Windows; macOS,DET0266,4,Linux; Office Suite; Windows; macOS,WinEventLog:PowerShell | WinEventLog:Security | WinEventLog:Sysmon | auditd:SYSCALL | m365:exchange | macos:osquery | macos:unifiedlog,Application Log Content | Command Execution | File Deletion | File Modification | Process Creation
T1070.009,Clear Persistence,Yes,ESXi; Linux; Windows; macOS,DET0040,4,ESXi; Linux; Windows; macOS,WinEventLog:Security | WinEventLog:Sysmon | WinEventLog:TaskScheduler | auditd:SYSCALL | esxi:shell | esxi:vmkernel | macos:osquery | macos:unifiedlog,Command Execution | File Deletion | Process Creation | Scheduled Job Creation | User Account Deletion | Windows Registry Key Modification
T1070.010,Relocate Malware,Yes,Linux; Network Devices; Windows; macOS,DET0439,4,Linux; Network Devices; Windows; macOS,WinEventLog:Sysmon | auditd:SYSCALL | macos:osquery | macos:unifiedlog | networkdevice:syslog,Command Execution | File Creation | File Deletion | File Modification
T1071,Application Layer Protocol,No,ESXi; Linux; Network Devices; Windows; macOS,DET0444,4,Linux; Network Devices; Windows; macOS,NSM:Flow | WinEventLog:Sysmon | auditd:SYSCALL | macos:osquery | macos:unifiedlog,Command Execution | Network Connection Creation | Network Traffic Content | Network Traffic Flow | Process Creation
T1071.001,Web Protocols,Yes,ESXi; Linux; Network Devices; Windows; macOS,DET0027,5,ESXi; Linux; Network Devices; Windows; macOS,NSM:Flow | WinEventLog:Sysmon | auditd:SYSCALL | esxi:shell | macos:osquery | macos:unifiedlog,Command Execution | Network Connection Creation | Network Traffic Content | Network Traffic Flow | Process Creation
T1071.002,File Transfer Protocols,Yes,ESXi; Linux; Network Devices; Windows; macOS,DET0416,5,ESXi; Linux; Network Devices; Windows; macOS,NSM:Flow | WinEventLog:Sysmon | auditd:SYSCALL | esxi:shell | macos:osquery | macos:unifiedlog,Command Execution | Network Connection Creation | Network Traffic Content | Network Traffic Flow | Process Creation
T1071.003,Mail Protocols,Yes,Linux; Network Devices; Windows; macOS,DET0135,4,Linux; Network Devices; Windows; macOS,NSM:Flow | WinEventLog:Sysmon | auditd:SYSCALL | macos:osquery | macos:unifiedlog,Network Connection Creation | Network Traffic Content | Network Traffic Flow | Process Creation
T1071.004,DNS,Yes,ESXi; Linux; Network Devices; Windows; macOS,DET0400,5,ESXi; Linux; Network Devices; Windows; macOS,NSM:FLow | NSM:Flow | WinEventLog:Sysmon | auditd:SYSCALL | esxi:syslog | macos:unifiedlog,Network Connection Creation | Network Traffic Content | Network Traffic Flow | Process Creation
T1071.005,Publish/Subscribe Protocols,Yes,Linux; Network Devices; Windows; macOS,DET0002,4,Linux; Network Devices; Windows; macOS,NSM:Flow | WinEventLog:Sysmon | auditd:SYSCALL | macos:osquery | macos:unifiedlog,Network Connection Creation | Network Traffic Content | Network Traffic Flow | Process Creation
T1072,Software Deployment Tools,No,Linux; Network Devices; SaaS; Windows; macOS,DET0223,5,Linux; Network Devices; SaaS; Windows; macOS,AWS:CloudTrail | NSM:Flow | WinEventLog:Application | WinEventLog:Security | auditd:SYSCALL | macos:jamf | macos:unifiedlog | networkdevice:syslog,Application Log Content | Command Execution | Network Traffic Flow | Process Creation
T1074,Data Staged,No,ESXi; IaaS; Linux; Windows; macOS,DET0014,5,ESXi; IaaS; Linux; Windows; macOS,AWS:CloudTrail | WinEventLog:Security | WinEventLog:Sysmon | auditd:SYSCALL | esxi:shell | esxi:vmkernel | gcp:audit | macos:unifiedlog,Cloud Storage Access | Command Execution | File Access | File Creation | Process Creation
T1074.001,Local Data Staging,Yes,ESXi; Linux; Windows; macOS,DET0261,4,ESXi; Linux; Windows; macOS,WinEventLog:Security | WinEventLog:Sysmon | auditd:SYSCALL | esxi:shell | esxi:vmkernel | macos:unifiedlog,Command Execution | File Access | File Creation | Process Creation | Snapshot Creation
T1074.002,Remote Data Staging,Yes,ESXi; IaaS; Linux; Windows; macOS,DET0071,5,ESXi; IaaS; Linux; Windows; macOS,AWS:CloudTrail | AWS:VPCFlowLogs | NSM:Flow | WinEventLog:Microsoft-Windows-SMBClient/Security | WinEventLog:PowerShell | WinEventLog:Sysmon | auditd:SYSCALL | esxi:hostd | esxi:shell | esxi:vmkernel | esxi:vob | macos:unifiedlog,Cloud Storage Access | Command Execution | File Access | File Creation | Network Share Access | Network Traffic Content | Process Creation
T1078,Valid Accounts,No,Containers; ESXi; IaaS; Identity Provider; Linux; Network Devices; Office Suite; SaaS; Windows; macOS,DET0560,5,Containers; Identity Provider; Linux; Windows; macOS,NSM:Connections | WinEventLog:Security | WinEventLog:Sysmon | auditd:SYSCALL | kubernetes:audit | macos:unifiedlog | saas:okta,Logon Session Creation | Logon Session Metadata | Process Creation | User Account Authentication
T1078.001,Default Accounts,Yes,Containers; ESXi; IaaS; Identity Provider; Linux; Network Devices; Office Suite; SaaS; Windows; macOS,DET0465,5,ESXi; Identity Provider; Linux; Network Devices; Windows,AWS:CloudTrail | WinEventLog:Security | auditd:USER_LOGIN | esxi:auth | networkdevice:syslog,Logon Session Creation | Logon Session Metadata | User Account Authentication
T1078.002,Domain Accounts,Yes,ESXi; Linux; Windows; macOS,DET0210,4,ESXi; Linux; Windows; macOS,WinEventLog:Security | WinEventLog:Sysmon | auditd:SYSCALL | esxi:hostd | esxi:vpxd | linux:syslog | macos:unifiedlog,Logon Session Metadata | Network Connection Creation | Process Creation | User Account Authentication
T1078.003,Local Accounts,Yes,Containers; ESXi; Linux; Network Devices; Windows; macOS,DET0407,3,Linux; Windows; macOS,WinEventLog:Security | auditd:USER_LOGIN | linux:auth | macos:unifiedlog,Logon Session Creation | Logon Session Metadata | User Account Authentication
T1078.004,Cloud Accounts,Yes,IaaS; Identity Provider; Office Suite; SaaS,DET0546,4,IaaS; Identity Provider; Office Suite; SaaS,AWS:CloudTrail | azure:signinlogs | gcp:audit | m365:signinlogs | m365:unified | saas:okta,Logon Session Creation | Logon Session Metadata | User Account Authentication
T1080,Taint Shared Content,No,Linux; Office Suite; SaaS; Windows; macOS,DET0471,5,Linux; Office Suite; SaaS; Windows; macOS,NSM:Flow | WinEventLog:Security | WinEventLog:Sysmon | auditd:SYSCALL | fs:fsevents | gcp:workspaceaudit | m365:defender | m365:unified | macos:unifiedlog,File Creation | File Modification | Network Share Access
T1082,System Information Discovery,No,ESXi; IaaS; Linux; Network Devices; Windows; macOS,DET0525,6,ESXi; IaaS; Linux; Network Devices; Windows; macOS,AWS:CloudTrail | WinEventLog:PowerShell | WinEventLog:Security | WinEventLog:Sysmon | auditd:SYSCALL | esxi:vmkernel | macos:unifiedlog | networkdevice:syslog,Command Execution | Instance Enumeration | Process Creation | Windows Registry Key Modification
T1083,File and Directory Discovery,No,ESXi; Linux; Network Devices; Windows; macOS,DET0370,5,ESXi; Linux; Network Devices; Windows; macOS,WinEventLog:Security | WinEventLog:Sysmon | auditd:PATH | auditd:SYSCALL | esxi:hostd | esxi:shell | fs:fsusage | macos:unifiedlog | networkdevice:syslog,Command Execution | File Access | File Creation | Process Creation
T1087,Account Discovery,No,ESXi; IaaS; Identity Provider; Linux; Office Suite; SaaS; Windows; macOS,DET0587,8,ESXi; IaaS; Identity Provider; Linux; Office Suite; SaaS; Windows; macOS,AWS:CloudTrail | WinEventLog:Security | WinEventLog:Sysmon | auditd:SYSCALL | azure:signinlogs | esxi:vpxd | gcp:audit | linux:Sysmon | m365:unified | macos:unifiedlog | saas:okta,Cloud Service Enumeration | Command Execution | File Access | Group Enumeration | Process Creation | Script Execution | User Account Metadata
T1087.001,Local Account,Yes,ESXi; Linux; Windows; macOS,DET0303,4,ESXi; Linux; Windows; macOS,WinEventLog:Sysmon | auditd:PATH | esxi:shell | linux:Sysmon | macos:unifiedlog | vpxd.log,File Access | Process Creation | User Account Metadata
T1087.002,Domain Account,Yes,Linux; Windows; macOS,DET0129,3,Linux; Windows; macOS,NSM:Flow | WinEventLog:PowerShell | WinEventLog:Sysmon | auditd:SYSCALL | linuxsyslog | macos:unifiedlog,Command Execution | Network Traffic Content | Process Creation
T1087.003,Email Account,Yes,Office Suite; Windows,DET0229,2,Office Suite; Windows,WinEventLog:PowerShell | WinEventLog:Sysmon | azure:signinlogs | gcp:audit | m365:unified,Application Log Content | Command Execution | Process Creation | User Account Authentication | User Account Metadata
T1087.004,Cloud Account,Yes,IaaS; Identity Provider; Office Suite; SaaS,DET0386,4,IaaS; Identity Provider; Office Suite; SaaS,AWS:CloudTrail | Google Admin Audit | Microsoft Entra ID Audit Logs | Microsoft Graph API Logs | WinEventLog:PowerShell | azure:activity | azure:signinlogs | m365:defender | saas:okta,Application Log Content | Command Execution | User Account Authentication | User Account Metadata
T1090,Proxy,No,ESXi; Linux; Network Devices; Windows; macOS,DET0445,5,ESXi; Linux; Network Devices; Windows; macOS,NSM:Connections | NSM:Firewall | NSM:Flow | WinEventLog:Sysmon | auditd:SYSCALL | esxi:shell | esxi:vmkernel | macos:unifiedlog | networkdevice:cli,Command Execution | Firewall Rule Modification | Network Connection Creation | Network Traffic Flow | Process Creation
T1090.001,Internal Proxy,Yes,ESXi; Linux; Network Devices; Windows; macOS,DET0075,5,ESXi; Linux; Network Devices; Windows; macOS,Firewall Audit Logs | NSM:Connections | NSM:Flow | WinEventLog:Sysmon | Windows Firewall Log | auditd:SYSCALL | esxi:shell | esxi:vmkernel | macos:osquery | macos:unifiedlog | networkdevice:cli,Command Execution | Firewall Rule Modification | Network Connection Creation | Network Traffic Content | Network Traffic Flow | Process Creation | Service Creation
T1090.002,External Proxy,Yes,ESXi; Linux; Network Devices; Windows; macOS,DET0325,5,ESXi; Linux; Network Devices; Windows; macOS,Firewall Audit Logs | NSM:Flow | WinEventLog:Microsoft-Windows-Windows Defender/Operational | WinEventLog:Sysmon | auditd:SYSCALL | esxi:shell | esxi:vmkernel | macos:osquery | macos:unifiedlog | networkdevice:syslog,Firewall Rule Modification | Network Connection Creation | Network Traffic Content | Network Traffic Flow | Process Creation
T1090.003,Multi-hop Proxy,Yes,ESXi; Linux; Network Devices; Windows; macOS,DET0359,5,ESXi; Linux; Network Devices; Windows; macOS,NSM:Firewall | NSM:Flow | Netfilter/iptables | WinEventLog:Sysmon | auditd:SYSCALL | dns:query | esxi:esxupdate | esxi:vmkernel | macos:osquery | macos:unifiedlog | networkdevice:syslog,Firmware Modification | Network Connection Creation | Network Traffic Content | Network Traffic Flow | Process Creation
T1090.004,Domain Fronting,Yes,ESXi; Linux; Windows; macOS,DET0196,4,ESXi; Linux; Windows; macOS,NSM:Connections | NSM:Firewall | NSM:Flow | WinEventLog:Sysmon | auditd:SYSCALL | esxi:shell | macos:osquery | macos:unifiedlog,Network Connection Creation | Network Traffic Content | Process Creation
T1091,Replication Through Removable Media,No,Windows,DET0301,1,Windows,WinEventLog:Microsoft-Windows-Windows Defender/Operational | WinEventLog:Sysmon | WinEventLog:System,Drive Creation | File Access | File Creation | Process Creation
T1092,Communication Through Removable Media,No,Linux; Windows; macOS,DET0090,3,Linux; Windows; macOS,WinEventLog:Sysmon | WinEventLog:System | auditd:SYSCALL | fs:fsusage | macos:unifiedlog,Drive Creation | File Creation | Process Creation
T1095,Non-Application Layer Protocol,No,ESXi; Linux; Network Devices; Windows; macOS,DET0457,5,ESXi; Linux; Network Devices; Windows; macOS,NSM:Firewall | NSM:Flow | WinEventLog:Sysmon | auditd:SYSCALL | esxi:vmkernel | macos:unifiedlog,Network Connection Creation | Network Traffic Content | Network Traffic Flow
T1098,Account Manipulation,No,Containers; ESXi; IaaS; Identity Provider; Linux; Network Devices; Office Suite; SaaS; Windows; macOS,DET0096,6,ESXi; Identity Provider; Linux; SaaS; Windows; macOS,WinEventLog:Security | WinEventLog:Sysmon | auditd:PATH | auditd:SYSCALL | esxi:vpxa | m365:unified | macos:unifiedlog | saas:okta,Active Directory Object Modification | File Modification | Process Creation | User Account Modification
T1098.001,Additional Cloud Credentials,Yes,IaaS; Identity Provider; SaaS,DET0531,3,IaaS; Identity Provider; SaaS,AWS:CloudTrail | azure:audit | gcp:audit | m365:unified,Active Directory Object Creation | Active Directory Object Modification | User Account Modification
T1098.002,Additional Email Delegate Permissions,Yes,Office Suite; Windows,DET0373,2,Office Suite; Windows,WinEventLog:Security | m365:unified,Application Log Content | Process Creation | User Account Modification
T1098.003,Additional Cloud Roles,Yes,IaaS; Identity Provider; Office Suite; SaaS,DET0277,3,IaaS; Identity Provider; Office Suite,AWS:CloudTrail | m365:audit | m365:unified,User Account Modification
T1098.004,SSH Authorized Keys,Yes,ESXi; IaaS; Linux; Network Devices; macOS,DET0126,5,ESXi; IaaS; Linux; Network Devices; macOS,auditd:SYSCALL | esxi:shell | gcp:audit | macos:auth | macos:unifiedlog | networkdevice:cli,Command Execution | File Modification | Process Creation
T1098.005,Device Registration,Yes,Identity Provider; Windows,DET0036,2,Identity Provider; Windows,ApplicationLog:EntraIDPortal | ApplicationLog:Intune/MDM Logs | WinEventLog:Security | azure:audit,Active Directory Object Creation | Application Log Content | User Account Modification
T1098.006,Additional Container Cluster Roles,Yes,Containers,DET0572,1,Containers,kubernetes:audit,User Account Modification
T1098.007,Additional Local or Domain Groups,Yes,Linux; Windows; macOS,DET0310,3,Linux; Windows; macOS,WinEventLog:Security | auditd:SYSCALL | macos:unifiedlog,User Account Modification
T1102,Web Service,No,ESXi; Linux; Windows; macOS,DET0425,4,ESXi; Linux; Windows; macOS,NSM:Flow | WinEventLog:Sysmon | auditd:SYSCALL | esxi:vmkernel | macos:osquery | macos:unifiedlog | vpxd.log,Network Connection Creation | Network Traffic Content | Network Traffic Flow
T1102.001,Dead Drop Resolver,Yes,ESXi; Linux; Windows; macOS,DET0058,4,ESXi; Linux; Windows; macOS,NSM:Firewall | NSM:Flow | WinEventLog:Sysmon | auditd:SYSCALL | esxi:vobd | etw:Microsoft-Windows-NDIS-PacketCapture | macos:osquery | macos:unifiedlog,Network Connection Creation | Network Traffic Content | Network Traffic Flow
T1102.002,Bidirectional Communication,Yes,ESXi; Linux; Windows; macOS,DET0035,3,Linux; Windows; macOS,NSM:Connections | NSM:Flow | WinEventLog:Sysmon | auditd:SYSCALL | etw:Microsoft-Windows-WinINet | macos:unifiedlog,Network Connection Creation | Network Traffic Content | Network Traffic Flow | Process Creation
T1102.003,One-Way Communication,Yes,ESXi; Linux; Windows; macOS,DET0581,4,ESXi; Linux; Windows; macOS,WinEventLog:Sysmon | auditd:SYSCALL | esxi:hostd | etw:Microsoft-Windows-WinINet | iptables:LOG | macos:endpointsecurity | macos:unifiedlog,Network Connection Creation | Network Traffic Content | Network Traffic Flow | Process Creation
T1104,Multi-Stage Channels,No,ESXi; Linux; Windows; macOS,DET0228,4,ESXi; Linux; Windows; macOS,WinEventLog:Sysmon | auditd:SYSCALL | esxi:cron | esxi:hostd | iptables:LOG | macos:endpointsecurity | macos:unifiedlog,Network Connection Creation | Network Traffic Flow | Process Creation
T1105,Ingress Tool Transfer,No,ESXi; Linux; Network Devices; Windows; macOS,DET0060,5,ESXi; Linux; Network Devices; Windows; macOS,NSM:Flow | WinEventLog:Sysmon | auditd:SYSCALL | esxi:hostd | esxi:vmkernel | iptables:LOG | macos:endpointsecurity | macos:unifiedlog | snmp:syslog,Command Execution | File Creation | Network Connection Creation | Network Traffic Flow | Process Creation
T1106,Native API,No,Linux; Windows; macOS,DET0529,3,Linux; Windows; macOS,WinEventLog:Sysmon | auditd:SYSCALL | macos:endpointsecurity | macos:unifiedlog,Module Load | Process Access | Process Creation
T1110,Brute Force,No,Containers; ESXi; IaaS; Identity Provider; Linux; Network Devices; Office Suite; SaaS; Windows; macOS,DET0463,5,Identity Provider; Linux; SaaS; Windows; macOS,WinEventLog:Security | auditd:USER_LOGIN | azure:signinlogs | m365:unified | macos:unifiedlog,User Account Authentication
T1110.001,Password Guessing,Yes,Containers; ESXi; IaaS; Identity Provider; Linux; Network Devices; Office Suite; SaaS; Windows; macOS,DET0551,6,Identity Provider; Linux; Network Devices; SaaS; Windows; macOS,GCPAuditLogs:login.googleapis.com | WinEventLog:Security | azure:signinlogs | linux:syslog | macos:unifiedlog | networkdevice:syslog,User Account Authentication
T1110.002,Password Cracking,Yes,Identity Provider; Linux; Network Devices; Office Suite; Windows; macOS,DET0105,5,Identity Provider; Linux; Network Devices; Windows; macOS,WinEventLog:Security | WinEventLog:Sysmon | auditd:SYSCALL | azure:signinlogs | linux:syslog | macos:unifiedlog | networkdevice:syslog,File Access | File Creation | Process Access | Process Creation | User Account Authentication
T1110.003,Password Spraying,Yes,Containers; ESXi; IaaS; Identity Provider; Linux; Network Devices; Office Suite; SaaS; Windows; macOS,DET0487,8,Containers; Identity Provider; Linux; Network Devices; Office Suite; SaaS; Windows; macOS,WinEventLog:Security | azure:signinlogs | kubernetes:audit | linux:syslog | m365:exchange | macos:unifiedlog | networkdevice:syslog | saas:auth,User Account Authentication
T1110.004,Credential Stuffing,Yes,Containers; ESXi; IaaS; Identity Provider; Linux; Network Devices; Office Suite; SaaS; Windows; macOS,DET0460,9,Containers; IaaS; Identity Provider; Linux; Network Devices; Office Suite; SaaS; Windows; macOS,AWS:CloudTrail | WinEventLog:Security | azure:signinlogs | kubernetes:apiserver | linux:syslog | m365:exchange | macos:unifiedlog | networkdevice:syslog | saas-app:auth,User Account Authentication
T1111,Multi-Factor Authentication Interception,No,Linux; Windows; macOS,DET0246,3,Linux; Windows; macOS,WinEventLog:Security | WinEventLog:Sysmon | linux:syslog | macos:osquery | macos:unifiedlog,Driver Load | Logon Session Creation | OS API Execution | Process Access | Process Creation | Windows Registry Key Modification
T1112,Modify Registry,No,Windows,DET0280,1,Windows,WinEventLog:Sysmon,Process Creation | Windows Registry Key Modification
T1113,Screen Capture,No,Linux; Windows; macOS,DET0346,3,Linux; Windows; macOS,WinEventLog:Sysmon | auditd:SYSCALL | macos:unifiedlog,Module Load | Process Creation
T1114,Email Collection,No,Linux; Office Suite; Windows; macOS,DET0476,4,Linux; Office Suite; Windows; macOS,WinEventLog:Application | WinEventLog:PowerShell | WinEventLog:Security | WinEventLog:Sysmon | auditd:SYSCALL | azure:ad | linux:osquery | linux:syslog | m365:exchange | m365:unified | macos:endpointsecurity | macos:unifiedlog,Application Log Content | Command Execution | File Access | Logon Session Creation | Network Connection Creation | Network Share Access | Process Creation
T1114.001,Local Email Collection,Yes,Windows,DET0047,1,Windows,WinEventLog:Security | WinEventLog:Sysmon,File Access | File Creation | Network Connection Creation | Process Creation
T1114.002,Remote Email Collection,Yes,Office Suite; Windows,DET0048,2,Office Suite; Windows,WinEventLog:PowerShell | WinEventLog:Sysmon | azure:signinlogs | m365:purview | m365:unified,Application Log Content | Command Execution | Logon Session Creation | Network Connection Creation
T1114.003,Email Forwarding Rule,Yes,Linux; Office Suite; Windows; macOS,DET0576,4,Linux; Office Suite; Windows; macOS,WinEventLog:PowerShell | WinEventLog:Security | auditd:SYSCALL | fs:plist_monitoring | linux:cli | m365:exchange | m365:messagetrace | m365:unified | macos:unifiedlog,Application Log Content | Cloud Service Metadata | Command Execution | File Modification | Process Creation
T1115,Clipboard Data,No,Linux; Windows; macOS,DET0341,3,Linux; Windows; macOS,WinEventLog:Sysmon | auditd:SYSCALL | macos:unifiedlog,Process Access | Process Creation
T1119,Automated Collection,No,IaaS; Linux; Office Suite; SaaS; Windows; macOS,DET0186,4,Linux; SaaS; Windows; macOS,WinEventLog:Sysmon | auditd:SYSCALL | azure:signinlogs | macos:unifiedlog,File Access | File Creation | Process Creation | Script Execution | User Account Authentication
T1120,Peripheral Device Discovery,No,Linux; Windows; macOS,DET0491,3,Linux; Windows; macOS,WinEventLog:Security | WinEventLog:Sysmon | auditd:SYSCALL | linux:osquery | macos:osquery | macos:unifiedlog,Drive Access | File Access | Process Access | Process Creation
T1123,Audio Capture,No,Linux; Windows; macOS,DET0221,3,Linux; Windows; macOS,Apple TCC Logs | WinEventLog:Security | WinEventLog:Sysmon | auditd:SYSCALL | fs:fsusage | linux:Sysmon | macos:unifiedlog,File Access | File Creation | OS API Execution | Process Access | Process Creation
T1124,System Time Discovery,No,ESXi; Linux; Network Devices; Windows; macOS,DET0151,5,ESXi; Linux; Network Devices; Windows; macOS,EDR:Telemetry | WinEventLog:PowerShell | WinEventLog:Security | WinEventLog:Sysmon | WinEventLog:TaskScheduler | auditd:SYSCALL | esxi:hostd | esxi:shell | esxi:syslog | etw:Microsoft-Windows-Kernel-Process | linux:cron | linux:syslog | macos:unifiedlog | networkdevice:config | networkdevice:syslog,Command Execution | File Creation | File Modification | Module Load | OS API Execution | Process Access | Process Creation | Process Metadata | Scheduled Job Creation | Scheduled Job Metadata | User Account Authentication
T1125,Video Capture,No,Linux; Windows; macOS,DET0197,3,Linux; Windows; macOS,NSM:Flow | WinEventLog:Microsoft-Windows-Windows Camera Frame Server/Operational | WinEventLog:Security | WinEventLog:Sysmon | auditd:SYSCALL | linux:osquery | linux:syslog | macos:endpointsecurity | macos:unifiedlog,Command Execution | File Access | File Creation | Module Load | Network Connection Creation | Network Traffic Content | OS API Execution | Process Creation | Process Metadata
T1127,Trusted Developer Utilities Proxy Execution,No,Windows,DET0172,1,Windows,WinEventLog:AppLocker | WinEventLog:Security | WinEventLog:Sysmon,File Creation | Module Load | Network Connection Creation | Process Creation | Process Metadata
T1127.001,MSBuild,Yes,Windows,DET0556,1,Windows,EDR:AMSI | WinEventLog:Microsoft-Windows-CodeIntegrity/Operational | WinEventLog:Security | WinEventLog:Sysmon,File Creation | Module Load | Network Connection Creation | Process Access | Process Creation | Process Metadata | Process Modification | Script Execution
T1127.002,ClickOnce,Yes,Windows,DET0191,1,Windows,WinEventLog:Microsoft-Windows-Security-Mitigations/KernelMode | WinEventLog:Security | WinEventLog:Sysmon,Module Load | Process Creation | Process Metadata
T1127.003,JamPlus,Yes,Windows,DET0585,1,Windows,WinEventLog:Microsoft-Windows-CodeIntegrity/Operational | WinEventLog:Security | WinEventLog:Sysmon,File Creation | Network Connection Creation | Process Creation | Process Metadata
T1129,Shared Modules,No,Linux; Windows; macOS,DET0018,3,Linux; Windows; macOS,NSM:Flow | WinEventLog:Microsoft-Windows-CodeIntegrity/Operational | WinEventLog:Security | WinEventLog:Sysmon | auditd:EXECVE | auditd:SYSCALL | linux:syslog | macos:endpointsecurity | macos:unifiedlog,File Access | File Creation | Module Load | Network Connection Creation | Network Traffic Content | Process Creation | Process Metadata
T1132,Data Encoding,No,ESXi; Linux; Windows; macOS,DET0108,4,ESXi; Linux; Windows; macOS,ESXiLogs:authlog | NSM:Flow | WinEventLog:Sysmon | auditd:SYSCALL | esxi:shell | esxi:vmkernel | linux:syslog | macos:unifiedlog,Command Execution | Network Connection Creation | Network Traffic Content | Process Creation | User Account Authentication
T1132.001,Standard Encoding,Yes,ESXi; Linux; Windows; macOS,DET0124,4,ESXi; Linux; Windows; macOS,M365Defender:DeviceNetworkEvents | NSM:Flow | NSX:FlowLogs | PF:Logs | WinEventLog:PowerShell | WinEventLog:Security | WinEventLog:Sysmon | auditd:SYSCALL | esxi:hostd | esxi:shell | macos:unifiedlog,Application Log Content | Network Connection Creation | Network Traffic Content | Network Traffic Flow | Process Creation | Script Execution
T1132.002,Non-Standard Encoding,Yes,ESXi; Linux; Windows; macOS,DET0326,4,ESXi; Linux; Windows; macOS,NSM:Flow | PF:Logs | WinEventLog:PowerShell | WinEventLog:Security | WinEventLog:Sysmon | auditd:SYSCALL | esxi:hostd | esxi:shell | m365:defender | macos:endpointsecurity,Application Log Content | Network Connection Creation | Network Traffic Content | Network Traffic Flow | Process Creation | Script Execution
T1133,External Remote Services,No,Containers; Linux; Windows; macOS,DET0354,4,Containers; Linux; Windows; macOS,ApplicationLog:API | NSM:Connections | NSM:Flow | PF:Logs | WinEventLog:Application | WinEventLog:Security | WinEventLog:Sysmon | auditd:SYSCALL | kubernetes:audit | macos:unifiedlog,Application Log Content | Logon Session Metadata | Network Connection Creation | Network Traffic Flow | User Account Authentication
T1134,Access Token Manipulation,No,Windows,DET0283,1,Windows,ETW:Token | WinEventLog:Security | WinEventLog:Sysmon,Active Directory Object Modification | Logon Session Metadata | OS API Execution | Process Access | Process Creation
T1134.001,Token Impersonation/Theft,Yes,Windows,DET0482,1,Windows,ETW:Token | WinEventLog:Security | WinEventLog:Sysmon,OS API Execution | Process Access | Process Creation
T1134.002,Create Process with Token,Yes,Windows,DET0456,1,Windows,ETW:ProcThread | WinEventLog:Security | WinEventLog:Sysmon,Active Directory Object Modification | Logon Session Metadata | OS API Execution | Process Access | Process Creation
T1134.003,Make and Impersonate Token,Yes,Windows,DET0498,1,Windows,WinEventLog:Security | etw:Microsoft-Windows-Security-Auditing,Logon Session Metadata | OS API Execution | Process Creation
T1134.004,Parent PID Spoofing,Yes,Windows,DET0489,1,Windows,WinEventLog:Security | etw:Microsoft-Windows-Kernel-Process,OS API Execution | Process Creation | Process Metadata
T1134.005,SID-History Injection,Yes,Windows,DET0136,1,Windows,WinEventLog:Security | etw:Microsoft-Windows-Directory-Services-SAM,Active Directory Object Modification | OS API Execution | User Account Metadata
T1135,Network Share Discovery,No,Linux; Windows; macOS,DET0182,3,Linux; Windows; macOS,NSM:Firewall | NSM:Flow | WinEventLog:PowerShell | WinEventLog:Security | WinEventLog:Sysmon | auditd:SYSCALL | etw:Microsoft-Windows-RPC | macos:endpointsecurity | macos:unifiedlog,Command Execution | Named Pipe Metadata | Network Connection Creation | Network Traffic Flow | OS API Execution | Process Creation
T1136,Create Account,No,Containers; ESXi; IaaS; Identity Provider; Linux; Network Devices; Office Suite; SaaS; Windows; macOS,DET0583,5,IaaS; Identity Provider; Linux; Windows; macOS,AWS:CloudTrail | WinEventLog:Security | WinEventLog:Sysmon | auditd:SYSCALL | azure:audit | macos:unifiedlog,Command Execution | File Modification | Process Creation | User Account Creation | User Account Modification
T1136.001,Local Account,Yes,Containers; ESXi; Linux; Network Devices; Windows; macOS,DET0447,6,Containers; ESXi; Linux; Network Devices; Windows; macOS,WinEventLog:Security | WinEventLog:Sysmon | auditd:SYSCALL | ebpf:syscalls | esxi:vmkernel | macos:unifiedlog | networkdevice:syslog,Command Execution | File Modification | Process Creation | User Account Creation
T1136.002,Domain Account,Yes,Linux; Windows; macOS,DET0003,3,Linux; Windows; macOS,NSM:Flow | WinEventLog:Security | WinEventLog:Sysmon | auditd:SYSCALL | macos:unifiedlog,Command Execution | Logon Session Creation | Process Creation | User Account Authentication | User Account Creation
T1136.003,Cloud Account,Yes,IaaS; Identity Provider; Office Suite; SaaS,DET0319,4,IaaS; Identity Provider; Office Suite; SaaS,AWS:CloudTrail | azure:audit | azure:signinlogs | m365:unified | saas:zoom,Group Modification | User Account Authentication | User Account Creation | User Account Modification
T1137,Office Application Startup,No,Office Suite; Windows,DET0398,2,Office Suite; Windows,WinEventLog:Application | WinEventLog:Sysmon | m365:mailboxaudit | m365:unified,Application Log Content | File Creation | Process Creation | User Account Modification | Windows Registry Key Modification
T1137.001,Office Template Macros,Yes,Office Suite; Windows,DET0519,2,Office Suite; Windows,WinEventLog:Microsoft-Office-Alerts | WinEventLog:Sysmon | m365:unified,Command Execution | File Creation | File Metadata | Process Creation | Windows Registry Key Modification
T1137.002,Office Test,Yes,Office Suite; Windows,DET0315,2,Office Suite; Windows,WinEventLog:Microsoft-Office-Alerts | WinEventLog:Sysmon | m365:office | m365:unified,Command Execution | File Creation | Module Load | Process Creation | Windows Registry Key Modification
T1137.003,Outlook Forms,Yes,Office Suite; Windows,DET0029,2,Office Suite; Windows,WinEventLog:Application | WinEventLog:PowerShell | WinEventLog:Sysmon | m365:messagetrace | m365:unified,Application Log Content | Command Execution | Module Load | Process Creation
T1137.004,Outlook Home Page,Yes,Office Suite; Windows,DET0177,2,Office Suite; Windows,WinEventLog:Application | WinEventLog:PowerShell | WinEventLog:Sysmon | m365:messagetrace | m365:unified,Application Log Content | Command Execution | Module Load | Process Creation
T1137.005,Outlook Rules,Yes,Office Suite; Windows,DET0095,2,Office Suite; Windows,WinEventLog:Application | WinEventLog:PowerShell | WinEventLog:Sysmon | m365:messagetrace | m365:unified,Application Log Content | Command Execution | Module Load | Process Creation
T1137.006,Add-ins,Yes,Office Suite; Windows,DET0050,2,Office Suite; Windows,WinEventLog:Application | WinEventLog:Microsoft-Office/OutlookAddinMonitor | WinEventLog:Sysmon,Application Log Content | Command Execution | File Creation | File Modification | Process Creation | Windows Registry Key Modification
T1140,Deobfuscate/Decode Files or Information,No,ESXi; Linux; Windows; macOS,DET0275,3,Linux; Windows; macOS,WinEventLog:Sysmon | auditd:SYSCALL | macos:unifiedlog,Command Execution | File Creation | Process Access | Process Creation
T1176,Software Extensions,No,Linux; Windows; macOS,DET0092,3,Linux; Windows; macOS,NSM:Flow | WinEventLog:Security | WinEventLog:Sysmon | auditd:SYSCALL | fs:fileevents | macos:unifiedlog,Command Execution | File Creation | Network Connection Creation | Network Traffic Flow | Process Creation | Windows Registry Key Modification
T1176.001,Browser Extensions,Yes,Linux; Windows; macOS,DET0044,3,Linux; Windows; macOS,NSM:Flow | WinEventLog:Security | WinEventLog:Sysmon | auditd:SYSCALL | macos:unifiedlog,Command Execution | File Access | File Creation | Network Connection Creation | Network Traffic Content | Process Creation | Windows Registry Key Modification
T1176.002,IDE Extensions,Yes,Linux; Windows; macOS,DET0561,3,Linux; Windows; macOS,NSM:Flow | WinEventLog:Security | WinEventLog:Sysmon | auditd:SYSCALL | macos:unifiedlog,File Creation | Network Connection Creation | Network Traffic Flow | Process Creation
T1185,Browser Session Hijacking,No,Windows,DET0507,1,Windows,WinEventLog:Security | WinEventLog:Sysmon,Logon Session Creation | Logon Session Metadata | Module Load | Network Connection Creation | Process Access | Process Modification | User Account Metadata
T1187,Forced Authentication,No,Windows,DET0022,1,Windows,NSM:Flow | WinEventLog:Security | WinEventLog:Sysmon,File Creation | File Modification | Network Traffic Content | Network Traffic Flow
T1189,Drive-by Compromise,No,Identity Provider; Linux; Windows; macOS,DET0176,4,Identity Provider; Linux; Windows; macOS,AWS:CloudTrail | NSM:Connections | NSM:Flow | WinEventLog:Application | WinEventLog:Security | WinEventLog:Sysmon | auditd:SYSCALL | azure:signinlogs | etw:Microsoft-Windows-Kernel-Process | linux:Sysmon | linux:syslog | m365:unified | macos:unifiedlog | saas:auth,Application Log Content | File Creation | Logon Session Creation | Network Connection Creation | Network Traffic Content | Process Creation | Process Modification | User Account Authentication | User Account Metadata
T1190,Exploit Public-Facing Application,No,Containers; ESXi; IaaS; Linux; Network Devices; Windows; macOS,DET0080,7,Containers; ESXi; IaaS; Linux; Network Devices; Windows; macOS,ALB:HTTPLogs | AWS:VPCFlowLogs | ApplicationLog:IIS | ApplicationLog:Ingress | ApplicationLog:WebServer | NSM:Flow | WinEventLog:Sysmon | auditd:SYSCALL | docker:events | esxi:hostd | macos:unifiedlog | networkdevice:controlplane,Application Log Content | Module Load | Network Connection Creation | Network Traffic Content | Network Traffic Flow | Process Creation
T1195,Supply Chain Compromise,No,Linux; SaaS; Windows; macOS,DET0537,3,Linux; Windows; macOS,NSM:Flow | WinEventLog:Microsoft-Windows-CodeIntegrity/Operational | WinEventLog:Sysmon | auditd:SYSCALL | journald:package | macos:endpointsecurity | macos:osquery | macos:unifiedlog,File Creation | File Metadata | File Modification | Module Load | Network Traffic Flow | Process Creation | Process Modification
T1195.001,Compromise Software Dependencies and Development Tools,Yes,Linux; Windows; macOS,DET0009,3,Linux; Windows; macOS,NSM:Flow | WinEventLog:Microsoft-Windows-CodeIntegrity/Operational | WinEventLog:Sysmon | auditd:SYSCALL | journald:package | macos:endpointsecurity | macos:unifiedlog,File Creation | File Metadata | Module Load | Network Traffic Flow | Process Creation | Process Modification | Windows Registry Key Modification
T1195.002,Compromise Software Supply Chain,Yes,Linux; Windows; macOS,DET0309,3,Linux; Windows; macOS,NSM:Flow | WinEventLog:Microsoft-Windows-CodeIntegrity/Operational | WinEventLog:Sysmon | auditd:SYSCALL | journald:package | macos:endpointsecurity | macos:unifiedlog,Driver Load | File Creation | File Metadata | Module Load | Network Connection Creation | Network Traffic Flow | Process Creation | Windows Registry Key Modification
T1195.003,Compromise Hardware Supply Chain,Yes,Linux; Windows; macOS,DET0368,3,Linux; Windows; macOS,WinEventLog:Microsoft-Windows-CodeIntegrity/Operational | WinEventLog:Security | WinEventLog:Sysmon | auditd:SYSCALL | fwupd:logs | macos:endpointsecurity | macos:unifiedlog,Driver Load | File Metadata | Host Status | Module Load | Process Access
T1197,BITS Jobs,No,Windows,DET0098,1,Windows,WinEventLog:PowerShell | WinEventLog:Security | WinEventLog:Sysmon | WinEventLog:System,Command Execution | Network Connection Creation | Process Creation | Service Creation
T1199,Trusted Relationship,No,IaaS; Identity Provider; Linux; Office Suite; SaaS; Windows; macOS,DET0488,7,IaaS; Identity Provider; Linux; Office Suite; SaaS; Windows; macOS,AWS:CloudTrail | NSM:Flow | WinEventLog:Security | WinEventLog:Sysmon | auditd:SYSCALL | azure:audit | azure:signinlogs | gcp:audit | linux:syslog | m365:unified | macos:unifiedlog | saas:googleworkspace | saas:salesforce,Application Log Content | Logon Session Creation | Logon Session Metadata | Network Connection Creation | Network Traffic Content
T1200,Hardware Additions,No,Linux; Windows; macOS,DET0069,3,Linux; Windows; macOS,NSM:Flow | WinEventLog:Security | WinEventLog:Sysmon | WinEventLog:System | auditd:SYSCALL | linux:syslog | macos:unifiedlog | wineventlog:dhcp,Application Log Content | Drive Creation | Driver Load | File Creation | Module Load | Network Connection Creation | Network Traffic Flow | Process Creation
T1201,Password Policy Discovery,No,IaaS; Identity Provider; Linux; Network Devices; Office Suite; SaaS; Windows; macOS,DET0161,7,IaaS; Identity Provider; Linux; Network Devices; SaaS; Windows; macOS,AWS:CloudTrail | WinEventLog:PowerShell | WinEventLog:Security | WinEventLog:Sysmon | auditd:SYSCALL | azure:audit | linux:syslog | m365:unified | macos:MDM | macos:unifiedlog | networkdevice:syslog,Active Directory Object Access | Command Execution | Process Creation | User Account Metadata
T1202,Indirect Command Execution,No,Windows,DET0200,1,Windows,WinEventLog:Sysmon,File Creation | Network Connection Creation | Process Creation
T1203,Exploitation for Client Execution,No,Linux; Windows; macOS,DET0287,3,Linux; Windows; macOS,NSM:Connections | NetFlow:Flow | WinEventLog:Application | WinEventLog:Sysmon | auditd:SYSCALL | fs:fsevents | linux:syslog | macos:osquery | macos:unifiedlog,Application Log Content | File Access | File Creation | File Modification | Network Connection Creation | Network Traffic Flow | Process Creation
T1204,User Execution,No,Containers; IaaS; Linux; Windows; macOS,DET0478,5,Containers; IaaS; Linux; Windows; macOS,AWS:CloudTrail | NSM:Flow | WinEventLog:Application | WinEventLog:Security | WinEventLog:Sysmon | auditd:SYSCALL | docker:events | fs:fileevents | gcp:vpcflow | linux:syslog | macos:osquery | macos:unifiedlog,Application Log Content | Container Creation | Container Start | File Access | File Creation | File Modification | Instance Creation | Instance Start | Network Connection Creation | Network Traffic Content | Process Creation
T1204.001,Malicious Link,Yes,Linux; Windows; macOS,DET0066,3,Linux; Windows; macOS,NSM:Connections | NSM:Flow | WinEventLog:Security | WinEventLog:Sysmon | auditd:SYSCALL | fs:fsevents | macos:unifiedlog,File Creation | Network Connection Creation | Network Traffic Content | Process Creation
T1204.002,Malicious File,Yes,Linux; Windows; macOS,DET0294,3,Linux; Windows; macOS,WinEventLog:Sysmon | auditd:SYSCALL | macos:endpointsecurity | macos:unifiedlog,File Creation | File Metadata | Process Creation
T1204.003,Malicious Image,Yes,Containers; IaaS,DET0248,2,Linux; Windows,AWS:CloudTrail | NSM:Flow | WinEventLog:Sysmon | auditd:SYSCALL | azure:activity | containerd:events | kubernetes:audit | kubernetes:events,Command Execution | Container Creation | Container Start | Image Creation | Instance Creation | Instance Start | Network Traffic Content | Process Creation
T1204.004,Malicious Copy and Paste,Yes,Linux; Windows; macOS,DET0340,3,Linux; Windows; macOS,NSM:Flow | WinEventLog:PowerShell | WinEventLog:Security | WinEventLog:Sysmon | auditd:SYSCALL | macos:osquery | macos:unifiedlog,Command Execution | File Creation | Network Connection Creation | Network Traffic Content | Process Creation
T1204.005,Malicious Library,Yes,Linux; Windows; macOS,DET0252,3,Linux; Windows; macOS,NSM:Flow | WinEventLog:Sysmon | auditd:PATH | auditd:SYSCALL | macos:unifiedlog,File Creation | File Metadata | Network Connection Creation | Network Traffic Content | Process Creation
T1205,Traffic Signaling,No,Linux; Network Devices; Windows; macOS,DET0524,4,Linux; Network Devices; Windows; macOS,NSM:Flow | WinEventLog:Microsoft-Windows-Windows Firewall With Advanced Security/Firewall | WinEventLog:PowerShell | WinEventLog:Sysmon | auditd:SYSCALL | macos:unifiedlog | networkdevice:syslog,Command Execution | Network Connection Creation | Network Traffic Content | Network Traffic Flow | Process Creation
T1205.001,Port Knocking,Yes,Linux; Network Devices; Windows; macOS,DET0302,4,Linux; Network Devices; Windows; macOS,NSM:Flow | WinEventLog:Microsoft-Windows-Windows Firewall With Advanced Security/Firewall | WinEventLog:Sysmon | auditd:SYSCALL | macos:unifiedlog | networkdevice:syslog,Network Connection Creation | Network Traffic Flow | Process Creation
T1205.002,Socket Filters,Yes,Linux; Windows; macOS,DET0162,3,Linux; Windows; macOS,NSM:Flow | OpenBSM:AuditTrail | WinEventLog:Sysmon | WinEventLog:System | auditd:SYSCALL | linux:osquery | macos:unifiedlog,Driver Load | Module Load | Network Connection Creation | Network Traffic Content | Process Creation | Service Creation
T1207,Rogue Domain Controller,No,Windows,DET0276,1,Windows,NSM:Flow | WinEventLog:Security | m365:dirsync,Active Directory Credential Request | Active Directory Object Access | Active Directory Object Creation | Active Directory Object Modification | Network Traffic Content
T1210,Exploitation of Remote Services,No,ESXi; Linux; Windows; macOS,DET0118,4,ESXi; Linux; Windows; macOS,NSM:Flow | WinEventLog:Sysmon | WinEventLog:System | auditd:SYSCALL | esxi:hostd | linux:syslog | macos:osquery | macos:unifiedlog,Application Log Content | File Creation | Module Load | Network Connection Creation | Network Traffic Content | Process Access | Process Creation
T1211,Exploitation for Stealth,No,IaaS; Linux; SaaS; Windows; macOS,DET0595,5,IaaS; Linux; SaaS; Windows; macOS,AWS:CloudTrail | WinEventLog:Security | WinEventLog:Sysmon | auditd:SYSCALL | linux:syslog | m365:unified | macos:osquery | macos:unifiedlog,Application Log Content | Module Load | Process Creation
T1212,Exploitation for Credential Access,No,Identity Provider; Linux; Windows; macOS,DET0174,4,Identity Provider; Linux; Windows; macOS,NSM:Connections | WinEventLog:Security | WinEventLog:Sysmon | auditd:SYSCALL | azure:signinlogs | m365:unified | macos:osquery | macos:unifiedlog,Application Log Content | Process Access | Process Creation | User Account Authentication
T1213,Data from Information Repositories,No,IaaS; Linux; Office Suite; SaaS; Windows; macOS,DET0413,4,Linux; SaaS; Windows; macOS,WinEventLog:Security | auditd:SYSCALL | linux:Sysmon | m365:unified | macos:osquery | macos:unifiedlog | saas:confluence | saas:slack,Application Log Content | Cloud Service Modification | Cloud Storage Access | Command Execution | File Access | Network Connection Creation | Network Share Access | Process Creation
T1213.001,Confluence,Yes,SaaS,DET0358,1,SaaS,saas:confluence,Application Log Content | Logon Session Creation | Network Traffic Content
T1213.002,Sharepoint,Yes,Office Suite; Windows,DET0500,1,Windows,azure:signinlogs | m365:sharepoint | m365:unified,Application Log Content | Cloud Service Metadata | Logon Session Creation
T1213.003,Code Repositories,Yes,SaaS,DET0263,1,SaaS,saas:github,Application Log Content | Cloud Service Metadata | Logon Session Creation
T1213.004,Customer Relationship Management Software,Yes,SaaS,DET0550,1,SaaS,m365:signinlogs | saas:salesforce,Application Log Content | Logon Session Creation
T1213.005,Messaging Applications,Yes,Office Suite; SaaS,DET0567,2,Office Suite; SaaS,m365:signinlogs | m365:unified | saas:slack,Application Log Content | Logon Session Creation
T1213.006,Databases,Yes,IaaS; Linux; SaaS; Windows; macOS,DET0242,5,IaaS; Linux; SaaS; Windows; macOS,AWS:CloudTrail | AWS:VPCFlowLogs | NSM:Flow | WinEventLog:Security | WinEventLog:Sysmon | auditd:PATH | auditd:SYSCALL | m365:unified | macos:unifiedlog | saas:Snowflake,Application Log Content | Cloud Service Metadata | Cloud Storage Access | File Access | File Creation | Network Connection Creation | Network Traffic Content | Process Creation
T1216,System Script Proxy Execution,No,Windows,DET0466,1,Windows,WinEventLog:PowerShell | WinEventLog:Sysmon,Command Execution | File Creation | Module Load | Process Access | Process Creation
T1216.001,PubPrn,Yes,Windows,DET0528,1,Windows,WinEventLog:PowerShell | WinEventLog:Sysmon,Command Execution | Module Load | Network Connection Creation | Process Creation
T1216.002,SyncAppvPublishingServer,Yes,Windows,DET0440,1,Windows,WinEventLog:PowerShell | WinEventLog:Sysmon,Command Execution | Module Load | Process Access | Process Creation
T1217,Browser Information Discovery,No,Linux; Windows; macOS,DET0013,3,Linux; Windows; macOS,WinEventLog:PowerShell | WinEventLog:Sysmon | auditd:SYSCALL | linux:syslog | macos:osquery | macos:unifiedlog,Command Execution | File Access | File Creation | Process Creation
T1218,System Binary Proxy Execution,No,Linux; Windows; macOS,DET0081,3,Linux; Windows; macOS,WinEventLog:Sysmon | auditd:SYSCALL | macos:osquery | macos:unifiedlog,Module Load | Network Connection Creation | Process Creation
T1218.001,Compiled HTML File,Yes,Windows,DET0342,1,Windows,WinEventLog:Sysmon,File Creation | Module Load | Network Connection Creation | Process Creation
T1218.002,Control Panel,Yes,Windows,DET0194,1,Windows,WinEventLog:Sysmon,File Creation | Module Load | Process Creation | Windows Registry Key Creation
T1218.003,CMSTP,Yes,Windows,DET0328,1,Windows,WinEventLog:PowerShell | WinEventLog:Sysmon,Command Execution | File Creation | Network Connection Creation | Process Access | Process Creation | Windows Registry Key Creation | Windows Registry Key Modification
T1218.004,InstallUtil,Yes,Windows,DET0138,1,Windows,WinEventLog:PowerShell | WinEventLog:Sysmon,Command Execution | File Creation | Module Load | Process Creation
T1218.005,Mshta,Yes,Windows,DET0506,1,Windows,WinEventLog:Security | WinEventLog:Sysmon,File Creation | Network Connection Creation | Process Creation
T1218.007,Msiexec,Yes,Windows,DET0158,1,Windows,WinEventLog:Security | WinEventLog:Sysmon,Module Load | Network Connection Creation | Process Creation
T1218.008,Odbcconf,Yes,Windows,DET0486,1,Windows,WinEventLog:Security | WinEventLog:Sysmon,Module Load | Network Connection Creation | Process Creation
T1218.009,Regsvcs/Regasm,Yes,Windows,DET0361,1,Windows,WinEventLog:PowerShell | WinEventLog:Security | WinEventLog:Sysmon,Command Execution | File Creation | Module Load | Network Connection Creation | Process Creation | Windows Registry Key Creation | Windows Registry Key Modification
T1218.010,Regsvr32,Yes,Windows,DET0282,1,Windows,WinEventLog:Security | WinEventLog:Sysmon,Module Load | Network Connection Creation | Process Creation
T1218.011,Rundll32,Yes,Windows,DET0475,1,Windows,WinEventLog:Sysmon,File Creation | Module Load | Network Connection Creation | Process Creation
T1218.012,Verclsid,Yes,Windows,DET0042,1,Windows,WinEventLog:Sysmon,Module Load | Network Connection Creation | Process Creation | Windows Registry Key Modification
T1218.013,Mavinject,Yes,Windows,DET0433,1,Windows,WinEventLog:PowerShell | WinEventLog:Security | WinEventLog:Sysmon,Command Execution | File Creation | Module Load | Network Connection Creation | Process Access | Process Creation
T1218.014,MMC,Yes,Windows,DET0222,1,Windows,WinEventLog:Microsoft-Windows-COM/Operational | WinEventLog:PowerShell | WinEventLog:Sysmon,Command Execution | File Creation | Module Load | Network Connection Creation | OS API Execution | Process Creation | Windows Registry Key Creation | Windows Registry Key Modification
T1218.015,Electron Applications,Yes,Linux; Windows; macOS,DET0025,3,Linux; Windows; macOS,WinEventLog:Sysmon | auditd:SYSCALL | macos:osquery | macos:unifiedlog,File Creation | Module Load | Network Connection Creation | Process Creation
T1219,Remote Access Tools,No,Linux; Windows; macOS,DET0496,3,Linux; Windows; macOS,WinEventLog:Sysmon | WinEventLog:System | auditd:PATH | auditd:SYSCALL | macos:osquery | macos:unifiedlog,File Creation | Network Connection Creation | Process Creation | Service Creation | Windows Registry Key Creation | Windows Registry Key Modification
T1219.001,IDE Tunneling,Yes,Linux; Windows; macOS,DET0133,3,Linux; Windows; macOS,NSM:Flow | WinEventLog:Sysmon | auditd:SYSCALL | macos:unifiedlog,File Creation | Network Connection Creation | Process Creation
T1219.002,Remote Desktop Software,Yes,Linux; Windows; macOS,DET0259,3,Linux; Windows; macOS,NSM:Flow | WinEventLog:Microsoft-Windows-Windows Firewall With Advanced Security/Firewall | WinEventLog:Sysmon | auditd:SYSCALL | macos:unifiedlog,File Creation | Firewall Rule Modification | Network Connection Creation | Process Creation
T1219.003,Remote Access Hardware,Yes,Linux; Windows; macOS,DET0159,3,Linux; Windows; macOS,WinEventLog:System | auditd:SYSCALL | macos:unifiedlog,Drive Creation
T1220,XSL Script Processing,No,Windows,DET0205,1,Windows,WinEventLog:Sysmon,Module Load | Process Creation
T1221,Template Injection,No,Windows,DET0566,1,Windows,WinEventLog:Sysmon,Network Connection Creation | Process Creation
T1222,File and Directory Permissions Modification,No,ESXi; Linux; Windows; macOS,DET0299,4,ESXi; Linux; Windows; macOS,WinEventLog:PowerShell | WinEventLog:Security | WinEventLog:Sysmon | auditd:PROCTITLE | auditd:SYSCALL | esxi:hostd | esxi:shell | esxi:vpxd | fs:fsevents | macos:unifiedlog,Active Directory Object Modification | Command Execution | File Creation | File Metadata | Process Creation
T1222.001,Windows Permissions,Yes,Windows,DET0418,1,Windows,WinEventLog:PowerShell | WinEventLog:Security | WinEventLog:Sysmon | WinEventLog:WMI,Active Directory Object Modification | Command Execution | File Creation | File Metadata | Process Creation | WMI Creation
T1222.002,Linux and Mac Permissions,Yes,Linux; macOS,DET0351,2,Linux; macOS,OpenBSM:AuditTrail | auditd:PROCTITLE | auditd:SYSCALL | fs:fsevents | linux:osquery | macos:unifiedlog,Command Execution | File Metadata | File Modification | Process Creation
T1480,Execution Guardrails,No,ESXi; Linux; Windows; macOS,DET0562,4,ESXi; Linux; Windows; macOS,WinEventLog:PowerShell | WinEventLog:Security | WinEventLog:Sysmon | WinEventLog:WMI | auditd:PROCTITLE | auditd:SYSCALL | esxi:hostd | esxi:shell | fs:fileevents | linux:syslog | macos:unifiedlog,Command Execution | File Access | File Creation | Logon Session Creation | Module Load | Network Connection Creation | Process Creation | Process Modification | User Account Authentication | WMI Creation | Windows Registry Key Modification
T1480.001,Environmental Keying,Yes,Linux; Windows; macOS,DET0474,3,Linux; Windows; macOS,WinEventLog:PowerShell | WinEventLog:Security | WinEventLog:Sysmon | WinEventLog:WMI | auditd:SYSCALL | fs:fsevents | linux:osquery | linux:syslog | macos:unifiedlog,Command Execution | File Access | Logon Session Creation | Module Load | Network Connection Creation | Process Access | Process Creation | WMI Creation
T1480.002,Mutual Exclusion,Yes,Linux; Windows; macOS,DET0132,3,Linux; Windows; macOS,WinEventLog:Sysmon | auditd:SYSCALL | macos:unifiedlog,File Access | File Creation | OS API Execution | Process Creation | Process Termination
T1482,Domain Trust Discovery,No,Windows,DET0007,1,Windows,WinEventLog:PowerShell | WinEventLog:Security | WinEventLog:Sysmon,Active Directory Object Access | Command Execution | Module Load | Process Access | Process Creation
T1484,Domain or Tenant Policy Modification,No,Identity Provider; Windows,DET0270,2,Identity Provider; Windows,WinEventLog:Security | WinEventLog:Sysmon | azure:signinlogs | m365:unified,Active Directory Object Modification | Application Log Content | File Modification | Process Creation | User Account Authentication
T1484.001,Group Policy Modification,Yes,Windows,DET0305,1,Windows,WinEventLog:Security | WinEventLog:Sysmon,Active Directory Object Modification | File Creation | File Modification | Process Creation | User Account Modification
T1484.002,Trust Modification,Yes,Identity Provider; Windows,DET0458,2,Identity Provider; Windows,WinEventLog:Security | WinEventLog:Sysmon | azure:signinlogs | m365:unified,Active Directory Object Modification | Application Log Content | Command Execution | Process Creation | User Account Modification
T1485,Data Destruction,No,Containers; ESXi; IaaS; Linux; Windows; macOS,DET0146,6,Containers; ESXi; IaaS; Linux; Windows; macOS,AWS:CloudTrail | WinEventLog:Sysmon | auditd:SYSCALL | docker:events | esxi:vmkernel | macos:unifiedlog,Cloud Storage Deletion | Command Execution | File Creation | File Deletion | Process Creation | Process Termination | Volume Deletion
T1485.001,Lifecycle-Triggered Deletion,Yes,IaaS,DET0041,1,IaaS,AWS:CloudTrail,Cloud Storage Modification
T1486,Data Encrypted for Impact,No,ESXi; IaaS; Linux; Windows; macOS,DET0215,5,ESXi; IaaS; Linux; Windows; macOS,AWS:CloudTrail | WinEventLog:Sysmon | auditd:SYSCALL | esxi:shell | esxi:vmkernel | macos:unifiedlog,Cloud Storage Modification | Command Execution | File Creation | File Modification | Process Creation
T1489,Service Stop,No,ESXi; IaaS; Linux; Windows; macOS,DET0021,4,ESXi; Linux; Windows; macOS,WinEventLog:Security | WinEventLog:Sysmon | WinEventLog:System | auditd:SYSCALL | esxi:hostd | linux:syslog | macos:unifiedlog,File Deletion | Logon Session Metadata | Process Creation | Process Termination | Service Creation | Service Metadata
T1490,Inhibit System Recovery,No,Containers; ESXi; IaaS; Linux; Network Devices; Windows; macOS,DET0329,5,ESXi; IaaS; Linux; Network Devices; Windows,AWS:CloudTrail | WinEventLog:Microsoft-Windows-Backup | WinEventLog:Sysmon | WinEventLog:System | auditd:CONFIG_CHANGE | auditd:SYSCALL | esxi:hostd | networkdevice:syslog,Cloud Storage Deletion | Command Execution | File Deletion | Process Creation | Service Metadata | Snapshot Deletion | Windows Registry Key Modification
T1491,Defacement,No,ESXi; IaaS; Linux; Windows; macOS,DET0238,5,ESXi; IaaS; Linux; Windows; macOS,AWS:CloudTrail | CloudTrail:PutObject | WinEventLog:Application | WinEventLog:Security | WinEventLog:Sysmon | apache:access_log | auditd:SYSCALL | esxi:vmkernel | linux:syslog | macos:unifiedlog,Application Log Content | Cloud Storage Access | File Creation | File Modification | Network Traffic Content | Process Creation
T1491.001,Internal Defacement,Yes,ESXi; Linux; Windows; macOS,DET0082,4,ESXi; Linux; Windows; macOS,ESXiLogs:messages | WinEventLog:Security | WinEventLog:Sysmon | auditd:SYSCALL | esxi:hostd | linux:syslog | macos:unifiedlog,Command Execution | File Access | File Creation | File Modification | Process Creation | Script Execution | User Account Modification
T1491.002,External Defacement,Yes,IaaS; Linux; Windows; macOS,DET0590,4,IaaS; Linux; Windows; macOS,AWS:CloudTrail | NSM:Connections | NSM:Flow | WinEventLog:Security | WinEventLog:Sysmon | auditd:SYSCALL | macos:unifiedlog,Cloud Storage Access | Cloud Storage Enumeration | File Creation | File Modification | Logon Session Metadata | Network Traffic Content | Process Creation
T1495,Firmware Corruption,No,Linux; Network Devices; Windows; macOS,DET0167,4,Linux; Network Devices; Windows; macOS,NSM:Flow | WinEventLog:Microsoft-Windows-Kernel-Boot | WinEventLog:Security | WinEventLog:Sysmon | auditd:SYSCALL | macos:unifiedlog | networkdevice:firmware,Driver Load | Firmware Modification | Network Traffic Content | Process Creation
T1496,Resource Hijacking,No,Containers; IaaS; Linux; SaaS; Windows; macOS,DET0267,6,Containers; IaaS; Linux; SaaS; Windows; macOS,AWS:CloudTrail | AWS:CloudWatch | AWS:VPCFlowLogs | NSM:Flow | WinEventLog:Sysmon | Windows:perfmon | auditd:SYSCALL | container:cni | containerd:events | linux:procfs | m365:unified | macos:unifiedlog | prometheus:metrics | saas:application,Application Log Content | Cloud Service Modification | Host Status | Instance Start | Network Connection Creation | Network Traffic Content | Network Traffic Flow | Process Creation
T1496.001,Compute Hijacking,Yes,Containers; IaaS; Linux; Windows; macOS,DET0540,5,Containers; IaaS; Linux; Windows; macOS,AWS:CloudTrail | AWS:CloudWatch | NSM:Flow | WinEventLog:Security | WinEventLog:Sysmon | auditd:SYSCALL | containerd:events | linux:cron | macos:unifiedlog,Container Creation | Host Status | Instance Start | Network Connection Creation | Network Traffic Content | Network Traffic Flow | Process Creation | Scheduled Job Creation
T1496.002,Bandwidth Hijacking,Yes,Containers; IaaS; Linux; Windows; macOS,DET0028,5,Containers; IaaS; Linux; Windows; macOS,AWS:CloudTrail | AWS:VPCFlowLogs | NSM:Flow | WinEventLog:Sysmon | auditd:SYSCALL | containers:osquery | docker:stats | macos:unifiedlog,Instance Start | Network Connection Creation | Network Traffic Content | Network Traffic Flow | Process Creation
T1496.003,SMS Pumping,Yes,SaaS,DET0156,1,SaaS,saas:application | saas:audit,Application Log Content | User Account Authentication
T1496.004,Cloud Service Hijacking,Yes,SaaS,DET0147,1,SaaS,AWS:CloudTrail,Application Log Content | Cloud Service Modification | User Account Metadata
T1497,Virtualization/Sandbox Evasion,No,Linux; Windows; macOS,DET0046,3,Linux; Windows; macOS,WinEventLog:Sysmon | auditd:SYSCALL | macos:unifiedlog,Command Execution | Module Load | Process Creation
T1497.001,System Checks,Yes,Linux; Windows; macOS,DET0168,3,Linux; Windows; macOS,WinEventLog:Sysmon | auditd:SYSCALL | macos:unifiedlog,Module Load | Process Access | Process Creation
T1497.002,User Activity Based Checks,Yes,Linux; Windows; macOS,DET0420,3,Linux; Windows; macOS,WinEventLog:Security | WinEventLog:Sysmon | auditd:SYSCALL | macos:unifiedlog,Command Execution | File Access | Logon Session Metadata | OS API Execution | Process Access | Process Creation
T1497.003,Time Based Checks,Yes,Linux; Windows; macOS,DET0141,3,Linux; Windows; macOS,WinEventLog:Sysmon | auditd:SYSCALL | macos:unifiedlog,File Metadata | Module Load | OS API Execution | Process Creation
T1498,Network Denial of Service,No,Containers; IaaS; Linux; Windows; macOS,DET0518,2,Linux; Windows,NSM:Flow | WinEventLog:Sysmon | auditd:SYSCALL,Network Connection Creation | Network Traffic Flow | Process Creation
T1498.001,Direct Network Flood,Yes,IaaS; Linux; Windows; macOS,DET0343,4,IaaS; Linux; Windows; macOS,AWS:CloudWatch | AWS:VPCFlowLogs | WinEventLog:Security | WinEventLog:Sysmon | auditd:SYSCALL | macos:unifiedlog,Host Status | Network Connection Creation | Network Traffic Flow | Process Creation
T1498.002,Reflection Amplification,Yes,IaaS; Linux; Windows; macOS,DET0408,4,IaaS; Linux; Windows; macOS,AWS:CloudTrail | AWS:CloudWatch | AWS:VPCFlowLogs | NSM:Flow | WinEventLog:Sysmon | Windows:perfmon | auditd:SYSCALL | macos:unifiedlog | sar:network,Command Execution | Firewall Rule Modification | Host Status | Network Connection Creation | Network Traffic Flow | Process Creation
T1499,Endpoint Denial of Service,No,Containers; IaaS; Linux; Windows; macOS,DET0208,5,Containers; IaaS; Linux; Windows; macOS,AWS:CloudTrail | AWS:CloudWatch | VPCFlowLogs:All | WinEventLog:Application | WinEventLog:Sysmon | WinEventLog:System | auditd:SYSCALL | docker:events | journald:systemd | kubernetes:events | linux:syslog | macos:unifiedlog,Application Log Content | Host Status | Instance Start | Network Traffic Flow | Process Creation
T1499.001,OS Exhaustion Flood,Yes,Linux; Windows; macOS,DET0356,3,Linux; Windows; macOS,NSM:Firewall | NSM:Flow | WinEventLog:Microsoft-Windows-TCPIP | WinEventLog:Sysmon | auditd:SYSCALL | macos:osquery | macos:unifiedlog,Host Status | Network Traffic Content | Network Traffic Flow | Process Creation
T1499.002,Service Exhaustion Flood,Yes,IaaS; Linux; Windows; macOS,DET0173,4,IaaS; Linux; Windows; macOS,AWS:CloudTrail | AWS:CloudWatch | AWS:VPCFlowLogs | NSM:Flow | WinEventLog:Application | WinEventLog:Sysmon | Windows:perfmon | auditd:SYSCALL | linux:syslog | macos:unifiedlog,Application Log Content | Firewall Rule Modification | Host Status | Network Connection Creation | Network Traffic Content | Network Traffic Flow | Process Access
T1499.003,Application Exhaustion Flood,Yes,IaaS; Linux; Windows; macOS,DET0415,4,IaaS; Linux; Windows; macOS,AWS:CloudMetrics | AWS:CloudTrail | AWS:CloudWatch | NSM:Flow | WinEventLog:Application | WinEventLog:Sysmon | Windows:perfmon | auditd:SYSCALL | linux:syslog | macos:osquery | macos:unifiedlog,Application Log Content | Cloud Service Metadata | Host Status | Network Traffic Content | Process Creation
T1499.004,Application or System Exploitation,Yes,IaaS; Linux; Windows; macOS,DET0304,4,IaaS; Linux; Windows; macOS,AWS:CloudTrail | AWS:CloudWatch | AWS:VPCFlowLogs | NSM:Flow | WinEventLog:Application | WinEventLog:Sysmon | WinEventLog:System | auditd:SYSCALL | journald:Application | macos:unifiedlog,Application Log Content | Instance Stop | Network Traffic Content | Process Creation | Process Termination | Service Creation
T1505,Server Software Component,No,ESXi; Linux; Network Devices; Windows; macOS,DET0547,4,ESXi; Linux; Windows; macOS,NSM:Flow | WinEventLog:Application | WinEventLog:Security | WinEventLog:Sysmon | auditd:SYSCALL | esxi:hostd | esxi:vmkernel | linux:syslog | macos:unifiedlog,Application Log Content | Command Execution | Network Traffic Content | Network Traffic Flow | Process Creation | Scheduled Job Creation
T1505.001,SQL Stored Procedures,Yes,Linux; Windows,DET0181,2,Linux; Windows,ApplicationLogs:SQL | WinEventLog:Application | WinEventLog:Sysmon | auditd:SYSCALL,Module Load | Process Creation | Script Execution
T1505.002,Transport Agent,Yes,Linux; Windows,DET0166,2,Linux; Windows,WinEventLog:Application | WinEventLog:PowerShell | WinEventLog:Sysmon | auditd:EXECVE | auditd:SYSCALL | linux:Sysmon | linux:syslog,Application Log Content | Command Execution | File Creation | File Modification | Module Load | Process Creation
T1505.003,Web Shell,Yes,Linux; Network Devices; Windows; macOS,DET0394,3,Linux; Windows; macOS,NSM:Flow | WinEventLog:Security | WinEventLog:Sysmon | auditd:SYSCALL | macos:unifiedlog,File Creation | File Modification | Logon Session Creation | Network Traffic Content | Process Creation
T1505.004,IIS Components,Yes,Windows,DET0068,1,Windows,WinEventLog:Microsoft-IIS-Configuration | WinEventLog:Security | WinEventLog:Sysmon | WinEventLog:System,Application Log Content | File Creation | File Modification | Module Load | Process Creation | Service Modification
T1505.005,Terminal Services DLL,Yes,Windows,DET0212,1,Windows,WinEventLog:Security | WinEventLog:Sysmon,File Creation | Module Load | Process Creation | Windows Registry Key Modification
T1505.006,vSphere Installation Bundles,Yes,ESXi,DET0535,1,ESXi,esxi:esxupdate | esxi:shell | linux:fim,Application Log Content | Command Execution | File Modification
T1518,Software Discovery,No,ESXi; IaaS; Linux; Windows; macOS,DET0392,5,ESXi; IaaS; Linux; Windows; macOS,AWS:CloudTrail | WinEventLog:PowerShell | WinEventLog:Security | auditd:SYSCALL | esxi:hostd | esxi:shell | linux:shell | macos:unifiedlog,Application Log Content | Cloud Service Enumeration | Command Execution | Process Creation
T1518.001,Security Software Discovery,Yes,IaaS; Linux; Windows; macOS,DET0016,3,Linux; Windows; macOS,WinEventLog:Security | WinEventLog:Sysmon | auditd:SYSCALL | macos:unifiedlog,Command Execution | Module Load | Process Creation
T1518.002,Backup Software Discovery,Yes,Linux; Windows; macOS,DET0088,3,Linux; Windows; macOS,WinEventLog:Security | WinEventLog:Sysmon | auditd:PATH | auditd:SYSCALL | macos:unifiedlog,File Access | File Creation | Process Creation | Windows Registry Key Modification
T1525,Implant Internal Image,No,Containers; IaaS,DET0334,2,Containers; IaaS,AWS:CloudTrail | docker:daemon | docker:registry,Image Creation | Image Modification | Instance Start
T1526,Cloud Service Discovery,No,IaaS; Identity Provider; Office Suite; SaaS,DET0402,4,IaaS; Identity Provider; Office Suite; SaaS,AWS:CloudTrail | azure:audit | azure:signinlogs | m365:signinlogs | m365:unified | saas:adminapi | saas:auth,Cloud Service Enumeration | Logon Session Creation | User Account Metadata
T1528,Steal Application Access Token,No,Containers; IaaS; Identity Provider; Office Suite; SaaS,DET0515,5,Containers; IaaS; Identity Provider; Office Suite; SaaS,AWS:CloudTrail | azure:audit | kubernetes:audit | m365:unified | saas:googleworkspace | saas:slack,Application Log Content | Cloud Service Enumeration | Cloud Service Modification | Cloud Storage Access | File Access | User Account Authentication
T1529,System Shutdown/Reboot,No,ESXi; Linux; Network Devices; Windows; macOS,DET0559,5,ESXi; Linux; Network Devices; Windows; macOS,WinEventLog:Security | WinEventLog:Sysmon | auditd:SYSCALL | esxi:hostd | esxi:shell | linux:syslog | macos:unifiedlog | networkdevice:syslog,Command Execution | Host Status | Process Creation
T1530,Data from Cloud Storage,No,IaaS; Office Suite; SaaS,DET0484,3,IaaS; Office Suite; SaaS,AWS:CloudTrail | AWS:VPCFlowLogs | azure:signinlogs | m365:sharepoint | m365:unified,Cloud Storage Access | Network Traffic Content | User Account Authentication | User Account Metadata
T1531,Account Access Removal,No,ESXi; IaaS; Linux; Office Suite; SaaS; Windows; macOS,DET0120,6,ESXi; Linux; Office Suite; SaaS; Windows; macOS,NSM:Connections | WinEventLog:Security | WinEventLog:Sysmon | auditd:SYSCALL | esxi:hostd | esxi:vpxa | m365:signinlogs | m365:unified | macos:unifiedlog | saas:okta,Command Execution | Process Creation | User Account Authentication | User Account Deletion | User Account Modification
T1534,Internal Spearphishing,No,Linux; Office Suite; SaaS; Windows; macOS,DET0054,5,Linux; Office Suite; SaaS; Windows; macOS,Application:Mail | WinEventLog:Security | WinEventLog:Sysmon | auditd:SYSCALL | linux:syslog | m365:unified | macos:unifiedlog | saas:slack,Application Log Content | Command Execution | Logon Session Creation | Logon Session Metadata | Network Traffic Content | Process Creation | User Account Authentication
T1535,Unused/Unsupported Cloud Regions,No,IaaS,DET0247,1,IaaS,AWS:CloudTrail | AWS:VPCFlowLogs | CloudTrail:GetCallerIdentity,Cloud Storage Creation | Instance Start | Network Connection Creation | User Account Metadata
T1537,Transfer Data to Cloud Account,No,IaaS; Office Suite; SaaS,DET0573,3,IaaS; Office Suite; SaaS,AWS:CloudTrail | AWS:VPCFlowLogs | m365:unified | saas:box | saas:googledrive,Application Log Content | Cloud Storage Metadata | Cloud Storage Modification | Network Traffic Content | Snapshot Creation | Snapshot Metadata | Snapshot Modification
T1538,Cloud Service Dashboard,No,IaaS; Identity Provider; Office Suite; SaaS,DET0291,4,IaaS; Identity Provider; Office Suite; SaaS,AWS:CloudTrail | azure:signinlogs | m365:signinlogs | m365:unified | saas:box | saas:okta | saas:salesforce | saas:zoom,Application Log Content | Cloud Storage Metadata | Logon Session Creation | User Account Authentication
T1539,Steal Web Session Cookie,No,Linux; Office Suite; SaaS; Windows; macOS,DET0509,5,Linux; Office Suite; SaaS; Windows; macOS,WinEventLog:Security | WinEventLog:Sysmon | auditd:SYSCALL | fs:fsusage | m365:unified | macos:unifiedlog | saas:googleworkspace | saas:okta,Application Log Content | File Access | File Modification | Logon Session Creation | Process Access | Process Creation | User Account Authentication
T1542,Pre-OS Boot,No,Linux; Network Devices; Windows; macOS,DET0278,4,Linux; Network Devices; Windows; macOS,WinEventLog:Security | WinEventLog:Sysmon | auditd:EXECVE | auditd:SYSCALL | macos:unifiedlog | networkdevice:config | networkdevice:firmware,Command Execution | Drive Access | Drive Modification | File Creation | File Modification | Firmware Modification | Process Creation
T1542.001,System Firmware,Yes,Network Devices; Windows,DET0099,2,Network Devices; Windows,WinEventLog:Security | WinEventLog:Sysmon | networkdevice:config | networkdevice:runtime,Drive Access | Drive Modification | File Creation | Firmware Modification | Process Creation
T1542.002,Component Firmware,Yes,Linux; Windows; macOS,DET0323,3,Linux; Windows; macOS,WinEventLog:Sysmon | auditd:SYSCALL | firmware:integrity  | linux:syslog | macos:unifiedlog,Driver Load | Firmware Modification
T1542.003,Bootkit,Yes,Linux; Windows,DET0150,2,Linux; Windows,WinEventLog:Sysmon | auditd:SYSCALL | linux:syslog,Drive Access | Drive Modification | File Creation | File Modification
T1542.004,ROMMONkit,Yes,Network Devices,DET0175,1,Network Devices,NSM:Flow | networkdevice:config | networkdevice:syslog,Firmware Modification | Network Connection Creation | OS API Execution
T1542.005,TFTP Boot,Yes,Network Devices,DET0582,1,Network Devices,NSM:Flow | networkdevice:config | networkdevice:syslog,Command Execution | Firmware Modification | Network Connection Creation
T1543,Create or Modify System Process,No,Containers; Linux; Windows; macOS,DET0571,4,Containers; Linux; Windows; macOS,WinEventLog:Security | WinEventLog:Sysmon | auditd:SYSCALL | docker:events | fs:fsusage | macos:unifiedlog,Command Execution | Container Creation | File Modification | Process Creation | Service Creation | Windows Registry Key Modification
T1543.001,Launch Agent,Yes,macOS,DET0434,1,macOS,fs:fsusage | macos:osquery | macos:unifiedlog,Command Execution | File Creation | File Modification | Service Creation
T1543.002,Systemd Service,Yes,Linux,DET0253,1,Linux,auditd:SYSCALL | linux:osquery,Command Execution | File Creation | File Modification | Process Creation | Service Creation
T1543.003,Windows Service,Yes,Windows,DET0552,1,Windows,WinEventLog:Security | WinEventLog:Sysmon,Driver Load | Process Creation | Service Creation | Windows Registry Key Modification
T1543.004,Launch Daemon,Yes,macOS,DET0401,1,macOS,fs:launchdaemons | macos:unifiedlog,File Creation | File Modification | Process Creation | Service Creation
T1543.005,Container Service,Yes,Containers,DET0473,1,Containers,auditd:SYSCALL | kubernetes:audit | systemd:unit,Container Creation | Pod Creation | Process Creation | Service Creation
T1546,Event Triggered Execution,No,IaaS; Linux; Office Suite; SaaS; Windows; macOS,DET0010,6,IaaS; Linux; Office Suite; SaaS; Windows; macOS,AWS:CloudTrail | WinEventLog:Security | WinEventLog:Sysmon | WinEventLog:WMI | auditd:SYSCALL | linux:syslog | m365:office | m365:unified | macos:unifiedlog,Cloud Service Modification | Command Execution | File Metadata | File Modification | Network Traffic Content | Process Creation | Scheduled Job Creation | Script Execution | WMI Creation | Windows Registry Key Modification
T1546.001,Change Default File Association,Yes,Windows,DET0061,1,Windows,WinEventLog:Security | WinEventLog:Sysmon,Logon Session Metadata | Process Creation | Windows Registry Key Modification
T1546.002,Screensaver,Yes,Windows,DET0154,1,Windows,WinEventLog:Security | WinEventLog:Sysmon,Process Creation | Windows Registry Key Modification
T1546.003,Windows Management Instrumentation Event Subscription,Yes,Windows,DET0086,1,Windows,WinEventLog:Sysmon | WinEventLog:WMI,Module Load | Process Creation | WMI Creation
T1546.004,Unix Shell Configuration Modification,Yes,Linux; macOS,DET0020,2,Linux; macOS,NSM:Flow | auditd:EXECVE | auditd:SYSCALL | macos:endpointsecurity | macos:unifiedlog,File Modification | Network Traffic Content | Process Creation
T1546.005,Trap,Yes,Linux; macOS,DET0369,2,Linux; macOS,auditd:SYSCALL | macos:unifiedlog,File Access | File Modification | Process Creation
T1546.006,LC_LOAD_DYLIB Addition,Yes,macOS,DET0216,1,macOS,macos:unifiedlog,File Metadata | File Modification | Module Load
T1546.007,Netsh Helper DLL,Yes,Windows,DET0575,1,Windows,WinEventLog:Security | WinEventLog:Sysmon,Module Load | Process Creation | Windows Registry Key Modification
T1546.008,Accessibility Features,Yes,Windows,DET0033,1,Windows,WinEventLog:Sysmon,File Creation | File Metadata | Process Creation | Windows Registry Key Modification
T1546.009,AppCert DLLs,Yes,Windows,DET0362,1,Windows,WinEventLog:Security | WinEventLog:Sysmon,Module Load | Process Creation | Windows Registry Key Modification
T1546.010,AppInit DLLs,Yes,Windows,DET0557,1,Windows,WinEventLog:Sysmon,Module Load | Process Creation | Windows Registry Key Modification
T1546.011,Application Shimming,Yes,Windows,DET0017,1,Windows,WinEventLog:Security | WinEventLog:Sysmon,File Creation | Module Load | Process Creation | Windows Registry Key Modification
T1546.012,Image File Execution Options Injection,Yes,Windows,DET0422,1,Windows,WinEventLog:Security | WinEventLog:Sysmon,Process Access | Process Creation | Windows Registry Key Creation | Windows Registry Key Modification
T1546.013,PowerShell Profile,Yes,Windows,DET0451,1,Windows,WinEventLog:PowerShell | WinEventLog:Sysmon,Command Execution | File Creation | File Modification | Process Creation
T1546.014,Emond,Yes,macOS,DET0555,1,macOS,macos:unifiedlog,Command Execution | File Creation | File Modification | Process Creation
T1546.015,Component Object Model Hijacking,Yes,Windows,DET0481,1,Windows,WinEventLog:Security | WinEventLog:Sysmon,Module Load | Process Creation | Windows Registry Key Modification
T1546.016,Installer Packages,Yes,Linux; Windows; macOS,DET0330,3,Linux; Windows; macOS,WinEventLog:Sysmon | auditd:SYSCALL | macos:unifiedlog,File Creation | Process Creation
T1546.017,Udev Rules,Yes,Linux,DET0375,1,Linux,auditd:CONFIG_CHANGE | auditd:SYSCALL,Command Execution | File Modification | Process Creation
T1546.018,Python Startup Hooks,Yes,Linux; Windows; macOS,DET0258,1,Linux,NSM:Flow | auditd:CONFIG_CHANGE | auditd:PATH | auditd:SYSCALL,File Metadata | File Modification | Network Traffic Content | Process Creation
T1547,Boot or Logon Autostart Execution,No,Linux; Network Devices; Windows; macOS,DET0274,3,Linux; Windows; macOS,WinEventLog:Security | WinEventLog:Sysmon | auditd:SYSCALL | macos:unifiedlog,File Creation | File Modification | Process Creation | Service Metadata | Windows Registry Key Modification
T1547.001,Registry Run Keys / Startup Folder,Yes,Windows,DET0365,1,Windows,WinEventLog:Microsoft-Windows-Shell-Core | WinEventLog:Sysmon,File Creation | Process Creation | Windows Registry Key Modification
T1547.002,Authentication Package,Yes,Windows,DET0207,1,Windows,WinEventLog:Security | WinEventLog:Sysmon,Module Load | Windows Registry Key Modification
T1547.003,Time Providers,Yes,Windows,DET0122,1,Windows,WinEventLog:Sysmon,File Creation | Module Load | Process Creation | Windows Registry Key Modification
T1547.004,Winlogon Helper DLL,Yes,Windows,DET0404,1,Windows,Autoruns:RegistryScan | WinEventLog:Security | WinEventLog:Sysmon,Module Load | Process Creation | Windows Registry Key Access | Windows Registry Key Modification
T1547.005,Security Support Provider,Yes,Windows,DET0542,1,Windows,WinEventLog:Security | WinEventLog:Sysmon,Module Load | Process Creation | Windows Registry Key Modification
T1547.006,Kernel Modules and Extensions,Yes,Linux; macOS,DET0450,2,Linux; macOS,auditd:SYSCALL | linux:osquery | macos:osquery | macos:unifiedlog,Command Execution | File Creation | File Modification | Kernel Module Load | Process Creation
T1547.007,Re-opened Applications,Yes,macOS,DET0125,1,macOS,fs:filesystem | macos:endpointsecurity | macos:unifiedlog,File Metadata | File Modification | Logon Session Metadata | Process Creation
T1547.008,LSASS Driver,Yes,Windows,DET0225,1,Windows,WinEventLog:Security | WinEventLog:Sysmon,Driver Load | File Creation | File Modification | Module Load | Windows Registry Key Creation | Windows Registry Key Modification
T1547.009,Shortcut Modification,Yes,Windows,DET0180,1,Windows,WinEventLog:Sysmon,File Creation | File Metadata | File Modification | Process Creation
T1547.010,Port Monitors,Yes,Windows,DET0204,1,Windows,WinEventLog:Application | WinEventLog:Sysmon,File Creation | Module Load | OS API Execution | Process Creation | Windows Registry Key Modification
T1547.012,Print Processors,Yes,Windows,DET0026,1,Windows,WinEventLog:Sysmon,File Creation | Module Load | Process Access | Windows Registry Key Modification
T1547.013,XDG Autostart Entries,Yes,Linux,DET0390,1,Linux,auditd:EXECVE | auditd:SYSCALL | linux:auth | linux:osquery,File Access | File Creation | File Metadata | Logon Session Creation | Process Creation
T1547.014,Active Setup,Yes,Windows,DET0312,1,Windows,WinEventLog:Security | WinEventLog:Sysmon,Logon Session Metadata | Process Creation | Windows Registry Key Creation | Windows Registry Key Modification
T1547.015,Login Items,Yes,macOS,DET0121,1,macOS,macos:unifiedlog,File Modification | OS API Execution | Process Creation | Script Execution
T1548,Abuse Elevation Control Mechanism,No,IaaS; Identity Provider; Linux; Office Suite; Windows; macOS,DET0345,5,IaaS; Identity Provider; Linux; Windows; macOS,AWS:CloudTrail | WinEventLog:Security | WinEventLog:Sysmon | auditd:SYSCALL | azure:signinlogs | fs:fsusage | macos:unifiedlog,File Metadata | Logon Session Metadata | OS API Execution | Process Creation | Process Metadata | User Account Modification | Windows Registry Key Modification
T1548.001,Setuid and Setgid,Yes,Linux; macOS,DET0110,2,Linux; macOS,auditd:SYSCALL | macos:unifiedlog,Command Execution | Process Creation | Process Metadata
T1548.002,Bypass User Account Control,Yes,Windows,DET0388,1,Windows,WinEventLog:Security | WinEventLog:Sysmon,Logon Session Metadata | Module Load | Process Access | Process Creation | Windows Registry Key Modification
T1548.003,Sudo and Sudo Caching,Yes,Linux; macOS,DET0052,2,Linux; macOS,auditd:SYSCALL | macos:unifiedlog,Command Execution | File Modification | Process Metadata | Process Termination
T1548.004,Elevated Execution with Prompt,Yes,macOS,DET0395,1,macOS,macos:unifiedlog,OS API Execution | Process Creation | User Account Authentication
T1548.005,Temporary Elevated Cloud Access,Yes,IaaS; Identity Provider; Office Suite,DET0393,3,IaaS; Identity Provider; Office Suite,AWS:CloudTrail | gcp:iam | gcp:workspaceaudit | m365:signinlogs | m365:unified,Application Log Content | User Account Authentication | User Account Metadata
T1548.006,TCC Manipulation,Yes,macOS,DET0534,1,macOS,macos:unifiedlog,Command Execution | File Modification | Host Status | Process Creation
T1550,Use Alternate Authentication Material,No,Containers; IaaS; Identity Provider; Linux; Office Suite; SaaS; Windows,DET0338,7,Containers; IaaS; Identity Provider; Linux; Office Suite; SaaS; Windows,AWS:CloudTrail | NSM:Connections | WinEventLog:Security | WinEventLog:Sysmon | auditd:SYSCALL | azure:signinlogs | docker:runtime | m365:unified | saas:googleworkspace,Application Log Content | Logon Session Creation | Process Creation | User Account Authentication | User Account Metadata | Web Credential Usage
T1550.001,Application Access Token,Yes,Containers; IaaS; Identity Provider; Office Suite; SaaS,DET0185,5,Containers; IaaS; Identity Provider; Office Suite; SaaS,AWS:CloudTrail | azure:signinlogs | kubernetes:apiserver | m365:unified | saas:googleworkspace | saas:salesforce,User Account Authentication | Web Credential Usage
T1550.002,Pass the Hash,Yes,Windows,DET0409,1,Windows,WinEventLog:Security | WinEventLog:Sysmon,Active Directory Credential Request | Logon Session Creation | Network Connection Creation | Process Creation
T1550.003,Pass the Ticket,Yes,Windows,DET0352,1,Windows,WinEventLog:Security | WinEventLog:Sysmon,Active Directory Credential Request | Logon Session Creation | Module Load | Process Access | User Account Authentication
T1550.004,Web Session Cookie,Yes,IaaS; Office Suite; SaaS,DET0074,3,IaaS; Office Suite; SaaS,AWS:CloudTrail | m365:unified | saas:okta,Logon Session Creation | User Account Authentication | Web Credential Usage
T1552,Unsecured Credentials,No,Containers; IaaS; Identity Provider; Linux; Network Devices; Office Suite; SaaS; Windows; macOS,DET0412,7,Containers; Identity Provider; Linux; Network Devices; SaaS; Windows; macOS,AWS:CloudTrail | NSM:Flow | WinEventLog:Security | WinEventLog:Sysmon | auditd:SYSCALL | azure:signinlogs | containerd:Events | linux:syslog | macos:unifiedlog | saas:googleworkspace | saas:zoom,Application Log Content | Cloud Service Metadata | Command Execution | File Access | File Creation | Network Traffic Content | Process Creation | User Account Authentication | Windows Registry Key Modification
T1552.001,Credentials In Files,Yes,Containers; IaaS; Linux; Windows; macOS,DET0307,5,Containers; IaaS; Linux; Windows; macOS,AWS:CloudTrail | CloudTrail:GetObject | WinEventLog:Security | WinEventLog:Sysmon | auditd:EXECVE | auditd:SYSCALL | cni:netflow | ebpf:syscalls | kubernetes:audit | linux:syslog | macos:unifiedlog,Command Execution | File Access | File Creation | Logon Session Creation | Network Connection Creation | Process Creation
T1552.002,Credentials in Registry,Yes,Windows,DET0250,1,Windows,EDR:hunting | WinEventLog:Sysmon,Process Creation | Windows Registry Key Access | Windows Registry Key Modification
T1552.003,Shell History,Yes,Linux; Windows; macOS,DET0385,2,Linux; macOS,auditd:EXECVE | auditd:SYSCALL | macos:endpointsecurity | macos:unifiedlog,File Access | File Creation | Process Creation | Process Metadata
T1552.004,Private Keys,Yes,Linux; Network Devices; Windows; macOS,DET0549,4,Linux; Network Devices; Windows; macOS,WinEventLog:Security | WinEventLog:Sysmon | auditd:EXECVE | auditd:SYSCALL | macos:unifiedlog | networkdevice:syslog,Command Execution | File Access | File Creation | Network Share Access | Process Creation
T1552.005,Cloud Instance Metadata API,Yes,IaaS,DET0001,1,IaaS,AWS:CloudTrail | AWS:VPCFlowLogs | ebpf:syscalls,Cloud Service Metadata | Network Connection Creation | Network Traffic Content
T1552.006,Group Policy Preferences,Yes,Windows,DET0381,1,Windows,WinEventLog:PowerShell | WinEventLog:Security | WinEventLog:Sysmon,File Creation | Network Share Access | Process Creation | Script Execution
T1552.007,Container API,Yes,Containers,DET0198,1,Containers,docker:api | kubernetes:apiserver | kubernetes:orchestrator,Application Log Content | Command Execution | Process Creation | User Account Authentication
T1552.008,Chat Messages,Yes,Office Suite; SaaS,DET0111,2,Office Suite; SaaS,m365:unified | saas:okta | saas:slack,Application Log Content | User Account Authentication
T1553,Subvert Trust Controls,No,Linux; Windows; macOS,DET0452,3,Linux; Windows; macOS,WinEventLog:Security | WinEventLog:Sysmon | auditd:EXECVE | auditd:SYSCALL | macos:osquery | macos:unifiedlog,Command Execution | File Creation | File Metadata | Process Creation | Windows Registry Key Modification
T1553.001,Gatekeeper Bypass,Yes,macOS,DET0288,1,macOS,macos:osquery | macos:unifiedlog,File Metadata | File Modification | Process Creation
T1553.002,Code Signing,Yes,Windows; macOS,DET0230,2,Windows; macOS,WinEventLog:Security | WinEventLog:Sysmon | macos:unifiedlog,File Metadata | Module Load | Process Creation
T1553.003,SIP and Trust Provider Hijacking,Yes,Windows,DET0442,1,Windows,WinEventLog:CodeIntegrity | WinEventLog:Security | WinEventLog:Sysmon,File Modification | Module Load | Windows Registry Key Modification
T1553.004,Install Root Certificate,Yes,Linux; Windows; macOS,DET0056,3,Linux; Windows; macOS,WinEventLog:Security | WinEventLog:Sysmon | auditd:EXECVE | auditd:SYSCALL | macos:osquery | macos:unifiedlog,Command Execution | File Modification | Process Creation | Windows Registry Key Creation | Windows Registry Key Modification
T1553.005,Mark-of-the-Web Bypass,Yes,Windows,DET0257,1,Windows,WinEventLog:Security | WinEventLog:Sysmon,File Access | File Creation | File Metadata
T1553.006,Code Signing Policy Modification,Yes,Windows; macOS,DET0523,2,Windows; macOS,WinEventLog:Security | macos:unifiedlog,Command Execution | Process Creation | Windows Registry Key Modification
T1554,Compromise Host Software Binary,No,ESXi; Linux; Windows; macOS,DET0336,4,ESXi; Linux; Windows; macOS,WinEventLog:Security | WinEventLog:Sysmon | auditd:EXECVE | auditd:SYSCALL | esxi:hostd | esxi:vmkernel | macos:unifiedlog,File Creation | File Modification | Module Load | Process Creation
T1555,Credentials from Password Stores,No,IaaS; Linux; Windows; macOS,DET0430,4,IaaS; Linux; Windows; macOS,AWS:CloudTrail | WinEventLog:Security | WinEventLog:Sysmon | auditd:EXECVE | auditd:SYSCALL | macos:unifiedlog,Cloud Service Enumeration | File Access | OS API Execution | Process Access | Process Creation
T1555.001,Keychain,Yes,macOS,DET0396,1,macOS,macos:unifiedlog,File Access | OS API Execution | Process Creation
T1555.002,Securityd Memory,Yes,Linux; macOS,DET0057,2,Linux; macOS,auditd:EXECVE | auditd:FILE | auditd:SYSCALL | macos:unifiedlog,Command Execution | File Access | Process Access | Process Creation
T1555.003,Credentials from Web Browsers,Yes,Linux; Windows; macOS,DET0037,3,Linux; Windows; macOS,WinEventLog:Security | WinEventLog:Sysmon | auditd:FILE | auditd:SYSCALL | macos:unifiedlog,File Access | Process Access | Process Creation
T1555.004,Windows Credential Manager,Yes,Windows,DET0134,1,Windows,WinEventLog:Security | WinEventLog:Sysmon,File Metadata | Process Access | Process Creation
T1555.005,Password Managers,Yes,Linux; Windows; macOS,DET0597,3,Linux; Windows; macOS,WinEventLog:Security | WinEventLog:Sysmon | auditd:SYSCALL | macos:osquery | macos:unifiedlog,File Access | File Metadata | Process Access | Process Creation
T1555.006,Cloud Secrets Management Stores,Yes,IaaS,DET0130,1,IaaS,AWS:CloudTrail,Cloud Service Enumeration
T1556,Modify Authentication Process,No,IaaS; Identity Provider; Linux; Network Devices; Office Suite; SaaS; Windows; macOS,DET0104,5,IaaS; Identity Provider; Linux; Windows; macOS,AWS:CloudTrail | WinEventLog:Security | WinEventLog:Sysmon | auditd:SYSCALL | azure:policy | m365:unified | macos:osquery | macos:unifiedlog,Cloud Service Modification | File Modification | Module Load | Process Access | Process Creation | User Account Modification | Windows Registry Key Modification
T1556.001,Domain Controller Authentication,Yes,Windows,DET0271,1,Windows,WinEventLog:Security | WinEventLog:Sysmon | WinEventLog:System,File Modification | Logon Session Creation | Module Load | Process Access
T1556.002,Password Filter DLL,Yes,Windows,DET0472,1,Windows,WinEventLog:Security | WinEventLog:Sysmon,File Creation | Module Load | Windows Registry Key Modification
T1556.003,Pluggable Authentication Modules,Yes,Linux; macOS,DET0454,2,Linux; macOS,NSM:Connections | auditd:SYSCALL | macos:osquery | macos:unifiedlog,File Modification | Logon Session Creation | Process Creation
T1556.004,Network Device Authentication,Yes,Network Devices,DET0272,1,Network Devices,network:auth | networkconfig,File Modification | User Account Authentication
T1556.005,Reversible Encryption,Yes,Windows,DET0589,1,Windows,WinEventLog:PowerShell | WinEventLog:Security | WinEventLog:Sysmon,Active Directory Object Modification | Command Execution | Process Creation
T1556.006,Multi-Factor Authentication,Yes,IaaS; Identity Provider; Linux; Office Suite; SaaS; Windows; macOS,DET0190,7,IaaS; Identity Provider; Linux; Office Suite; SaaS; Windows; macOS,AWS:CloudTrail | NSM:Connections | WinEventLog:PowerShell | WinEventLog:Security | auditd:SYSCALL | azure:signinlogs | m365:unified | macos:unifiedlog | saas:zoom,Active Directory Object Modification | Application Log Content | Cloud Service Modification | File Modification | Script Execution | User Account Authentication | User Account Modification
T1556.007,Hybrid Identity,Yes,IaaS; Identity Provider; Office Suite; SaaS; Windows,DET0293,5,IaaS; Identity Provider; Office Suite; SaaS; Windows,AWS:CloudTrail | WinEventLog:Security | WinEventLog:Sysmon | azure:signinlogs | m365:unified | saas:okta,Active Directory Object Modification | Application Log Content | Cloud Service Modification | Logon Session Creation | Module Load | User Account Modification
T1556.008,Network Provider DLL,Yes,Windows,DET0580,1,Windows,WinEventLog:Security | WinEventLog:Sysmon,File Creation | Module Load | Process Access | Windows Registry Key Modification
T1556.009,Conditional Access Policies,Yes,IaaS; Identity Provider,DET0030,2,IaaS; Identity Provider,AWS:CloudTrail | azure:activity | saas:okta,Active Directory Object Modification | Application Log Content | Cloud Service Modification
T1557,Adversary-in-the-Middle,No,Linux; Network Devices; Windows; macOS,DET0296,4,Linux; Network Devices; Windows; macOS,NSM:Flow | WinEventLog:Security | WinEventLog:Sysmon | auditd:SYSCALL | macos:unifiedlog | networkdevice:config,Application Log Content | File Modification | Network Connection Creation | Network Traffic Content | Network Traffic Flow | Windows Registry Key Modification
T1557.001,Name Resolution Poisoning and SMB Relay,Yes,Windows,DET0462,1,Windows,NSM:Flow | WinEventLog:Security,Network Traffic Content | Network Traffic Flow | Service Creation | Windows Registry Key Modification
T1557.002,ARP Cache Poisoning,Yes,Linux; Windows; macOS,DET0387,3,Linux; Windows; macOS,NSM:Flow | WinEventLog:Security | WinEventLog:Sysmon | auditd:SYSCALL | macos:unifiedlog,Network Connection Creation | Network Traffic Content | Network Traffic Flow
T1557.003,DHCP Spoofing,Yes,Linux; Windows; macOS,DET0468,3,Linux; Windows; macOS,NSM:Flow | WinEventLog:System | linux:syslog | macos:unifiedlog,Application Log Content | Network Traffic Content | Network Traffic Flow
T1557.004,Evil Twin,Yes,Network Devices,DET0379,1,Network Devices,NSM:Flow | WLANLogs:Association | networkdevice:syslog,Application Log Content | Network Traffic Content | Network Traffic Flow
T1558,Steal or Forge Kerberos Tickets,No,Linux; Windows; macOS,DET0522,3,Linux; Windows; macOS,WinEventLog:Security | WinEventLog:Sysmon | auditd:SYSCALL | linux:syslog | macos:unifiedlog,Active Directory Credential Request | File Access | Logon Session Metadata | Process Access
T1558.001,Golden Ticket,Yes,Windows,DET0144,1,Windows,WinEventLog:Security | WinEventLog:Sysmon,Active Directory Credential Request | Logon Session Metadata | Process Access
T1558.002,Silver Ticket,Yes,Windows,DET0241,1,Windows,WinEventLog:Kerberos | WinEventLog:Security | WinEventLog:Sysmon,Active Directory Credential Request | Logon Session Metadata | Process Access
T1558.003,Kerberoasting,Yes,Windows,DET0157,1,Windows,WinEventLog:Security | WinEventLog:Sysmon,Active Directory Credential Request | Logon Session Creation | Logon Session Metadata | Process Access
T1558.004,AS-REP Roasting,Yes,Windows,DET0113,1,Windows,WinEventLog:Security | WinEventLog:Sysmon,Active Directory Credential Request | Process Creation
T1558.005,Ccache Files,Yes,Linux; macOS,DET0024,2,Linux; macOS,auditd:SYSCALL | macos:osquery | macos:unifiedlog,File Access | Process Creation
T1559,Inter-Process Communication,No,Linux; Windows; macOS,DET0493,3,Linux; Windows; macOS,WinEventLog:Security | WinEventLog:Sysmon | auditd:SYSCALL | macos:osquery | macos:unifiedlog,File Access | Named Pipe Metadata | Process Access | Process Creation | Script Execution
T1559.001,Component Object Model,Yes,Windows,DET0224,1,Windows,WinEventLog:Security | WinEventLog:Sysmon,Module Load | Process Creation | Windows Registry Key Access
T1559.002,Dynamic Data Exchange,Yes,Windows,DET0504,1,Windows,WinEventLog:Security | WinEventLog:Sysmon,Module Load | Process Creation | Windows Registry Key Access
T1559.003,XPC Services,Yes,macOS,DET0335,1,macOS,macos:unifiedlog,Named Pipe Metadata | Process Access | Process Creation
T1560,Archive Collected Data,No,Linux; Windows; macOS,DET0526,3,Linux; Windows; macOS,WinEventLog:Security | WinEventLog:Sysmon | auditd:FILE | auditd:SYSCALL | macos:unifiedlog,Command Execution | File Creation | Module Load | Process Creation
T1560.001,Archive via Utility,Yes,Linux; Windows; macOS,DET0298,3,Linux; Windows; macOS,WinEventLog:Security | WinEventLog:Sysmon | auditd:FILE | auditd:SYSCALL | macos:unifiedlog,Command Execution | File Creation | Module Load | Process Creation
T1560.002,Archive via Library,Yes,Linux; Windows; macOS,DET0268,3,Linux; Windows; macOS,WinEventLog:Security | WinEventLog:Sysmon | auditd:FILE | auditd:MMAP | auditd:SYSCALL | macos:unifiedlog,Command Execution | File Creation | Module Load | Process Creation
T1560.003,Archive via Custom Method,Yes,Linux; Windows; macOS,DET0438,3,Linux; Windows; macOS,WinEventLog:Security | WinEventLog:Sysmon | auditd:FILE | auditd:SYSCALL | linux:osquery | macos:unifiedlog,Command Execution | File Creation | Process Access | Process Creation | Process Modification
T1561,Disk Wipe,No,Linux; Network Devices; Windows; macOS,DET0137,4,Linux; Network Devices; Windows; macOS,WinEventLog:Security | WinEventLog:Sysmon | auditd:EXECVE | auditd:SYSCALL | macos:unifiedlog | networkdevice:cli | networkdevice:syslog,Command Execution | Drive Access | Drive Modification | Driver Load | Process Creation | User Account Authentication | User Account Metadata
T1561.001,Disk Content Wipe,Yes,Linux; Network Devices; Windows; macOS,DET0316,4,Linux; Network Devices; Windows; macOS,WinEventLog:Security | WinEventLog:Sysmon | auditd:EXECVE | auditd:SYSCALL | macos:unifiedlog | networkdevice:cli | networkdevice:syslog,Command Execution | Drive Access | Drive Modification | Driver Load | Process Creation | User Account Authentication | User Account Metadata
T1561.002,Disk Structure Wipe,Yes,Linux; Network Devices; Windows; macOS,DET0297,4,Linux; Network Devices; Windows; macOS,WinEventLog:Security | WinEventLog:Sysmon | auditd:EXECVE | auditd:SYSCALL | macos:unifiedlog | networkdevice:cli | networkdevice:syslog,Command Execution | Drive Access | Drive Modification | Driver Load | Process Creation | User Account Authentication | User Account Metadata
T1563,Remote Service Session Hijacking,No,Linux; Windows; macOS,DET0079,3,Linux; Windows; macOS,NSM:Connections | NSM:Flow | WinEventLog:Security | WinEventLog:Sysmon | auditd:SYSCALL | macos:unifiedlog,Command Execution | Logon Session Creation | Network Connection Creation | Network Traffic Content | Network Traffic Flow | Process Creation
T1563.001,SSH Hijacking,Yes,Linux; macOS,DET0256,2,Linux; macOS,NSM:Connections | auditd:EXECVE | auditd:SYSCALL | macos:unifiedlog,Logon Session Creation | Network Connection Creation | Process Creation | Process Metadata
T1563.002,RDP Hijacking,Yes,Windows,DET0588,1,Windows,WinEventLog:Security | WinEventLog:Sysmon | WinEventLog:System,Logon Session Creation | Network Connection Creation | Process Creation | Service Creation
T1564,Hide Artifacts,No,ESXi; Linux; Office Suite; Windows; macOS,DET0502,5,ESXi; Linux; Office Suite; Windows; macOS,WinEventLog:Sysmon | auditd:EXECVE | auditd:FILE | esxi:shell | esxi:syslog | m365:unified | macos:unifiedlog,Application Log Content | Command Execution | File Creation | File Metadata | Process Creation | Windows Registry Key Modification
T1564.001,Hidden Files and Directories,Yes,Linux; Windows; macOS,DET0032,3,Linux; Windows; macOS,WinEventLog:Sysmon | auditd:EXECVE | auditd:FILE | macos:unifiedlog,Command Execution | File Creation | File Metadata | Process Creation
T1564.002,Hidden Users,Yes,Linux; Windows; macOS,DET0353,3,Linux; Windows; macOS,WinEventLog:Security | WinEventLog:Sysmon | auditd:EXECVE | auditd:FILE | macos:unifiedlog,Command Execution | File Modification | User Account Creation | User Account Metadata | Windows Registry Key Modification
T1564.003,Hidden Window,Yes,Linux; Windows; macOS,DET0128,3,Linux; Windows; macOS,WinEventLog:Sysmon | auditd:EXECVE | auditd:SYSCALL | macos:unifiedlog,Command Execution | File Modification | Process Creation | Process Metadata | Windows Registry Key Modification
T1564.004,NTFS File Attributes,Yes,Windows,DET0432,1,Windows,WinEventLog:Sysmon | etw:Microsoft-Windows-Kernel-File,File Creation | File Metadata | OS API Execution | Process Creation
T1564.005,Hidden File System,Yes,Linux; Windows; macOS,DET0461,3,Linux; Windows; macOS,WinEventLog:Security | WinEventLog:Sysmon | auditd:SYSCALL | etw:Microsoft-Windows-Kernel-Storage | linux:syslog | macos:unifiedlog,Command Execution | File Modification | Firmware Modification | Process Creation | Windows Registry Key Modification
T1564.006,Run Virtual Instance,Yes,ESXi; Linux; Windows; macOS,DET0321,4,ESXi; Linux; Windows; macOS,WinEventLog:Security | WinEventLog:Sysmon | WinEventLog:System | auditd:SYSCALL | esxi:hostd | esxi:vmkernel | macos:unifiedlog,Command Execution | File Creation | File Modification | Image Metadata | Process Creation | Service Creation | Windows Registry Key Modification
T1564.007,VBA Stomping,Yes,Linux; Windows; macOS,DET0012,3,Linux; Windows; macOS,WinEventLog:Sysmon | auditd:SYSCALL | linux:syslog | macos:unifiedlog,File Creation | File Metadata | Process Creation
T1564.008,Email Hiding Rules,Yes,Linux; Office Suite; Windows; macOS,DET0192,4,Linux; Office Suite; Windows; macOS,ApplicationLog:MailServer | WinEventLog:PowerShell | auditd:SYSCALL | m365:unified | macos:unifiedlog,Application Log Content | Command Execution | File Modification | Process Creation
T1564.009,Resource Forking,Yes,macOS,DET0584,1,macOS,macos:unifiedlog,Command Execution | File Metadata | Process Creation
T1564.010,Process Argument Spoofing,Yes,Windows,DET0045,1,Windows,WinEventLog:Security | WinEventLog:Sysmon,Process Access | Process Creation
T1564.011,Ignore Process Interrupts,Yes,Linux; Windows; macOS,DET0067,3,Linux; Windows; macOS,WinEventLog:PowerShell | WinEventLog:Sysmon | auditd:SYSCALL | macos:unifiedlog,Command Execution | Process Creation
T1564.012,File/Path Exclusions,Yes,Linux; Windows; macOS,DET0051,3,Linux; Windows; macOS,WinEventLog:Security | WinEventLog:Sysmon | auditd:PATH | auditd:SYSCALL | macos:unifiedlog,File Access | File Creation | File Metadata | Process Creation
T1564.013,Bind Mounts,Yes,Linux,DET0428,1,Linux,auditd:PATH | auditd:SYSCALL | linux:osquery,File Creation | OS API Execution | Process Metadata
T1564.014,Extended Attributes,Yes,Linux; macOS,DET0406,2,Linux; macOS,auditd:EXECVE | auditd:SYSCALL | macos:unifiedlog,Command Execution | File Metadata
T1565,Data Manipulation,No,Linux; Windows; macOS,DET0059,3,Linux; Windows; macOS,WinEventLog:Security | WinEventLog:Sysmon | auditd:SYSCALL | linux:syslog | macos:osquery | macos:unifiedlog,File Access | File Creation | File Metadata | File Modification | Network Traffic Content | OS API Execution
T1565.001,Stored Data Manipulation,Yes,Linux; Windows; macOS,DET0193,3,Linux; Windows; macOS,WinEventLog:Security | WinEventLog:Sysmon | auditd:SYSCALL | macos:osquery | macos:unifiedlog,File Creation | File Deletion | File Metadata | File Modification
T1565.002,Transmitted Data Manipulation,Yes,Linux; Windows; macOS,DET0254,3,Linux; Windows; macOS,WinEventLog:Sysmon | auditd:SYSCALL | linux:syslog | macos:osquery | macos:unifiedlog,File Metadata | Network Connection Creation | Network Traffic Content | Network Traffic Flow | OS API Execution
T1565.003,Runtime Data Manipulation,Yes,Linux; Windows; macOS,DET0391,3,Linux; Windows; macOS,WinEventLog:Security | WinEventLog:Sysmon | auditd:SYSCALL | linux:syslog | macos:osquery | macos:unifiedlog,File Creation | File Metadata | File Modification | OS API Execution | Windows Registry Key Modification
T1566,Phishing,No,Identity Provider; Linux; Office Suite; SaaS; Windows; macOS,DET0070,6,Identity Provider; Linux; Office Suite; SaaS; Windows; macOS,Application:Mail | WinEventLog:Sysmon | auditd:SYSCALL | azure:signinlogs | m365:unified | macos:unifiedlog | saas:collaboration,Application Log Content | File Creation | Logon Session Creation | Process Creation
T1566.001,Spearphishing Attachment,Yes,Linux; Windows; macOS,DET0236,3,Linux; Windows; macOS,Application:Mail | NSM:Flow | WinEventLog:Sysmon | auditd:SYSCALL | m365:unified | macos:unifiedlog,Application Log Content | File Creation | Network Connection Creation | Network Traffic Flow | Process Creation
T1566.002,Spearphishing Link,Yes,Identity Provider; Linux; Office Suite; SaaS; Windows; macOS,DET0107,4,Identity Provider; Linux; Windows; macOS,Application:Mail | NSM:Flow | WinEventLog:Security | WinEventLog:Sysmon | auditd:SYSCALL | azure:signinlogs | m365:unified | macos:unifiedlog,Application Log Content | Network Connection Creation | Network Traffic Content | Network Traffic Flow | Process Creation
T1566.003,Spearphishing via Service,Yes,Linux; Windows; macOS,DET0115,3,Linux; Windows; macOS,NSM:Flow | WinEventLog:Security | WinEventLog:Sysmon | auditd:SYSCALL | linux:syslog | macos:unifiedlog,Application Log Content | File Creation | Network Connection Creation | Network Traffic Content | Network Traffic Flow | Process Creation
T1566.004,Spearphishing Voice,Yes,Identity Provider; Linux; Windows; macOS,DET0245,4,Identity Provider; Linux; Windows; macOS,ApplicationLog:CallRecords | m365:unified | macos:unifiedlog | networkdevice:syslog,Application Log Content
T1567,Exfiltration Over Web Service,No,ESXi; Linux; Office Suite; SaaS; Windows; macOS,DET0548,5,ESXi; Linux; SaaS; Windows; macOS,NSM:Flow | WinEventLog:Security | WinEventLog:Sysmon | auditd:EXECVE | auditd:SYSCALL | esxi:hostd | esxi:vmkernel | m365:unified | macos:unifiedlog | saas:box,Application Log Content | Command Execution | File Access | File Creation | Network Connection Creation | Network Traffic Content | Network Traffic Flow | Process Creation
T1567.001,Exfiltration to Code Repository,Yes,ESXi; Linux; Windows; macOS,DET0318,4,ESXi; Linux; Windows; macOS,NSM:Flow | WinEventLog:Security | WinEventLog:Sysmon | auditd:EXECVE | auditd:SYSCALL | esxi:hostd | esxi:vmkernel | macos:unifiedlog,Command Execution | File Access | Network Connection Creation | Network Traffic Content | Network Traffic Flow | Process Creation
T1567.002,Exfiltration to Cloud Storage,Yes,ESXi; Linux; Windows; macOS,DET0570,4,ESXi; Linux; Windows; macOS,NSM:Flow | WinEventLog:Security | WinEventLog:Sysmon | auditd:EXECVE | auditd:SYSCALL | esxi:hostd | esxi:vmkernel | macos:unifiedlog,Command Execution | File Access | Network Connection Creation | Network Traffic Content | Network Traffic Flow | Process Creation
T1567.003,Exfiltration to Text Storage Sites,Yes,ESXi; Linux; Windows; macOS,DET0284,4,ESXi; Linux; Windows; macOS,NSM:Flow | WinEventLog:Security | WinEventLog:Sysmon | auditd:EXECVE | auditd:SYSCALL | esxi:hostd | esxi:vmkernel | macos:unifiedlog,Command Execution | File Access | Network Connection Creation | Network Traffic Content | Network Traffic Flow | Process Creation
T1567.004,Exfiltration Over Webhook,Yes,ESXi; Linux; Office Suite; SaaS; Windows; macOS,DET0153,5,ESXi; Linux; SaaS; Windows; macOS,NSM:Flow | WinEventLog:Security | WinEventLog:Sysmon | auditd:EXECVE | auditd:SYSCALL | esxi:hostd | esxi:vmkernel | m365:unified | macos:unifiedlog | saas:api,Application Log Content | Command Execution | File Access | Network Connection Creation | Network Traffic Content | Network Traffic Flow | Process Creation
T1568,Dynamic Resolution,No,ESXi; Linux; Windows; macOS,DET0039,4,ESXi; Linux; Windows; macOS,WinEventLog:Sysmon | auditd:SYSCALL | esxi:syslog | linux:syslog | macos:unifiedlog,Network Connection Creation | Network Traffic Content | Network Traffic Flow | Process Creation
T1568.001,Fast Flux DNS,Yes,ESXi; Linux; Windows; macOS,DET0485,4,ESXi; Linux; Windows; macOS,WinEventLog:Security | WinEventLog:Sysmon | auditd:SYSCALL | esxi:syslog | macos:unifiedlog,Network Connection Creation | Network Traffic Flow | Process Creation
T1568.002,Domain Generation Algorithms,Yes,ESXi; Linux; Windows; macOS,DET0419,4,ESXi; Linux; Windows; macOS,WinEventLog:Security | WinEventLog:Sysmon | auditd:SYSCALL | esxi:syslog | linux:syslog | macos:unifiedlog,Network Connection Creation | Network Traffic Content | Network Traffic Flow | Process Creation
T1568.003,DNS Calculation,Yes,ESXi; Linux; Windows; macOS,DET0262,4,ESXi; Linux; Windows; macOS,WinEventLog:Sysmon | auditd:SYSCALL | esxi:syslog | linux:syslog | macos:unifiedlog,Network Connection Creation | Network Traffic Content | Network Traffic Flow | Process Creation
T1569,System Services,No,Linux; Windows; macOS,DET0279,3,Linux; Windows; macOS,WinEventLog:Security | WinEventLog:Sysmon | auditd:SYSCALL | linux:syslog | macos:unifiedlog,File Modification | Process Creation | Service Creation | Windows Registry Key Modification
T1569.001,Launchctl,Yes,macOS,DET0265,1,macOS,macos:unifiedlog,Command Execution | File Modification | Process Creation | Service Creation
T1569.002,Service Execution,Yes,Windows,DET0421,1,Windows,WinEventLog:Security | WinEventLog:Sysmon,Network Connection Creation | Process Creation | Service Creation | Windows Registry Key Modification
T1569.003,Systemctl,Yes,Linux,DET0073,1,Linux,auditd:CONFIG_CHANGE | auditd:EXECVE | auditd:SYSCALL,Command Execution | File Modification | Process Creation | Service Creation
T1570,Lateral Tool Transfer,No,ESXi; Linux; Windows; macOS,DET0183,4,ESXi; Linux; Windows; macOS,WinEventLog:Security | WinEventLog:Sysmon | auditd:FILE | auditd:SYSCALL | esxi:hostd | esxi:vmkernel | macos:unifiedlog,Command Execution | File Creation | File Metadata | Network Share Access | Process Creation
T1571,Non-Standard Port,No,ESXi; Linux; Windows; macOS,DET0227,4,ESXi; Linux; Windows; macOS,WinEventLog:Security | WinEventLog:Sysmon | auditd:SYSCALL | esxcli:network | esxi:vpxd | linux:osquery | linux:syslog | macos:unifiedlog,Application Log Content | Network Connection Creation | Network Traffic Content | Network Traffic Flow | Process Creation
T1572,Protocol Tunneling,No,ESXi; Linux; Windows; macOS,DET0538,4,ESXi; Linux; Windows; macOS,WinEventLog:Sysmon | auditd:SYSCALL | esxcli:network | esxi:vpxd | linux:osquery | linux:syslog | macos:unifiedlog,Application Log Content | Network Connection Creation | Network Traffic Content | Network Traffic Flow | Process Creation
T1573,Encrypted Channel,No,ESXi; Linux; Network Devices; Windows; macOS,DET0273,5,ESXi; Linux; Network Devices; Windows; macOS,NSM:Connections | NSM:Flow | WinEventLog:Sysmon | auditd:SYSCALL | esxi:vmkernel | esxi:vpxd | linux:osquery | linux:syslog | macos:unifiedlog,Application Log Content | Module Load | Network Connection Creation | Network Traffic Content | Network Traffic Flow | Process Creation
T1573.001,Symmetric Cryptography,Yes,ESXi; Linux; Network Devices; Windows; macOS,DET0143,5,ESXi; Linux; Network Devices; Windows; macOS,NSM:Connections | NSM:Flow | WinEventLog:Sysmon | auditd:SYSCALL | esxcli:network | esxi:vpxd | linux:osquery | linux:syslog | macos:unifiedlog,Application Log Content | Module Load | Network Connection Creation | Network Traffic Content | Network Traffic Flow | Process Creation
T1573.002,Asymmetric Cryptography,Yes,ESXi; Linux; Network Devices; Windows; macOS,DET0543,5,ESXi; Linux; Network Devices; Windows; macOS,IDS:TLSInspection | NSM:Flow | WinEventLog:Sysmon | auditd:SYSCALL | esxcli:network | esxi:vpxd | linux:osquery | linux:syslog | macos:unifiedlog,Application Log Content | Module Load | Network Connection Creation | Network Traffic Content | Network Traffic Flow | Process Creation
T1574,Hijack Execution Flow,No,Linux; Windows; macOS,DET0218,3,Linux; Windows; macOS,WinEventLog:Security | WinEventLog:Sysmon | auditd:SYSCALL | linux:osquery | linux:syslog | macos:unifiedlog,File Creation | File Modification | Module Load | Process Creation | Service Metadata | Windows Registry Key Modification
T1574.001,DLL,Yes,Windows,DET0201,1,Windows,WinEventLog:Security | WinEventLog:Sysmon,File Creation | File Metadata | Module Load | Process Creation | Windows Registry Key Modification
T1574.004,Dylib Hijacking,Yes,macOS,DET0152,1,macOS,macos:unifiedlog,File Creation | File Modification | Module Load
T1574.005,Executable Installer File Permissions Weakness,Yes,Windows,DET0038,1,Windows,WinEventLog:Sysmon,File Creation | File Metadata | Module Load | Process Creation
T1574.006,Dynamic Linker Hijacking,Yes,Linux; macOS,DET0435,2,Linux; macOS,auditd:PATH | auditd:SYSCALL | linux:osquery | macos:unifiedlog,File Creation | File Modification | Module Load | Process Creation | Process Metadata
T1574.007,Path Interception by PATH Environment Variable,Yes,Linux; Windows; macOS,DET0004,3,Linux; Windows; macOS,WinEventLog:Security | WinEventLog:Sysmon | auditd:SYSCALL | linux:osquery | macos:unifiedlog,File Creation | File Modification | Process Creation | Windows Registry Key Modification
T1574.008,Path Interception by Search Order Hijacking,Yes,Windows,DET0564,1,Windows,WinEventLog:Sysmon,File Creation | File Metadata | Process Creation
T1574.009,Path Interception by Unquoted Path,Yes,Windows,DET0064,1,Windows,WinEventLog:Security | WinEventLog:Sysmon,File Creation | File Metadata | Process Creation | Windows Registry Key Modification
T1574.010,Services File Permissions Weakness,Yes,Windows,DET0436,1,Windows,WinEventLog:Sysmon | WinEventLog:System,File Creation | File Metadata | Process Creation | Service Creation
T1574.011,Services Registry Permissions Weakness,Yes,Windows,DET0427,1,Windows,WinEventLog:Security | WinEventLog:Sysmon | WinEventLog:System,Process Creation | Service Modification | Windows Registry Key Modification
T1574.012,COR_PROFILER,Yes,Windows,DET0479,1,Windows,WinEventLog:Security | WinEventLog:Sysmon,File Creation | Module Load | Process Creation | Windows Registry Key Modification
T1574.013,KernelCallbackTable,Yes,Windows,DET0577,1,Windows,WinEventLog:Sysmon | etw:Microsoft-Windows-Kernel-Process,OS API Execution | Process Access | Process Creation
T1574.014,AppDomainManager,Yes,Windows,DET0517,1,Windows,WinEventLog:Security | WinEventLog:Sysmon,File Creation | Module Load | Process Creation
T1578,Modify Cloud Compute Infrastructure,No,IaaS,DET0308,1,IaaS,AWS:CloudTrail | AWS:CloudWatch,Cloud Service Metadata | Instance Start | Instance Stop | Snapshot Creation | Snapshot Deletion | Snapshot Modification | Volume Creation | Volume Deletion | Volume Modification
T1578.001,Create Snapshot,Yes,IaaS,DET0423,1,IaaS,AWS:CloudTrail,Snapshot Creation | Snapshot Metadata
T1578.002,Create Cloud Instance,Yes,IaaS,DET0449,1,IaaS,AWS:CloudTrail | azure:activity,Instance Creation | Instance Metadata | Instance Start
T1578.003,Delete Cloud Instance,Yes,IaaS,DET0084,1,IaaS,AWS:CloudTrail | azure:activity,Instance Deletion | Instance Metadata | Instance Stop
T1578.004,Revert Cloud Instance,Yes,IaaS,DET0337,1,IaaS,AWS:CloudTrail,Instance Modification | Instance Start | Instance Stop
T1578.005,Modify Cloud Compute Configurations,Yes,IaaS,DET0492,1,IaaS,AWS:CloudTrail,Cloud Service Modification
T1580,Cloud Infrastructure Discovery,No,IaaS,DET0169,1,IaaS,AWS:CloudTrail,Cloud Storage Enumeration | Instance Enumeration | Instance Metadata
T1583,Acquire Infrastructure,No,PRE,DET0895,1,PRE,Domain Name | Internet Scan,Active DNS | Domain Registration | Passive DNS | Response Content | Response Metadata
T1583.001,Domains,Yes,PRE,DET0892,1,PRE,Domain Name,Active DNS | Domain Registration | Passive DNS
T1583.002,DNS Server,Yes,PRE,DET0862,1,PRE,,
T1583.003,Virtual Private Server,Yes,PRE,DET0838,1,PRE,Internet Scan,Response Content | Response Metadata
T1583.004,Server,Yes,PRE,DET0871,1,PRE,Internet Scan,Response Content | Response Metadata
T1583.005,Botnet,Yes,PRE,DET0837,1,PRE,,
T1583.006,Web Services,Yes,PRE,DET0896,1,PRE,Internet Scan,Response Content
T1583.007,Serverless,Yes,PRE,DET0829,1,PRE,Internet Scan,Response Content
T1583.008,Malvertising,Yes,PRE,DET0836,1,PRE,Internet Scan,Response Content
T1584,Compromise Infrastructure,No,PRE,DET0885,1,PRE,Domain Name | Internet Scan,Active DNS | Domain Registration | Passive DNS | Response Content | Response Metadata
T1584.001,Domains,Yes,PRE,DET0863,1,PRE,Domain Name,Active DNS | Domain Registration | Passive DNS
T1584.002,DNS Server,Yes,PRE,DET0891,1,PRE,Domain Name,Active DNS | Passive DNS
T1584.003,Virtual Private Server,Yes,PRE,DET0854,1,PRE,Internet Scan,Response Content | Response Metadata
T1584.004,Server,Yes,PRE,DET0874,1,PRE,Internet Scan,Response Content | Response Metadata
T1584.005,Botnet,Yes,PRE,DET0883,1,PRE,,
T1584.006,Web Services,Yes,PRE,DET0882,1,PRE,Internet Scan,Response Content
T1584.007,Serverless,Yes,PRE,DET0864,1,PRE,Internet Scan,Response Content
T1584.008,Network Devices,Yes,PRE,DET0859,1,PRE,Internet Scan,Response Content
T1585,Establish Accounts,No,PRE,DET0873,1,PRE,Network Traffic | Persona,Network Traffic Content | Social Media
T1585.001,Social Media Accounts,Yes,PRE,DET0851,1,PRE,Network Traffic | Persona,Network Traffic Content | Social Media
T1585.002,Email Accounts,Yes,PRE,DET0835,1,PRE,,
T1585.003,Cloud Accounts,Yes,PRE,DET0846,1,PRE,,
T1586,Compromise Accounts,No,PRE,DET0876,1,PRE,Network Traffic | Persona,Network Traffic Content | Social Media
T1586.001,Social Media Accounts,Yes,PRE,DET0870,1,PRE,Network Traffic | Persona,Network Traffic Content | Social Media
T1586.002,Email Accounts,Yes,PRE,DET0861,1,PRE,,
T1586.003,Cloud Accounts,Yes,PRE,DET0879,1,PRE,,
T1587,Develop Capabilities,No,PRE,DET0853,1,PRE,Internet Scan | Malware Repository,Malware Content | Malware Metadata | Response Content
T1587.001,Malware,Yes,PRE,DET0872,1,PRE,Malware Repository,Malware Content | Malware Metadata
T1587.002,Code Signing Certificates,Yes,PRE,DET0833,1,PRE,Malware Repository,Malware Metadata
T1587.003,Digital Certificates,Yes,PRE,DET0844,1,PRE,Internet Scan,Response Content
T1587.004,Exploits,Yes,PRE,DET0894,1,PRE,,
T1588,Obtain Capabilities,No,PRE,DET0850,1,PRE,Certificate | Internet Scan | Malware Repository,Certificate Registration | Malware Content | Malware Metadata | Response Content
T1588.001,Malware,Yes,PRE,DET0845,1,PRE,Malware Repository,Malware Content | Malware Metadata
T1588.002,Tool,Yes,PRE,DET0852,1,PRE,Malware Repository,Malware Metadata
T1588.003,Code Signing Certificates,Yes,PRE,DET0875,1,PRE,Malware Repository,Malware Metadata
T1588.004,Digital Certificates,Yes,PRE,DET0848,1,PRE,Certificate | Internet Scan,Certificate Registration | Response Content
T1588.005,Exploits,Yes,PRE,DET0827,1,PRE,,
T1588.006,Vulnerabilities,Yes,PRE,DET0808,1,PRE,,
T1588.007,Artificial Intelligence,Yes,PRE,DET0842,1,PRE,,
T1589,Gather Victim Identity Information,No,PRE,DET0841,1,PRE,Network Traffic,Network Traffic Content
T1589.001,Credentials,Yes,PRE,DET0813,1,PRE,,
T1589.002,Email Addresses,Yes,PRE,DET0814,1,PRE,Network Traffic,Network Traffic Content
T1589.003,Employee Names,Yes,PRE,DET0857,1,PRE,,
T1590,Gather Victim Network Information,No,PRE,DET0869,1,PRE,,
T1590.001,Domain Properties,Yes,PRE,DET0847,1,PRE,,
T1590.002,DNS,Yes,PRE,DET0843,1,PRE,,
T1590.003,Network Trust Dependencies,Yes,PRE,DET0828,1,PRE,,
T1590.004,Network Topology,Yes,PRE,DET0819,1,PRE,,
T1590.005,IP Addresses,Yes,PRE,DET0815,1,PRE,,
T1590.006,Network Security Appliances,Yes,PRE,DET0889,1,PRE,,
T1591,Gather Victim Org Information,No,PRE,DET0890,1,PRE,,
T1591.001,Determine Physical Locations,Yes,PRE,DET0806,1,PRE,,
T1591.002,Business Relationships,Yes,PRE,DET0855,1,PRE,,
T1591.003,Identify Business Tempo,Yes,PRE,DET0849,1,PRE,,
T1591.004,Identify Roles,Yes,PRE,DET0807,1,PRE,,
T1592,Gather Victim Host Information,No,PRE,DET0826,1,PRE,Internet Scan,Response Content
T1592.001,Hardware,Yes,PRE,DET0887,1,PRE,Internet Scan,Response Content
T1592.002,Software,Yes,PRE,DET0888,1,PRE,Internet Scan,Response Content
T1592.003,Firmware,Yes,PRE,DET0818,1,PRE,,
T1592.004,Client Configurations,Yes,PRE,DET0820,1,PRE,Internet Scan,Response Content
T1593,Search Open Websites/Domains,No,PRE,DET0856,1,PRE,,
T1593.001,Social Media,Yes,PRE,DET0812,1,PRE,,
T1593.002,Search Engines,Yes,PRE,DET0811,1,PRE,,
T1593.003,Code Repositories,Yes,PRE,DET0805,1,PRE,,
T1594,Search Victim-Owned Websites,No,PRE,DET0810,1,PRE,Application Log,Application Log Content
T1595,Active Scanning,No,PRE,DET0830,1,PRE,Network Traffic,Network Traffic Content | Network Traffic Flow
T1595.001,Scanning IP Blocks,Yes,PRE,DET0817,1,PRE,Network Traffic,Network Traffic Content | Network Traffic Flow
T1595.002,Vulnerability Scanning,Yes,PRE,DET0867,1,PRE,Network Traffic,Network Traffic Content | Network Traffic Flow
T1595.003,Wordlist Scanning,Yes,PRE,DET0868,1,PRE,Network Traffic,Network Traffic Content
T1596,Search Open Technical Databases,No,PRE,DET0860,1,PRE,,
T1596.001,DNS/Passive DNS,Yes,PRE,DET0877,1,PRE,,
T1596.002,WHOIS,Yes,PRE,DET0832,1,PRE,,
T1596.003,Digital Certificates,Yes,PRE,DET0831,1,PRE,,
T1596.004,CDNs,Yes,PRE,DET0809,1,PRE,,
T1596.005,Scan Databases,Yes,PRE,DET0858,1,PRE,,
T1597,Search Closed Sources,No,PRE,DET0822,1,PRE,,
T1597.001,Threat Intel Vendors,Yes,PRE,DET0816,1,PRE,,
T1597.002,Purchase Technical Data,Yes,PRE,DET0880,1,PRE,,
T1598,Phishing for Information,No,PRE,DET0823,1,PRE,Application Log | Network Traffic,Application Log Content | Network Traffic Content | Network Traffic Flow
T1598.001,Spearphishing Service,Yes,PRE,DET0821,1,PRE,Application Log | Network Traffic,Application Log Content | Network Traffic Content | Network Traffic Flow
T1598.002,Spearphishing Attachment,Yes,PRE,DET0865,1,PRE,Application Log | Network Traffic,Application Log Content | Network Traffic Content | Network Traffic Flow
T1598.003,Spearphishing Link,Yes,PRE,DET0878,1,PRE,Application Log | Network Traffic,Application Log Content | Network Traffic Content | Network Traffic Flow
T1598.004,Spearphishing Voice,Yes,PRE,DET0886,1,PRE,Application Log,Application Log Content
T1599,Network Boundary Bridging,No,Network Devices,DET0006,1,Network Devices,NSM:Flow | networkdevice:syslog,Network Traffic Content | Network Traffic Flow
T1599.001,Network Address Translation Traversal,Yes,Network Devices,DET0163,1,Network Devices,NSM:Flow | networkdevice:config,Network Traffic Content | Network Traffic Flow
T1600,Weaken Encryption,No,Network Devices,DET0339,1,Network Devices,NSM:Flow | networkdevice:config | snmp:status,File Modification | Module Load | Network Traffic Content
T1600.001,Reduce Key Space,Yes,Network Devices,DET0243,1,Network Devices,NSM:Flow | networkdevice:cli | networkdevice:config,Command Execution | File Modification | Network Traffic Content
T1600.002,Disable Crypto Hardware,Yes,Network Devices,DET0494,1,Network Devices,NSM:Flow | networkdevice:cli | networkdevice:config,Command Execution | File Modification | Network Traffic Content
T1601,Modify System Image,No,Network Devices,DET0170,1,Network Devices,networkdevice:cli | networkdevice:config,Command Execution | File Modification
T1601.001,Patch System Image,Yes,Network Devices,DET0469,1,Network Devices,firmware:runtime | networkdevice:cli | networkdevice:config,Command Execution | File Modification | Firmware Modification
T1601.002,Downgrade System Image,Yes,Network Devices,DET0569,1,Network Devices,networkdevice:cli | networkdevice:config | networkdevice:syslog,Command Execution | File Metadata | File Modification
T1602,Data from Configuration Repository,No,Network Devices,DET0592,1,Network Devices,NSM:Flow | networkdevice:syslog,Network Connection Creation | Network Traffic Content
T1602.001,SNMP (MIB Dump),Yes,Network Devices,DET0453,1,Network Devices,NSM:Flow | networkdevice:audit | networkdevice:syslog,File Modification | Network Connection Creation | Network Traffic Content
T1602.002,Network Device Configuration Dump,Yes,Network Devices,DET0233,1,Network Devices,NSM:Flow | networkdevice:cli | networkdevice:syslog | snmp:access,Command Execution | Network Connection Creation | Network Traffic Content | User Account Authentication
T1606,Forge Web Credentials,No,IaaS; Identity Provider; Linux; Office Suite; SaaS; Windows; macOS,DET0260,7,IaaS; Identity Provider; Linux; Office Suite; SaaS; Windows; macOS,AWS:CloudTrail | NSM:Connections | WinEventLog:Security | WinEventLog:Sysmon | auditd:SYSCALL | azure:signinlogs | m365:oauth | m365:signinlogs | m365:unified | macos:unifiedlog | saas:auth,File Access | Logon Session Creation | Network Traffic Content | Process Access | Web Credential Creation | Web Credential Usage
T1606.001,Web Cookies,Yes,IaaS; Linux; SaaS; Windows; macOS,DET0171,5,IaaS; Linux; SaaS; Windows; macOS,AWS:CloudTrail | WinEventLog:Security | WinEventLog:Sysmon | auditd:SYSCALL | m365:unified | macos:unifiedlog | saas:access,File Access | File Creation | Logon Session Creation | Network Connection Creation | Web Credential Usage
T1606.002,SAML Tokens,Yes,IaaS; Identity Provider; Office Suite; SaaS; Windows,DET0148,5,IaaS; Identity Provider; Office Suite; SaaS; Windows,AWS:CloudTrail | CloudTrail:Signin | WinEventLog:ADFS | WinEventLog:Security | azure:signinlogs | m365:exchange | m365:sharepoint | m365:unified | saas:access,Logon Session Creation | Logon Session Metadata | User Account Authentication | Web Credential Creation | Web Credential Usage
T1608,Stage Capabilities,No,PRE,DET0839,1,PRE,Internet Scan,Response Content
T1608.001,Upload Malware,Yes,PRE,DET0824,1,PRE,Internet Scan,Response Content
T1608.002,Upload Tool,Yes,PRE,DET0834,1,PRE,Internet Scan,Response Content
T1608.003,Install Digital Certificate,Yes,PRE,DET0840,1,PRE,Internet Scan,Response Content
T1608.004,Drive-by Target,Yes,PRE,DET0825,1,PRE,Internet Scan,Response Content
T1608.005,Link Target,Yes,PRE,DET0893,1,PRE,Internet Scan,Response Content
T1608.006,SEO Poisoning,Yes,PRE,DET0881,1,PRE,Internet Scan,Response Content
T1609,Container Administration Command,No,Containers,DET0065,1,Containers,docker:daemon | kubernetes:apiserver,Command Execution | Process Creation
T1610,Deploy Container,No,Containers,DET0249,1,Containers,containerd:runtime | docker:daemon | docker:events | ebpf:syscalls,Application Log Content | Container Start | Network Traffic Content | Process Creation
T1611,Escape to Host,No,Containers; ESXi; Linux; Windows,DET0219,4,Containers; ESXi; Linux; Windows,WinEventLog:Security | WinEventLog:Sysmon | auditd:SYSCALL | docker:daemon | esxi:vmkernel | kubernetes:apiserver | linux:Sysmon,Container Creation | File Creation | Kernel Module Load | OS API Execution | Process Creation | Volume Modification
T1612,Build Image on Host,No,Containers,DET0459,1,Containers,NSM:Flow | docker:daemon,Image Creation | Network Connection Creation
T1613,Container and Resource Discovery,No,Containers,DET0490,1,Containers,docker:daemon | kubernetes:apiserver,Container Enumeration | Pod Enumeration
T1614,System Location Discovery,No,IaaS; Linux; Windows; macOS,DET0043,4,IaaS; Linux; Windows; macOS,AWS:CloudTrail | WinEventLog:Security | auditd:SYSCALL | azure:vpcflow | etw:Microsoft-Windows-Kernel-Base | linux:Sysmon | macos:osquery | macos:unifiedlog,Command Execution | Network Traffic Content | OS API Execution | Process Creation
T1614.001,System Language Discovery,Yes,Linux; Windows; macOS,DET0565,3,Linux; Windows; macOS,ETW | WinEventLog:Security | WinEventLog:Sysmon | auditd:SYSCALL | linux:Sysmon | macos:osquery | macos:unifiedlog,Command Execution | OS API Execution | Process Creation | Windows Registry Key Access
T1615,Group Policy Discovery,No,Windows,DET0055,1,Windows,NSM:Flow | WinEventLog:PowerShell | WinEventLog:Security | WinEventLog:Sysmon,Active Directory Object Access | Command Execution | Network Traffic Content | Process Creation
T1619,Cloud Storage Object Discovery,No,IaaS,DET0578,1,IaaS,AWS:CloudTrail,Cloud Storage Access | Cloud Storage Enumeration
T1620,Reflective Code Loading,No,Linux; Windows; macOS,DET0300,3,Linux; Windows; macOS,WinEventLog:Sysmon | auditd:MMAP | auditd:SYSCALL | etw:Microsoft-Antimalware-Scan-Interface | etw:Microsoft-Windows-DotNETRuntime | macos:unifiedlog,Module Load | OS API Execution | Process Access | Process Creation | Script Execution
T1621,Multi-Factor Authentication Request Generation,No,IaaS; Identity Provider; Linux; Office Suite; SaaS; Windows; macOS,DET0160,6,IaaS; Identity Provider; Linux; SaaS; Windows; macOS,AWS:CloudTrail | NSM:Connections | WinEventLog:Security | auditd:AUTH | azure:signinlogs | macos:unifiedlog | saas:okta,Application Log Content | Logon Session Metadata | User Account Authentication
T1622,Debugger Evasion,No,Linux; Windows; macOS,DET0371,3,Linux; Windows; macOS,WinEventLog:Sysmon | auditd:SYSCALL | etw:Microsoft-Windows-Kernel-Process | macos:unifiedlog,File Access | OS API Execution | Process Creation
T1647,Plist File Modification,No,macOS,DET0109,1,macOS,macos:unifiedlog,Command Execution | File Modification | Process Creation
T1648,Serverless Execution,No,IaaS; Office Suite; SaaS,DET0374,3,IaaS; Office Suite; SaaS,AWS:CloudTrail | m365:exchange | m365:unified | saas:appsscript | saas:googledrive,Application Log Content | Cloud Service Modification
T1649,Steal or Forge Authentication Certificates,No,Identity Provider; Linux; Windows; macOS,DET0240,4,Identity Provider; Linux; Windows; macOS,WinEventLog:Security | auditd:SYSCALL | azure:signinlogs | m365:unified | macos:keychain | macos:unifiedlog,Active Directory Credential Request | Active Directory Object Modification | Application Log Content | Command Execution | File Access | Windows Registry Key Access
T1650,Acquire Access,No,PRE,DET0884,1,PRE,,
T1651,Cloud Administration Command,No,IaaS,DET0545,1,IaaS,AWS:CloudTrail | azure:activity | azure:vmguest,Command Execution | Process Creation | Script Execution
T1652,Device Driver Discovery,No,Linux; Windows; macOS,DET0579,3,Linux; Windows; macOS,WinEventLog:Security | WinEventLog:Sysmon | auditd:FS | auditd:SYSCALL | macos:unifiedlog,Command Execution | File Access | Process Creation | Windows Registry Key Modification
T1653,Power Settings,No,Linux; Network Devices; Windows; macOS,DET0417,3,Linux; Windows; macOS,WinEventLog:Security | auditd:PATH | auditd:SYSCALL | macos:unifiedlog,Command Execution | File Modification | Process Creation
T1654,Log Enumeration,No,ESXi; IaaS; Linux; Windows; macOS,DET0255,5,ESXi; IaaS; Linux; Windows; macOS,AWS:CloudTrail | WinEventLog:Security | auditd:PATH | auditd:SYSCALL | azure:activity | esxi:hostd | esxi:shell | macos:unifiedlog,Command Execution | File Access | Process Creation
T1657,Financial Theft,No,Linux; Office Suite; SaaS; Windows; macOS,DET0495,5,Linux; Office Suite; SaaS; Windows; macOS,WinEventLog:Security | WinEventLog:Sysmon | auditd:SYSCALL | linux:syslog | m365:office | m365:unified | macos:unifiedlog | saas:finance,Application Log Content | Command Execution | File Modification | Logon Session Creation | Process Creation
T1659,Content Injection,No,Linux; Windows; macOS,DET0349,3,Linux; Windows; macOS,NSM:Flow | WinEventLog:Security | WinEventLog:Sysmon | auditd:SYSCALL | macos:unifiedlog,Command Execution | File Creation | Network Traffic Content | Process Creation
T1665,Hide Infrastructure,No,ESXi; Linux; Network Devices; Windows; macOS,DET0411,5,ESXi; Linux; Network Devices; Windows; macOS,NSM:Flow | WinEventLog:Security | auditd:SYSCALL | dns:query | esxi:vmkernel | macos:unifiedlog,Domain Registration | Network Connection Creation | Network Traffic Content | Process Creation | Response Content | Response Metadata
T1666,Modify Cloud Resource Hierarchy,No,IaaS,DET0155,1,IaaS,AWS:CloudTrail,Cloud Service Modification
T1667,Email Bombing,No,Linux; Office Suite; Windows; macOS,DET0355,4,Linux; Office Suite; Windows; macOS,Application:Mail | WinEventLog:Sysmon | auditd:SYSCALL | fs:fsusage | m365:exchange | m365:unified | macos:unifiedlog,Application Log Content | File Creation
T1668,Exclusive Control,No,Linux; Windows; macOS,DET0015,3,Linux; Windows; macOS,WinEventLog:Security | WinEventLog:Sysmon | auditd:SYSCALL | linux:syslog | macos:osquery | macos:unifiedlog,Command Execution | Process Creation | Process Termination
T1669,Wi-Fi Networks,No,Linux; Network Devices; Windows; macOS,DET0536,4,Linux; Network Devices; Windows; macOS,NSM:Firewall | WIDS:AssociationLogs | WinEventLog:Microsoft-Windows-WLAN-AutoConfig | WinEventLog:Security | auditd:SYSCALL | linux:syslog | macos:osquery | macos:unifiedlog,Firewall Rule Modification | Network Connection Creation | Network Traffic Content | Network Traffic Flow | User Account Authentication
T1671,Cloud Application Integration,No,Office Suite; SaaS,DET0539,2,Office Suite; SaaS,azure:audit | m365:unified | saas:audit | saas:integration,Active Directory Object Modification | Application Log Content | Cloud Service Modification
T1673,Virtual Machine Discovery,No,ESXi; Linux; Windows; macOS,DET0199,4,ESXi; Linux; Windows; macOS,WinEventLog:Security | auditd:SYSCALL | esxi:shell | macos:unifiedlog,Command Execution | Process Creation
T1674,Input Injection,No,Linux; Windows; macOS,DET0568,3,Linux; Windows; macOS,WinEventLog:PowerShell | WinEventLog:Security | WinEventLog:System | auditd:SYSCALL | linux:syslog | macos:unifiedlog,Command Execution | Drive Creation | Process Creation | Script Execution
T1675,ESXi Administration Command,No,ESXi,DET0232,1,ESXi,esxi:hostd,Application Log Content
T1677,Poisoned Pipeline Execution,No,SaaS,DET0533,1,SaaS,saas:PRMetadata | saas:RepoEvents | saas:github,Cloud Service Metadata | Cloud Service Modification | Cloud Storage Access | Command Execution | File Metadata
T1678,Delay Execution,No,Linux; Windows; macOS,DET0372,3,Linux; Windows; macOS,WinEventLog:Sysmon | auditd:PROCTITLE | auditd:SYSCALL | macos:unifiedlog,Module Load | Process Creation | Script Execution
T1679,Selective Exclusion,No,Windows,DET0897,1,Windows,WinEventLog:PowerShell | WinEventLog:Security,Command Execution | File Modification | Process Creation
T1680,Local Storage Discovery,No,ESXi; IaaS; Linux; Windows; macOS,DET0188,4,ESXi; Linux; Windows; macOS,WinEventLog:Sysmon | auditd:EXECVE | auditd:SYSCALL | esxi:auth | esxi:hostd | macos:unifiedlog,Command Execution | Process Creation | User Account Authentication
T1681,Search Threat Vendor Data,No,PRE,DET0866,1,PRE,,
T1682,Query Public AI Services,No,PRE,DET0919,1,PRE,,
T1683,Generate Content,No,PRE,DET0916,1,PRE,,
T1683.001,Written Content,Yes,PRE,DET0917,1,PRE,,
T1683.002,Audio-Visual Content,Yes,PRE,DET0918,1,PRE,,
T1684,Social Engineering,No,Linux; Office Suite; SaaS; Windows; macOS,DET0899,5,Linux; Office Suite; SaaS; Windows; macOS,NSM:Connections | WinEventLog:Security | WinEventLog:Sysmon | auditd:EXECVE | auditd:PATH | m365:exchange | m365:teams | m365:unified | macos:unifiedlog | saas:okta | saas:slack | saas:zoom,Application Log Content | Command Execution | File Access | File Creation | File Modification | Logon Session Creation | Network Connection Creation | Process Creation | User Account Authentication
T1684.001,Impersonation,Yes,Linux; Office Suite; SaaS; Windows; macOS,DET0286,5,Linux; Office Suite; SaaS; Windows; macOS,Application:Mail | WinEventLog:Security | auditd:SYSCALL | gcp:workspaceaudit | m365:unified | macos:unifiedlog,Application Log Content | Command Execution | Logon Session Creation
T1684.002,Email Spoofing,Yes,Linux; Office Suite; Windows; macOS,DET0431,4,Linux; Office Suite; Windows; macOS,linux:syslog | m365:messagetrace | macos:unifiedlog | saas:email,Application Log Content
T1685,Disable or Modify Tools,No,Containers; ESXi; IaaS; Linux; Network Devices; Windows; macOS,DET0497,7,Containers; ESXi; IaaS; Linux; Network Devices; Windows; macOS,AWS:CloudTrail | WinEventLog:Sysmon | WinEventLog:System | auditd:CONFIG_CHANGE | auditd:SYSCALL | esxi:hostd | esxi:shell | kubernetes:audit | macos:unifiedlog | networkdevice:config | networkdevice:syslog,Cloud Service Modification | Command Execution | Host Status | Process Creation | Process Termination | Service Creation | Service Metadata | Service Modification | Windows Registry Key Modification
T1685.001,Disable or Modify Windows Event Log,Yes,Windows,DET0187,1,Windows,WinEventLog:Security | WinEventLog:Sysmon | WinEventLog:System,Application Log Content | Process Creation | Service Metadata | Windows Registry Key Modification
T1685.002,Disable or Modify Cloud Log,Yes,IaaS; Identity Provider; Office Suite; SaaS,DET0289,4,IaaS; Identity Provider; Office Suite; SaaS,AWS:CloudTrail | azure:policy | gcp:config | m365:unified | saas:audit,Cloud Service Disable | Cloud Service Modification | User Account Modification
T1685.003,Modify or Spoof Tool UI,Yes,Linux; Windows; macOS,DET0311,3,Linux; Windows; macOS,WinEventLog:Sysmon | WinEventLog:System | auditd:SYSCALL | linux:syslog | macos:unifiedlog,Host Status | Process Creation | Service Creation
T1685.004,Disable or Modify Linux Audit System Log,Yes,Linux,DET0062,1,Linux,auditd:EXECVE | auditd:FILE | auditd:SYSCALL | linux:syslog,Command Execution | File Modification | Process Modification | Service Metadata
T1685.005,Clear Windows Event Logs,Yes,Windows,DET0532,1,Windows,WinEventLog:Security | WinEventLog:Sysmon,Application Log Content | File Deletion | Process Creation
T1685.006,Clear Linux or Mac System Logs,Yes,Linux; macOS,DET0520,2,Linux; macOS,auditd:SYSCALL | fs:fsusage | macos:unifiedlog,File Deletion | File Modification | Process Creation
T1686,Disable or Modify System Firewall,No,ESXi; Linux; Network Devices; Windows; macOS,DET0145,5,ESXi; Linux; Network Devices; Windows; macOS,WinEventLog:Security | WinEventLog:Sysmon | auditd:SYSCALL | esxi:hostd | linux:osquery | macos:unifiedlog | networkdevice:cli,Command Execution | Firewall Rule Modification | Process Creation | Windows Registry Key Modification
T1686.001,Cloud Firewall,Yes,IaaS,DET0424,1,IaaS,AWS:CloudTrail,Firewall Disable | Firewall Rule Modification
T1686.002,Network Device Firewall,Yes,Network Devices,DET0306,1,Network Devices,NSM:Flow | networkdevice:Firewall,Command Execution | Firewall Rule Modification | Logon Session Creation | Network Connection Creation
T1686.003,Windows Host Firewall,Yes,Windows,DET0901,1,Windows,WinEventLog:Security | WinEventLog:Sysmon | WinEventLog:System,Network Connection Creation | Process Creation | Service Creation | Windows Registry Key Creation | Windows Registry Key Modification
T1687,Exploitation for Defense Impairment,No,IaaS; Linux; SaaS; Windows; macOS,DET0900,5,IaaS; Linux; SaaS; Windows; macOS,AWS:CloudTrail | NSM:Flow | WinEventLog:Security | WinEventLog:Sysmon | WinEventLog:System | auditd:DAEMON | auditd:EXECVE | m365:unified | macos:unifiedlog | saas:okta,Application Log Content | Cloud Service Disable | Command Execution | Driver Load | Driver Metadata | Firewall Rule Modification | Instance Modification | Network Traffic Content | Process Creation | Process Metadata | Service Metadata
T1688,Safe Mode Boot,No,Windows,DET0116,1,Windows,WinEventLog:Security | WinEventLog:Sysmon,Process Creation | Windows Registry Key Creation | Windows Registry Key Modification
T1689,Downgrade Attack,No,Linux; Windows; macOS,DET0350,3,Linux; Windows; macOS,WinEventLog:Security | WinEventLog:Sysmon | auditd:SYSCALL | linux:syslog | macos:unifiedlog,Command Execution | Process Creation | Process Metadata | Windows Registry Key Modification
T1690,Prevent Command History Logging,No,ESXi; Linux; Network Devices; Windows; macOS,DET0563,5,ESXi; Linux; Network Devices; Windows; macOS,WinEventLog:PowerShell | WinEventLog:Sysmon | auditd:SYSCALL | esxi:shell | linux:osquery | macos:unifiedlog | networkdevice:cli,Command Execution | Process Creation
