technique_id,is_subtechnique,parent_id,name,tactics,tactic_ids,platforms,data_components,detection_guidance,mitigations,url,description
T1001,No,,Data Obfuscation,Command and Control,TA0011,ESXi; Linux; macOS; Windows,,,M1031 Network Intrusion Prevention,https://attack.mitre.org/techniques/T1001,"Adversaries may obfuscate command and control traffic to make it more difficult to detect.(Citation: Bitdefender FunnyDream Campaign November 2020) Command and control (C2) communications are hidden (but not necessarily encrypted) in an attempt to make the content more difficult to discover or decipher and to make the communication less conspicuous and hide commands from being seen. This encompasses many methods, such as adding junk data to protocol traffic, using steganography, or impersonating legitimate protocols. "
T1001.001,Yes,T1001,Junk Data,Command and Control,TA0011,ESXi; Linux; macOS; Windows,,,M1031 Network Intrusion Prevention,https://attack.mitre.org/techniques/T1001/001,"Adversaries may add junk data to protocols used for command and control to make detection more difficult.(Citation: FireEye SUNBURST Backdoor December 2020) By adding random or meaningless data to the protocols used for command and control, adversaries can prevent trivial methods for decoding, deciphering, or otherwise analyzing the traffic. Examples may include appending/prepending data with junk characters or writing junk characters between significant characters. "
T1001.002,Yes,T1001,Steganography,Command and Control,TA0011,Linux; macOS; Windows; ESXi,,,M1031 Network Intrusion Prevention,https://attack.mitre.org/techniques/T1001/002,"Adversaries may use steganographic techniques to hide command and control traffic to make detection efforts more difficult. Steganographic techniques can be used to hide data in digital messages that are transferred between systems. This hidden information can be used for command and control of compromised systems. In some cases, the passing of files embedded using steganography, such as image or document files, can be used for command and control. "
T1001.003,Yes,T1001,Protocol or Service Impersonation,Command and Control,TA0011,ESXi; Linux; macOS; Windows,,,M1031 Network Intrusion Prevention,https://attack.mitre.org/techniques/T1001/003,"Adversaries may impersonate legitimate protocols or web service traffic to disguise command and control activity and thwart analysis efforts. By impersonating legitimate protocols or web services, adversaries can make their command and control traffic blend in with legitimate network traffic.  "
T1003,No,,OS Credential Dumping,Credential Access,TA0006,Linux; macOS; Windows,,,M1015 Active Directory Configuration | M1017 User Training | M1025 Privileged Process Integrity | M1026 Privileged Account Management | M1027 Password Policies | M1028 Operating System Configuration | M1040 Behavior Prevention on Endpoint | M1041 Encrypt Sensitive Information | M1043 Credential Access Protection,https://attack.mitre.org/techniques/T1003,"Adversaries may attempt to dump credentials to obtain account login and credential material, normally in the form of a hash or a clear text password. Credentials can be obtained from OS caches, memory, or structures.(Citation: Brining MimiKatz to Unix) Credentials can then be used to perform [Lateral Movement](https://attack.mitre.org/tactics/TA0008) and access restricted information."
T1003.001,Yes,T1003,LSASS Memory,Credential Access,TA0006,Windows,,,M1017 User Training | M1025 Privileged Process Integrity | M1026 Privileged Account Management | M1027 Password Policies | M1028 Operating System Configuration | M1040 Behavior Prevention on Endpoint | M1043 Credential Access Protection,https://attack.mitre.org/techniques/T1003/001,"Adversaries may attempt to access credential material stored in the process memory of the Local Security Authority Subsystem Service (LSASS). After a user logs on, the system generates and stores a variety of credential materials in LSASS process memory. These credential materials can be harvested by an administrative user or SYSTEM and used to conduct [Lateral Movement](https://attack.mitre.org/tactics/TA0008) using [Use Alternate Authentication Material](https://attack.mitre.org/techniques/T1550)."
T1003.002,Yes,T1003,Security Account Manager,Credential Access,TA0006,Windows,,,M1017 User Training | M1026 Privileged Account Management | M1027 Password Policies | M1028 Operating System Configuration,https://attack.mitre.org/techniques/T1003/002,"Adversaries may attempt to extract credential material from the Security Account Manager (SAM) database either through in-memory techniques or through the Windows Registry where the SAM database is stored. The SAM is a database file that contains local accounts for the host, typically those found with the <code>net user</code> command. Enumerating the SAM database requires SYSTEM level access."
T1003.003,Yes,T1003,NTDS,Credential Access,TA0006,Windows,,,M1017 User Training | M1026 Privileged Account Management | M1027 Password Policies | M1041 Encrypt Sensitive Information,https://attack.mitre.org/techniques/T1003/003,"Adversaries may attempt to access or create a copy of the Active Directory domain database in order to steal credential information, as well as obtain other information about domain members such as devices, users, and access rights. By default, the NTDS file (NTDS.dit) is located in <code>%SystemRoot%\NTDS\Ntds.dit</code> of a domain controller.(Citation: Wikipedia Active Directory)"
T1003.004,Yes,T1003,LSA Secrets,Credential Access,TA0006,Windows,,,M1017 User Training | M1026 Privileged Account Management | M1027 Password Policies,https://attack.mitre.org/techniques/T1003/004,"Adversaries with SYSTEM access to a host may attempt to access Local Security Authority (LSA) secrets, which can contain a variety of different credential materials, such as credentials for service accounts.(Citation: Passcape LSA Secrets)(Citation: Microsoft AD Admin Tier Model)(Citation: Tilbury Windows Credentials) LSA secrets are stored in the registry at <code>HKEY_LOCAL_MACHINE\SECURITY\Policy\Secrets</code>. LSA secrets can also be dumped from memory.(Citation: ired Dumping LSA Secrets)"
T1003.005,Yes,T1003,Cached Domain Credentials,Credential Access,TA0006,Windows; Linux,,,M1015 Active Directory Configuration | M1017 User Training | M1026 Privileged Account Management | M1027 Password Policies | M1028 Operating System Configuration,https://attack.mitre.org/techniques/T1003/005,Adversaries may attempt to access cached domain credentials used to allow authentication to occur in the event a domain controller is unavailable.(Citation: Microsoft - Cached Creds)
T1003.006,Yes,T1003,DCSync,Credential Access,TA0006,Windows,,,M1015 Active Directory Configuration | M1026 Privileged Account Management | M1027 Password Policies,https://attack.mitre.org/techniques/T1003/006,Adversaries may attempt to access credentials and other sensitive information by abusing a Windows Domain Controller's application programming interface (API)(Citation: Microsoft DRSR Dec 2017) (Citation: Microsoft GetNCCChanges) (Citation: Samba DRSUAPI) (Citation: Wine API samlib.dll) to simulate the replication process from a remote domain controller using a technique called DCSync.
T1003.007,Yes,T1003,Proc Filesystem,Credential Access,TA0006,Linux,,,M1026 Privileged Account Management | M1027 Password Policies,https://attack.mitre.org/techniques/T1003/007,"Adversaries may gather credentials from the proc filesystem or `/proc`. The proc filesystem is a pseudo-filesystem used as an interface to kernel data structures for Linux based systems managing virtual memory. For each process, the `/proc/<PID>/maps` file shows how memory is mapped within the process’s virtual address space. And `/proc/<PID>/mem`, exposed for debugging purposes, provides access to the process’s virtual address space.(Citation: Picus Labs Proc cump 2022)(Citation: baeldung Linux proc map 2022)"
T1003.008,Yes,T1003,/etc/passwd and /etc/shadow,Credential Access,TA0006,Linux,,,M1026 Privileged Account Management | M1027 Password Policies,https://attack.mitre.org/techniques/T1003/008,"Adversaries may attempt to dump the contents of <code>/etc/passwd</code> and <code>/etc/shadow</code> to enable offline password cracking. Most modern Linux operating systems use a combination of <code>/etc/passwd</code> and <code>/etc/shadow</code> to store user account information, including password hashes in <code>/etc/shadow</code>. By default, <code>/etc/shadow</code> is only readable by the root user.(Citation: Linux Password and Shadow File Formats)"
T1005,No,,Data from Local System,Collection,TA0009,ESXi; Linux; macOS; Network Devices; Windows,,,M1057 Data Loss Prevention,https://attack.mitre.org/techniques/T1005,"Adversaries may search local system sources, such as file systems, configuration files, local databases, virtual machine files, or process memory, to find files of interest and sensitive data prior to Exfiltration."
T1006,No,,Direct Volume Access,Stealth,TA0005,Network Devices; Windows,,,M1018 User Account Management | M1040 Behavior Prevention on Endpoint,https://attack.mitre.org/techniques/T1006,Adversaries may directly access a volume to bypass file access controls and file system monitoring. Windows allows programs to have direct access to logical volumes. Programs with direct access may read and write files directly from the drive by analyzing file system data structures. This technique may bypass Windows file access controls as well as file system monitoring tools.(Citation: Hakobyan 2009)
T1007,No,,System Service Discovery,Discovery,TA0007,Linux; macOS; Windows,,,,https://attack.mitre.org/techniques/T1007,"Adversaries may try to gather information about registered local system services. Adversaries may obtain information about services using tools as well as OS utility commands such as <code>sc query</code>, <code>tasklist /svc</code>, <code>systemctl --type=service</code>, and <code>net start</code>. Adversaries may also gather information about schedule tasks via commands such as `schtasks` on Windows or `crontab -l` on Linux and macOS.(Citation: Elastic Security Labs GOSAR 2024)(Citation: SentinelLabs macOS Malware 2021)(Citation: Splunk Linux Gormir 2024)(Citation: Aquasec Kinsing 2020)"
T1008,No,,Fallback Channels,Command and Control,TA0011,ESXi; Linux; macOS; Windows,,,M1031 Network Intrusion Prevention,https://attack.mitre.org/techniques/T1008,Adversaries may use fallback or alternate communication channels if the primary channel is compromised or inaccessible in order to maintain reliable command and control and to avoid data transfer thresholds.
T1010,No,,Application Window Discovery,Discovery,TA0007,Linux; macOS; Windows,,,,https://attack.mitre.org/techniques/T1010,"Adversaries may attempt to get a listing of open application windows. Window listings could convey information about how the system is used.(Citation: Prevailion DarkWatchman 2021) For example, information about application windows could be used identify potential data to collect as well as identifying security tooling ([Security Software Discovery](https://attack.mitre.org/techniques/T1518/001)) to evade.(Citation: ESET Grandoreiro April 2020)"
T1011,No,,Exfiltration Over Other Network Medium,Exfiltration,TA0010,Linux; macOS; Windows,,,M1028 Operating System Configuration | M1042 Disable or Remove Feature or Program,https://attack.mitre.org/techniques/T1011,"Adversaries may attempt to exfiltrate data over a different network medium than the command and control channel. If the command and control network is a wired Internet connection, the exfiltration may occur, for example, over a WiFi connection, modem, cellular data connection, Bluetooth, or another radio frequency (RF) channel."
T1011.001,Yes,T1011,Exfiltration Over Bluetooth,Exfiltration,TA0010,Linux; macOS; Windows,,,M1028 Operating System Configuration | M1042 Disable or Remove Feature or Program,https://attack.mitre.org/techniques/T1011/001,"Adversaries may attempt to exfiltrate data over Bluetooth rather than the command and control channel. If the command and control network is a wired Internet connection, an adversary may opt to exfiltrate data using a Bluetooth communication channel."
T1012,No,,Query Registry,Discovery,TA0007,Windows,,,,https://attack.mitre.org/techniques/T1012,"Adversaries may interact with the Windows Registry to gather information about the system, configuration, and installed software."
T1014,No,,Rootkit,Stealth,TA0005,Linux; macOS; Windows,,,,https://attack.mitre.org/techniques/T1014,"Adversaries may use rootkits to hide the presence of programs, files, network connections, services, drivers, and other system components. Rootkits are programs that hide the existence of malware by intercepting/hooking and modifying operating system API calls that supply system information. (Citation: Symantec Windows Rootkits) "
T1016,No,,System Network Configuration Discovery,Discovery,TA0007,ESXi; Linux; macOS; Network Devices; Windows,,,,https://attack.mitre.org/techniques/T1016,"Adversaries may look for details about the network configuration and settings, such as IP and/or MAC addresses, of systems they access or through information discovery of remote systems. Several operating system administration utilities exist that can be used to gather this information. Examples include [Arp](https://attack.mitre.org/software/S0099), [ipconfig](https://attack.mitre.org/software/S0100)/[ifconfig](https://attack.mitre.org/software/S0101), [nbtstat](https://attack.mitre.org/software/S0102), and [route](https://attack.mitre.org/software/S0103)."
T1016.001,Yes,T1016,Internet Connection Discovery,Discovery,TA0007,Windows; Linux; macOS; ESXi,,,,https://attack.mitre.org/techniques/T1016/001,"Adversaries may check for Internet connectivity on compromised systems. This may be performed during automated discovery and can be accomplished in numerous ways such as using [Ping](https://attack.mitre.org/software/S0097), <code>tracert</code>, and GET requests to websites, or performing initial speed testing to confirm bandwidth."
T1016.002,Yes,T1016,Wi-Fi Discovery,Discovery,TA0007,Linux; Windows; macOS,,,,https://attack.mitre.org/techniques/T1016/002,"Adversaries may search for information about Wi-Fi networks, such as network names and passwords, on compromised systems. Adversaries may use Wi-Fi information as part of [Account Discovery](https://attack.mitre.org/techniques/T1087), [Remote System Discovery](https://attack.mitre.org/techniques/T1018), and other discovery or [Credential Access](https://attack.mitre.org/tactics/TA0006) activity to support both ongoing and future campaigns."
T1018,No,,Remote System Discovery,Discovery,TA0007,ESXi; Linux; macOS; Network Devices; Windows,,,,https://attack.mitre.org/techniques/T1018,"Adversaries may attempt to get a listing of other systems by IP address, hostname, or other logical identifier on a network that may be used for Lateral Movement from the current system. Functionality could exist within remote access tools to enable this, but utilities available on the operating system could also be used such as  [Ping](https://attack.mitre.org/software/S0097), <code>net view</code> using [Net](https://attack.mitre.org/software/S0039), or, on ESXi servers, `esxcli network diag ping`."
T1020,No,,Automated Exfiltration,Exfiltration,TA0010,Linux; macOS; Network Devices; Windows,,,,https://attack.mitre.org/techniques/T1020,"Adversaries may exfiltrate data, such as sensitive documents, through the use of automated processing after being gathered during Collection.(Citation: ESET Gamaredon June 2020) "
T1020.001,Yes,T1020,Traffic Duplication,Exfiltration,TA0010,Network Devices; IaaS,,,M1018 User Account Management | M1041 Encrypt Sensitive Information | M1057 Data Loss Prevention,https://attack.mitre.org/techniques/T1020/001,"Adversaries may leverage traffic mirroring in order to automate data exfiltration over compromised infrastructure. Traffic mirroring is a native feature for some devices, often used for network analysis. For example, devices may be configured to forward network traffic to one or more destinations for analysis by a network analyzer or other monitoring device. (Citation: Cisco Traffic Mirroring)(Citation: Juniper Traffic Mirroring)"
T1021,No,,Remote Services,Lateral Movement,TA0008,Linux; macOS; Windows; IaaS; ESXi,,,M1018 User Account Management | M1027 Password Policies | M1032 Multi-factor Authentication | M1035 Limit Access to Resource Over Network | M1042 Disable or Remove Feature or Program | M1047 Audit,https://attack.mitre.org/techniques/T1021,"Adversaries may use [Valid Accounts](https://attack.mitre.org/techniques/T1078) to log into a service that accepts remote connections, such as telnet, SSH, and VNC. The adversary may then perform actions as the logged-on user."
T1021.001,Yes,T1021,Remote Desktop Protocol,Lateral Movement,TA0008,Windows,,,M1018 User Account Management | M1026 Privileged Account Management | M1028 Operating System Configuration | M1030 Network Segmentation | M1032 Multi-factor Authentication | M1035 Limit Access to Resource Over Network | M1042 Disable or Remove Feature or Program | M1047 Audit,https://attack.mitre.org/techniques/T1021/001,Adversaries may use [Valid Accounts](https://attack.mitre.org/techniques/T1078) to log into a computer using the Remote Desktop Protocol (RDP). The adversary may then perform actions as the logged-on user.
T1021.002,Yes,T1021,SMB/Windows Admin Shares,Lateral Movement,TA0008,Windows,,,M1026 Privileged Account Management | M1027 Password Policies | M1035 Limit Access to Resource Over Network | M1037 Filter Network Traffic,https://attack.mitre.org/techniques/T1021/002,Adversaries may use [Valid Accounts](https://attack.mitre.org/techniques/T1078) to interact with a remote network share using Server Message Block (SMB). The adversary may then perform actions as the logged-on user.
T1021.003,Yes,T1021,Distributed Component Object Model,Lateral Movement,TA0008,Windows,,,M1026 Privileged Account Management | M1030 Network Segmentation | M1042 Disable or Remove Feature or Program | M1048 Application Isolation and Sandboxing,https://attack.mitre.org/techniques/T1021/003,Adversaries may use [Valid Accounts](https://attack.mitre.org/techniques/T1078) to interact with remote machines by taking advantage of Distributed Component Object Model (DCOM). The adversary may then perform actions as the logged-on user.
T1021.004,Yes,T1021,SSH,Lateral Movement,TA0008,ESXi; Linux; macOS,,,M1018 User Account Management | M1032 Multi-factor Authentication | M1042 Disable or Remove Feature or Program,https://attack.mitre.org/techniques/T1021/004,Adversaries may use [Valid Accounts](https://attack.mitre.org/techniques/T1078) to log into remote machines using Secure Shell (SSH). The adversary may then perform actions as the logged-on user.
T1021.005,Yes,T1021,VNC,Lateral Movement,TA0008,Linux; Windows; macOS,,,M1033 Limit Software Installation | M1037 Filter Network Traffic | M1042 Disable or Remove Feature or Program | M1047 Audit,https://attack.mitre.org/techniques/T1021/005,"Adversaries may use [Valid Accounts](https://attack.mitre.org/techniques/T1078) to remotely control machines using Virtual Network Computing (VNC).  VNC is a platform-independent desktop sharing system that uses the RFB (“remote framebuffer”) protocol to enable users to remotely control another computer’s display by relaying the screen, mouse, and keyboard inputs over the network.(Citation: The Remote Framebuffer Protocol)"
T1021.006,Yes,T1021,Windows Remote Management,Lateral Movement,TA0008,Windows,,,M1026 Privileged Account Management | M1030 Network Segmentation | M1042 Disable or Remove Feature or Program,https://attack.mitre.org/techniques/T1021/006,Adversaries may use [Valid Accounts](https://attack.mitre.org/techniques/T1078) to interact with remote systems using Windows Remote Management (WinRM). The adversary may then perform actions as the logged-on user.
T1021.007,Yes,T1021,Cloud Services,Lateral Movement,TA0008,IaaS; Identity Provider; Office Suite; SaaS,,,M1026 Privileged Account Management | M1032 Multi-factor Authentication,https://attack.mitre.org/techniques/T1021/007,Adversaries may log into accessible cloud services within a compromised environment using [Valid Accounts](https://attack.mitre.org/techniques/T1078) that are synchronized with or federated to on-premises user identities. The adversary may then perform management actions or access cloud-hosted resources as the logged-on user. 
T1021.008,Yes,T1021,Direct Cloud VM Connections,Lateral Movement,TA0008,IaaS,,,M1018 User Account Management | M1042 Disable or Remove Feature or Program,https://attack.mitre.org/techniques/T1021/008,"Adversaries may leverage [Valid Accounts](https://attack.mitre.org/techniques/T1078) to log directly into accessible cloud hosted compute infrastructure through cloud native methods. Many cloud providers offer interactive connections to virtual infrastructure that can be accessed through the [Cloud API](https://attack.mitre.org/techniques/T1059/009), such as Azure Serial Console(Citation: Azure Serial Console), AWS EC2 Instance Connect(Citation: EC2 Instance Connect)(Citation: lucr-3: Getting SaaS-y in the cloud), and AWS System Manager.(Citation: AWS System Manager)."
T1025,No,,Data from Removable Media,Collection,TA0009,Linux; macOS; Windows,,,M1057 Data Loss Prevention,https://attack.mitre.org/techniques/T1025,"Adversaries may search connected removable media on computers they have compromised to find files of interest. Sensitive data can be collected from any removable media (optical disk drive, USB memory, etc.) connected to the compromised system prior to Exfiltration. Interactive command shells may be in use, and common functionality within [cmd](https://attack.mitre.org/software/S0106) may be used to gather information. "
T1027,No,,Obfuscated Files or Information,Stealth,TA0005,ESXi; Linux; macOS; Network Devices; Windows,,,M1017 User Training | M1040 Behavior Prevention on Endpoint | M1047 Audit | M1049 Antivirus/Antimalware,https://attack.mitre.org/techniques/T1027,"Adversaries may attempt to make an executable or file difficult to discover or analyze by encrypting, encoding, or otherwise obfuscating its contents on the system or in transit. This is common behavior that can be used across different platforms and the network to evade defenses. "
T1027.001,Yes,T1027,Binary Padding,Stealth,TA0005,Linux; macOS; Windows,,,,https://attack.mitre.org/techniques/T1027/001,"Adversaries may use binary padding to add junk data and change the on-disk representation of malware. This can be done without affecting the functionality or behavior of a binary, but can increase the size of the binary beyond what some security tools are capable of handling due to file size limitations. "
T1027.002,Yes,T1027,Software Packing,Stealth,TA0005,Linux; macOS; Windows,,,M1049 Antivirus/Antimalware,https://attack.mitre.org/techniques/T1027/002,Adversaries may perform software packing or virtual machine software protection to conceal their code. Software packing is a method of compressing or encrypting an executable. Packing an executable changes the file signature in an attempt to avoid signature-based detection. Most decompression techniques decompress the executable code in memory. Virtual machine software protection translates an executable's original code into a special format that only a special virtual machine can run. A virtual machine is then called to run this code.(Citation: ESET FinFisher Jan 2018) 
T1027.003,Yes,T1027,Steganography,Stealth,TA0005,Linux; macOS; Windows,,,,https://attack.mitre.org/techniques/T1027/003,"Adversaries may use steganography techniques in order to prevent the detection of hidden information. Steganographic techniques can be used to hide data in digital media such as images, audio tracks, video clips, or text files."
T1027.004,Yes,T1027,Compile After Delivery,Stealth,TA0005,Linux; macOS; Windows,,,,https://attack.mitre.org/techniques/T1027/004,"Adversaries may attempt to make payloads difficult to discover and analyze by delivering files to victims as uncompiled code. Text-based source code files may subvert analysis and scrutiny from protections targeting executables/binaries. These payloads will need to be compiled before execution; typically via native utilities such as ilasm.exe(Citation: ATTACK IQ), csc.exe, or GCC/MinGW.(Citation: ClearSky MuddyWater Nov 2018)"
T1027.005,Yes,T1027,Indicator Removal from Tools,Stealth,TA0005,Linux; macOS; Windows,,,,https://attack.mitre.org/techniques/T1027/005,"Adversaries may remove indicators from tools if they believe their malicious tool was detected, quarantined, or otherwise curtailed. They can modify the tool by removing the indicator and using the updated version that is no longer detected by the target's defensive systems or subsequent targets that may use similar systems."
T1027.006,Yes,T1027,HTML Smuggling,Stealth,TA0005,Linux; macOS; Windows,,,M1048 Application Isolation and Sandboxing,https://attack.mitre.org/techniques/T1027/006,"Adversaries may smuggle data and files past content filters by hiding malicious payloads inside of seemingly benign HTML files. HTML documents can store large binary objects known as JavaScript Blobs (immutable data that represents raw bytes) that can later be constructed into file-like objects. Data may also be stored in Data URLs, which enable embedding media type or MIME files inline of HTML documents. HTML5 also introduced a download attribute that may be used to initiate file downloads.(Citation: HTML Smuggling Menlo Security 2020)(Citation: Outlflank HTML Smuggling 2018)"
T1027.007,Yes,T1027,Dynamic API Resolution,Stealth,TA0005,Windows,,,,https://attack.mitre.org/techniques/T1027/007,"Adversaries may obfuscate then dynamically resolve API functions called by their malware in order to conceal malicious functionalities and impair defensive analysis. Malware commonly uses various [Native API](https://attack.mitre.org/techniques/T1106) functions provided by the OS to perform various tasks such as those involving processes, files, and other system artifacts."
T1027.008,Yes,T1027,Stripped Payloads,Stealth,TA0005,Linux; macOS; Network Devices; Windows,,,,https://attack.mitre.org/techniques/T1027/008,"Adversaries may attempt to make a payload difficult to analyze by removing symbols, strings, and other human readable information. Scripts and executables may contain variables names and other strings that help developers document code functionality. Symbols are often created by an operating system’s `linker` when executable payloads are compiled. Reverse engineers use these symbols and strings to analyze code and to identify functionality in payloads.(Citation: Mandiant golang stripped binaries explanation)(Citation: intezer stripped binaries elf files 2018)"
T1027.009,Yes,T1027,Embedded Payloads,Stealth,TA0005,Linux; macOS; Windows,,,M1040 Behavior Prevention on Endpoint | M1049 Antivirus/Antimalware,https://attack.mitre.org/techniques/T1027/009,"Adversaries may embed payloads within other files to conceal malicious content from defenses. Otherwise seemingly benign files (such as scripts and executables) may be abused to carry and obfuscate malicious payloads and content. In some cases, embedded payloads may also enable adversaries to [Subvert Trust Controls](https://attack.mitre.org/techniques/T1553) by not impacting execution controls such as digital signatures and notarization tickets.(Citation: Sentinel Labs) "
T1027.010,Yes,T1027,Command Obfuscation,Stealth,TA0005,Linux; macOS; Windows,,,M1040 Behavior Prevention on Endpoint | M1049 Antivirus/Antimalware,https://attack.mitre.org/techniques/T1027/010,"Adversaries may obfuscate content during command execution to impede detection. Command-line obfuscation is a method of making strings and patterns within commands and scripts more difficult to signature and analyze. This type of obfuscation can be included within commands executed by delivered payloads (e.g., [Phishing](https://attack.mitre.org/techniques/T1566) and [Drive-by Compromise](https://attack.mitre.org/techniques/T1189)) or interactively via [Command and Scripting Interpreter](https://attack.mitre.org/techniques/T1059).(Citation: Akamai JS)(Citation: Malware Monday VBE)"
T1027.011,Yes,T1027,Fileless Storage,Stealth,TA0005,Linux; Windows,,,M1047 Audit,https://attack.mitre.org/techniques/T1027/011,"Adversaries may store data in ""fileless"" formats to conceal malicious activity from defenses. Fileless storage can be broadly defined as any format other than a file. Common examples of non-volatile fileless storage in Windows systems include the Windows Registry, event logs, or WMI repository.(Citation: Microsoft Fileless)(Citation: SecureList Fileless) Shared memory directories on Linux systems (`/dev/shm`, `/run/shm`, `/var/run`, and `/var/lock`) and volatile directories on Network Devices (`/tmp` and `/volatile`) may also be considered fileless storage, as files written to these directorie"
T1027.012,Yes,T1027,LNK Icon Smuggling,Stealth,TA0005,Windows,,,M1040 Behavior Prevention on Endpoint | M1049 Antivirus/Antimalware,https://attack.mitre.org/techniques/T1027/012,"Adversaries may smuggle commands to download malicious payloads past content filters by hiding them within otherwise seemingly benign windows shortcut files. Windows shortcut files (.LNK) include many metadata fields, including an icon location field (also known as the `IconEnvironmentDataBlock`) designed to specify the path to an icon file that is to be displayed for the LNK file within a host directory. "
T1027.013,Yes,T1027,Encrypted/Encoded File,Stealth,TA0005,Linux; macOS; Windows,,,M1040 Behavior Prevention on Endpoint | M1049 Antivirus/Antimalware,https://attack.mitre.org/techniques/T1027/013,"Adversaries may encrypt or encode files to obfuscate strings, bytes, and other specific patterns to impede detection. Encrypting and/or encoding file content aims to conceal malicious artifacts within a file used in an intrusion. Many other techniques, such as [Software Packing](https://attack.mitre.org/techniques/T1027/002), [Steganography](https://attack.mitre.org/techniques/T1027/003), and [Embedded Payloads](https://attack.mitre.org/techniques/T1027/009), share this same broad objective. Encrypting and/or encoding files could lead to a lapse in detection of static signatures, only for this"
T1027.014,Yes,T1027,Polymorphic Code,Stealth,TA0005,Linux; macOS; Windows,,,M1040 Behavior Prevention on Endpoint | M1049 Antivirus/Antimalware,https://attack.mitre.org/techniques/T1027/014,"Adversaries may utilize polymorphic code (also known as metamorphic or mutating code) to evade detection. Polymorphic code is a type of software capable of changing its runtime footprint during code execution.(Citation: polymorphic-blackberry) With each execution of the software, the code is mutated into a different version of itself that achieves the same purpose or objective as the original. This functionality enables the malware to evade traditional signature-based defenses, such as antivirus and antimalware tools.(Citation: polymorphic-sentinelone) "
T1027.015,Yes,T1027,Compression,Stealth,TA0005,Linux; macOS; Windows,,,M1049 Antivirus/Antimalware,https://attack.mitre.org/techniques/T1027/015,"Adversaries may use compression to obfuscate their payloads or files. Compressed file formats such as ZIP, gzip, 7z, and RAR can compress and archive multiple files together to make it easier and faster to transfer files. In addition to compressing files, adversaries may also compress shellcode directly - for example, in order to store it in a Windows Registry key (i.e., [Fileless Storage](https://attack.mitre.org/techniques/T1027/011)).(Citation: Trustwave Pillowmint June 2020)"
T1027.016,Yes,T1027,Junk Code Insertion,Stealth,TA0005,Linux; macOS; Windows,,,M1049 Antivirus/Antimalware,https://attack.mitre.org/techniques/T1027/016,"Adversaries may use junk code / dead code to obfuscate a malware’s functionality. Junk code is code that either does not execute, or if it does execute, does not change the functionality of the code. Junk code makes analysis more difficult and time-consuming, as the analyst steps through non-functional code instead of analyzing the main code. It also may hinder detections that rely on static code analysis due to the use of benign functionality, especially when combined with [Compression](https://attack.mitre.org/techniques/T1027/015) or [Software Packing](https://attack.mitre.org/techniques/T1"
T1027.017,Yes,T1027,SVG Smuggling,Stealth,TA0005,Linux; macOS; Windows,,,M1048 Application Isolation and Sandboxing,https://attack.mitre.org/techniques/T1027/017,"Adversaries may smuggle data and files past content filters by hiding malicious payloads inside of seemingly benign SVG files.(Citation: Trustwave SVG Smuggling 2025) SVGs, or Scalable Vector Graphics, are vector-based image files constructed using XML. As such, they can legitimately include `<script>` tags that enable adversaries to include malicious JavaScript payloads. However, SVGs may appear less suspicious to users than other types of executable files, as they are often treated as image files. "
T1027.018,Yes,T1027,Invisible Unicode,Stealth,TA0005,Linux; macOS; Windows,,,,https://attack.mitre.org/techniques/T1027/018,"Adversaries may abuse invisible or non-printing Unicode characters to conceal malicious content within files, scripts, or text. By inserting characters that do not visibly render, adversaries may hide data, alter how content is interpreted, or make malicious code appear as benign text or whitespace. Adversaries may encode these malicious payloads, using binary, Base64, or custom schemes, to be reconstructed at runtime through scripting features such as [JavaScript](https://attack.mitre.org/techniques/T1059/007) Proxy traps, `eval()`, or other dynamic execution methods. This technique enables a"
T1029,No,,Scheduled Transfer,Exfiltration,TA0010,Linux; macOS; Windows,,,M1031 Network Intrusion Prevention,https://attack.mitre.org/techniques/T1029,Adversaries may schedule data exfiltration to be performed only at certain times of day or at certain intervals. This could be done to blend traffic patterns with normal activity or availability.
T1030,No,,Data Transfer Size Limits,Exfiltration,TA0010,Linux; macOS; Windows; ESXi,,,M1031 Network Intrusion Prevention,https://attack.mitre.org/techniques/T1030,An adversary may exfiltrate data in fixed size chunks instead of whole files or limit packet sizes below certain thresholds. This approach may be used to avoid triggering network data transfer threshold alerts.
T1033,No,,System Owner/User Discovery,Discovery,TA0007,Linux; macOS; Network Devices; Windows,,,,https://attack.mitre.org/techniques/T1033,"Adversaries may attempt to identify the primary user, currently logged in user, set of users that commonly uses a system, or whether a user is actively using the system. They may do this, for example, by retrieving account usernames or by using [OS Credential Dumping](https://attack.mitre.org/techniques/T1003). The information may be collected in a number of different ways using other Discovery techniques, because user and username details are prevalent throughout a system and include running process ownership, file/directory ownership, session information, and system logs. Adversaries may use"
T1036,No,,Masquerading,Stealth,TA0005,Containers; ESXi; Linux; macOS; Windows,,,M1017 User Training | M1018 User Account Management | M1022 Restrict File and Directory Permissions | M1038 Execution Prevention | M1040 Behavior Prevention on Endpoint | M1045 Code Signing | M1047 Audit | M1049 Antivirus/Antimalware,https://attack.mitre.org/techniques/T1036,"Adversaries may attempt to manipulate features of their artifacts to make them appear legitimate or benign to users and/or security tools. Masquerading occurs when the name or location of an object, legitimate or malicious, is manipulated or abused for the sake of evading defenses and observation. This may include manipulating file metadata, tricking users into misidentifying the file type, and giving legitimate task or service names."
T1036.001,Yes,T1036,Invalid Code Signature,Stealth,TA0005,macOS; Windows,,,M1045 Code Signing,https://attack.mitre.org/techniques/T1036/001,"Adversaries may attempt to mimic features of valid code signatures to increase the chance of deceiving a user, analyst, or tool. Code signing provides a level of authenticity on a binary from the developer and a guarantee that the binary has not been tampered with. Adversaries can copy the metadata and signature information from a signed program, then use it as a template for an unsigned program. Files with invalid code signatures will fail digital signature validation checks, but they may appear more legitimate to users and security tools may improperly handle these files.(Citation: Threatexp"
T1036.002,Yes,T1036,Right-to-Left Override,Stealth,TA0005,Linux; macOS; Windows,,,,https://attack.mitre.org/techniques/T1036/002,"Adversaries may abuse the right-to-left override (RTLO or RLO) character (U+202E) to disguise a string and/or file name to make it appear benign. RTLO is a non-printing Unicode character that causes the text that follows it to be displayed in reverse. For example, a Windows screensaver executable named <code>March 25 \u202Excod.scr</code> will display as <code>March 25 rcs.docx</code>. A JavaScript file named <code>photo_high_re\u202Egnp.js</code> will be displayed as <code>photo_high_resj.png</code>.(Citation: Infosecinstitute RTLO Technique)"
T1036.003,Yes,T1036,Rename Legitimate Utilities,Stealth,TA0005,Linux; macOS; Windows,,,M1022 Restrict File and Directory Permissions,https://attack.mitre.org/techniques/T1036/003,"Adversaries may rename legitimate / system utilities to try to evade security mechanisms concerning the usage of those utilities. Security monitoring and control mechanisms may be in place for legitimate utilities adversaries are capable of abusing, including both built-in binaries and tools such as PSExec, AutoHotKey, and IronPython.(Citation: LOLBAS Main Site)(Citation: Huntress Python Malware 2025)(Citation: The DFIR Report AutoHotKey 2023)(Citation: Splunk Detect Renamed PSExec) It may be possible to bypass those security mechanisms by renaming the utility prior to utilization (ex: rename "
T1036.004,Yes,T1036,Masquerade Task or Service,Stealth,TA0005,Linux; macOS; Windows,,,,https://attack.mitre.org/techniques/T1036/004,Adversaries may attempt to manipulate the name of a task or service to make it appear legitimate or benign. Tasks/services executed by the Task Scheduler or systemd will typically be given a name and/or description.(Citation: TechNet Schtasks)(Citation: Systemd Service Units) Windows services will have a service name as well as a display name. Many benign tasks and services exist that have commonly associated names. Adversaries may give tasks or services names that are similar or identical to those of legitimate ones.
T1036.005,Yes,T1036,Match Legitimate Resource Name or Location,Stealth,TA0005,Containers; ESXi; Linux; macOS; Windows,,,M1022 Restrict File and Directory Permissions | M1038 Execution Prevention | M1045 Code Signing,https://attack.mitre.org/techniques/T1036/005,"Adversaries may match or approximate the name or location of legitimate files, Registry keys, or other resources when naming/placing them. This is done for the sake of evading defenses and observation. "
T1036.006,Yes,T1036,Space after Filename,Stealth,TA0005,Linux; macOS,,,,https://attack.mitre.org/techniques/T1036/006,"Adversaries can hide a program's true filetype by changing the extension of a file. With certain file types (specifically this does not work with .app extensions), appending a space to the end of a filename will change how the file is processed by the operating system."
T1036.007,Yes,T1036,Double File Extension,Stealth,TA0005,Windows,,,M1017 User Training | M1028 Operating System Configuration,https://attack.mitre.org/techniques/T1036/007,"Adversaries may abuse a double extension in the filename as a means of masquerading the true file type. A file name may include a secondary file type extension that may cause only the first extension to be displayed (ex: <code>File.txt.exe</code> may render in some views as just <code>File.txt</code>). However, the second extension is the true file type that determines how the file is opened and executed. The real file extension may be hidden by the operating system in the file browser (ex: explorer.exe), as well as in any software configured using or similar to the system’s policies.(Citation"
T1036.008,Yes,T1036,Masquerade File Type,Stealth,TA0005,Linux; macOS; Windows,,,M1038 Execution Prevention | M1040 Behavior Prevention on Endpoint | M1049 Antivirus/Antimalware,https://attack.mitre.org/techniques/T1036/008,"Adversaries may masquerade malicious payloads as legitimate files through changes to the payload's formatting, including the file’s signature, extension, icon, and contents. Various file types have a typical standard format, including how they are encoded and organized. For example, a file’s signature (also known as header or magic bytes) is the beginning bytes of a file and is often used to identify the file’s type. For example, the header of a JPEG file,  is <code> 0xFF 0xD8</code> and the file extension is either `.JPE`, `.JPEG` or `.JPG`. "
T1036.009,Yes,T1036,Break Process Trees,Stealth,TA0005,Linux; macOS,,,,https://attack.mitre.org/techniques/T1036/009,"An adversary may attempt to evade process tree-based analysis by modifying executed malware's parent process ID (PPID). If endpoint protection software leverages the “parent-child"" relationship for detection, breaking this relationship could result in the adversary’s behavior not being associated with previous process tree activity. On Unix-based systems breaking this process tree is common practice for administrators to execute software using scripts and programs.(Citation: 3OHA double-fork 2022) "
T1036.010,Yes,T1036,Masquerade Account Name,Stealth,TA0005,Containers; IaaS; Identity Provider; Linux; macOS; Office Suite; SaaS; Windows,,,M1018 User Account Management | M1047 Audit,https://attack.mitre.org/techniques/T1036/010,"Adversaries may match or approximate the names of legitimate accounts to make newly created ones appear benign. This will typically occur during [Create Account](https://attack.mitre.org/techniques/T1136), although accounts may also be renamed at a later date. This may also coincide with [Account Access Removal](https://attack.mitre.org/techniques/T1531) if the actor first deletes an account before re-creating one with the same name.(Citation: Huntress MOVEit 2023)"
T1036.011,Yes,T1036,Overwrite Process Arguments,Stealth,TA0005,Linux,,,,https://attack.mitre.org/techniques/T1036/011,"Adversaries may modify a process's in-memory arguments to change its name in order to appear as a legitimate or benign process. On Linux, the operating system stores command-line arguments in the process’s stack and passes them to the `main()` function as the `argv` array. The first element, `argv[0]`, typically contains the process name or path - by default, the command used to actually start the process (e.g., `cat /etc/passwd`). By default, the Linux `/proc` filesystem uses this value to represent the process name. The `/proc/<PID>/cmdline` file reflects the contents of this memory, and too"
T1036.012,Yes,T1036,Browser Fingerprint,Stealth,TA0005,Linux; macOS; Windows,,,M1047 Audit,https://attack.mitre.org/techniques/T1036/012,"Adversaries may attempt to blend in with legitimate traffic by spoofing browser and system attributes like operating system, system language, platform, user-agent string, resolution, time zone, etc.  The HTTP User-Agent request header is a string that lets servers and network peers identify the application, operating system, vendor, and/or version of the requesting user agent.(Citation: Mozilla User Agent)"
T1037,No,,Boot or Logon Initialization Scripts,Persistence; Privilege Escalation,TA0003; TA0004,ESXi; Linux; macOS; Network Devices; Windows,,,M1022 Restrict File and Directory Permissions | M1024 Restrict Registry Permissions,https://attack.mitre.org/techniques/T1037,"Adversaries may use scripts automatically executed at boot or logon initialization to establish persistence.(Citation: Mandiant APT29 Eye Spy Email Nov 22)(Citation: Anomali Rocke March 2019) Initialization scripts can be used to perform administrative functions, which may often execute other programs or send information to an internal logging server. These scripts can vary based on operating system and whether applied locally or remotely.  "
T1037.001,Yes,T1037,Logon Script (Windows),Persistence; Privilege Escalation,TA0003; TA0004,Windows,,,M1024 Restrict Registry Permissions,https://attack.mitre.org/techniques/T1037/001,Adversaries may use Windows logon scripts automatically executed at logon initialization to establish persistence. Windows allows logon scripts to be run whenever a specific user or group of users log into a system.(Citation: TechNet Logon Scripts) This is done via adding a path to a script to the <code>HKCU\Environment\UserInitMprLogonScript</code> Registry key.(Citation: Hexacorn Logon Scripts)
T1037.002,Yes,T1037,Login Hook,Persistence; Privilege Escalation,TA0003; TA0004,macOS,,,M1022 Restrict File and Directory Permissions,https://attack.mitre.org/techniques/T1037/002,Adversaries may use a Login Hook to establish persistence executed upon user logon. A login hook is a plist file that points to a specific script to execute with root privileges upon user logon. The plist file is located in the <code>/Library/Preferences/com.apple.loginwindow.plist</code> file and can be modified using the <code>defaults</code> command-line utility. This behavior is the same for logout hooks where a script can be executed upon user logout. All hooks require administrator permissions to modify or create hooks.(Citation: Login Scripts Apple Dev)(Citation: LoginWindowScripts Appl
T1037.003,Yes,T1037,Network Logon Script,Persistence; Privilege Escalation,TA0003; TA0004,Windows,,,M1022 Restrict File and Directory Permissions,https://attack.mitre.org/techniques/T1037/003,"Adversaries may use network logon scripts automatically executed at logon initialization to establish persistence. Network logon scripts can be assigned using Active Directory or Group Policy Objects.(Citation: Petri Logon Script AD) These logon scripts run with the privileges of the user they are assigned to. Depending on the systems within the network, initializing one of these scripts could apply to more than one or potentially all systems.  "
T1037.004,Yes,T1037,RC Scripts,Persistence; Privilege Escalation,TA0003; TA0004,macOS; Linux; Network Devices; ESXi,,,M1022 Restrict File and Directory Permissions,https://attack.mitre.org/techniques/T1037/004,"Adversaries may establish persistence by modifying RC scripts, which are executed during a Unix-like system’s startup. These files allow system administrators to map and start custom services at startup for different run levels. RC scripts require root privileges to modify."
T1037.005,Yes,T1037,Startup Items,Persistence; Privilege Escalation,TA0003; TA0004,macOS,,,M1022 Restrict File and Directory Permissions,https://attack.mitre.org/techniques/T1037/005,Adversaries may use startup items automatically executed at boot initialization to establish persistence. Startup items execute during the final phase of the boot process and contain shell scripts or other executable files along with configuration information used by the system to determine the execution order for all startup items.(Citation: Startup Items)
T1039,No,,Data from Network Shared Drive,Collection,TA0009,Linux; macOS; Windows,,,,https://attack.mitre.org/techniques/T1039,"Adversaries may search network shares on computers they have compromised to find files of interest. Sensitive data can be collected from remote systems via shared network drives (host shared directory, network file server, etc.) that are accessible from the current system prior to Exfiltration. Interactive command shells may be in use, and common functionality within [cmd](https://attack.mitre.org/software/S0106) may be used to gather information."
T1040,No,,Network Sniffing,Credential Access; Discovery,TA0006; TA0007,IaaS; Linux; macOS; Network Devices; Windows,,,M1018 User Account Management | M1030 Network Segmentation | M1032 Multi-factor Authentication | M1041 Encrypt Sensitive Information,https://attack.mitre.org/techniques/T1040,"Adversaries may passively sniff network traffic to capture information about an environment, including authentication material passed over the network. Network sniffing refers to using the network interface on a system to monitor or capture information sent over a wired or wireless connection. An adversary may place a network interface into promiscuous mode to passively access data in transit over the network, or use span ports to capture a larger amount of data."
T1041,No,,Exfiltration Over C2 Channel,Exfiltration,TA0010,ESXi; Linux; macOS; Windows,,,M1031 Network Intrusion Prevention | M1057 Data Loss Prevention,https://attack.mitre.org/techniques/T1041,Adversaries may steal data by exfiltrating it over an existing command and control channel. Stolen data is encoded into the normal communications channel using the same protocol as command and control communications.
T1046,No,,Network Service Discovery,Discovery,TA0007,Containers; IaaS; Linux; macOS; Network Devices; Windows,,,M1030 Network Segmentation | M1031 Network Intrusion Prevention | M1042 Disable or Remove Feature or Program,https://attack.mitre.org/techniques/T1046,"Adversaries may attempt to get a listing of services running on remote hosts and local network infrastructure devices, including those that may be vulnerable to remote software exploitation. Common methods to acquire this information include port, vulnerability, and/or wordlist scans using tools that are brought onto a system.(Citation: CISA AR21-126A FIVEHANDS May 2021)   "
T1047,No,,Windows Management Instrumentation,Execution,TA0002,Windows,,,M1018 User Account Management | M1026 Privileged Account Management | M1038 Execution Prevention | M1040 Behavior Prevention on Endpoint,https://attack.mitre.org/techniques/T1047,Adversaries may abuse Windows Management Instrumentation (WMI) to execute malicious commands and payloads. WMI is designed for programmers and is the infrastructure for management data and operations on Windows systems.(Citation: WMI 1-3) WMI is an administration feature that provides a uniform environment to access Windows system components.
T1048,No,,Exfiltration Over Alternative Protocol,Exfiltration,TA0010,ESXi; IaaS; Linux; macOS; Network Devices; Office Suite; SaaS; Windows,,,M1018 User Account Management | M1022 Restrict File and Directory Permissions | M1030 Network Segmentation | M1031 Network Intrusion Prevention | M1037 Filter Network Traffic | M1057 Data Loss Prevention,https://attack.mitre.org/techniques/T1048,Adversaries may steal data by exfiltrating it over a different protocol than that of the existing command and control channel. The data may also be sent to an alternate network location from the main command and control server.  
T1048.001,Yes,T1048,Exfiltration Over Symmetric Encrypted Non-C2 Protocol,Exfiltration,TA0010,Linux; macOS; Windows; ESXi,,,M1030 Network Segmentation | M1031 Network Intrusion Prevention | M1037 Filter Network Traffic,https://attack.mitre.org/techniques/T1048/001,Adversaries may steal data by exfiltrating it over a symmetrically encrypted network protocol other than that of the existing command and control channel. The data may also be sent to an alternate network location from the main command and control server. 
T1048.002,Yes,T1048,Exfiltration Over Asymmetric Encrypted Non-C2 Protocol,Exfiltration,TA0010,ESXi; Linux; macOS; Windows,,,M1030 Network Segmentation | M1031 Network Intrusion Prevention | M1037 Filter Network Traffic | M1057 Data Loss Prevention,https://attack.mitre.org/techniques/T1048/002,Adversaries may steal data by exfiltrating it over an asymmetrically encrypted network protocol other than that of the existing command and control channel. The data may also be sent to an alternate network location from the main command and control server. 
T1048.003,Yes,T1048,Exfiltration Over Unencrypted Non-C2 Protocol,Exfiltration,TA0010,ESXi; Linux; macOS; Network Devices; Windows,,,M1030 Network Segmentation | M1031 Network Intrusion Prevention | M1037 Filter Network Traffic | M1057 Data Loss Prevention,https://attack.mitre.org/techniques/T1048/003,Adversaries may steal data by exfiltrating it over an un-encrypted network protocol other than that of the existing command and control channel. The data may also be sent to an alternate network location from the main command and control server.(Citation: copy_cmd_cisco)
T1049,No,,System Network Connections Discovery,Discovery,TA0007,ESXi; IaaS; Linux; macOS; Network Devices; Windows,,,,https://attack.mitre.org/techniques/T1049,Adversaries may attempt to get a listing of network connections to or from the compromised system they are currently accessing or from remote systems by querying for information over the network. 
T1052,No,,Exfiltration Over Physical Medium,Exfiltration,TA0010,Linux; macOS; Windows,,,M1034 Limit Hardware Installation | M1042 Disable or Remove Feature or Program | M1057 Data Loss Prevention,https://attack.mitre.org/techniques/T1052,"Adversaries may attempt to exfiltrate data via a physical medium, such as a removable drive. In certain circumstances, such as an air-gapped network compromise, exfiltration could occur via a physical medium or device introduced by a user. Such media could be an external hard drive, USB drive, cellular phone, MP3 player, or other removable storage and processing device. The physical medium or device could be used as the final exfiltration point or to hop between otherwise disconnected systems."
T1052.001,Yes,T1052,Exfiltration over USB,Exfiltration,TA0010,Linux; Windows; macOS,,,M1034 Limit Hardware Installation | M1042 Disable or Remove Feature or Program | M1057 Data Loss Prevention,https://attack.mitre.org/techniques/T1052/001,"Adversaries may attempt to exfiltrate data over a USB connected physical device. In certain circumstances, such as an air-gapped network compromise, exfiltration could occur via a USB device introduced by a user. The USB device could be used as the final exfiltration point or to hop between otherwise disconnected systems."
T1053,No,,Scheduled Task/Job,Execution; Persistence; Privilege Escalation,TA0002; TA0003; TA0004,Containers; ESXi; Linux; macOS; Network Devices; Windows,,,M1018 User Account Management | M1022 Restrict File and Directory Permissions | M1026 Privileged Account Management | M1028 Operating System Configuration | M1047 Audit,https://attack.mitre.org/techniques/T1053,"Adversaries may abuse task scheduling functionality to facilitate initial or recurring execution of malicious code. Utilities exist within all major operating systems to schedule programs or scripts to be executed at a specified date and time. A task can also be scheduled on a remote system, provided the proper authentication is met (ex: RPC and file and printer sharing in Windows environments). Scheduling a task on a remote system typically may require being a member of an admin or otherwise privileged group on the remote system.(Citation: TechNet Task Scheduler Security)"
T1053.002,Yes,T1053,At,Execution; Persistence; Privilege Escalation,TA0002; TA0003; TA0004,Windows; Linux; macOS,,,M1018 User Account Management | M1026 Privileged Account Management | M1028 Operating System Configuration | M1047 Audit,https://attack.mitre.org/techniques/T1053/002,"Adversaries may abuse the [at](https://attack.mitre.org/software/S0110) utility to perform task scheduling for initial or recurring execution of malicious code. The [at](https://attack.mitre.org/software/S0110) utility exists as an executable within Windows, Linux, and macOS for scheduling tasks at a specified time and date. Although deprecated in favor of [Scheduled Task](https://attack.mitre.org/techniques/T1053/005)'s [schtasks](https://attack.mitre.org/software/S0111) in Windows environments, using [at](https://attack.mitre.org/software/S0110) requires that the Task Scheduler service be ru"
T1053.003,Yes,T1053,Cron,Execution; Persistence; Privilege Escalation,TA0002; TA0003; TA0004,Linux; macOS; ESXi,,,M1018 User Account Management | M1047 Audit,https://attack.mitre.org/techniques/T1053/003,Adversaries may abuse the <code>cron</code> utility to perform task scheduling for initial or recurring execution of malicious code.(Citation: 20 macOS Common Tools and Techniques) The <code>cron</code> utility is a time-based job scheduler for Unix-like operating systems.  The <code> crontab</code> file contains the schedule of cron entries to be run and the specified times for execution. Any <code>crontab</code> files are stored in operating system-specific file paths.
T1053.005,Yes,T1053,Scheduled Task,Execution; Persistence; Privilege Escalation,TA0002; TA0003; TA0004,Windows,,,M1018 User Account Management | M1026 Privileged Account Management | M1028 Operating System Configuration | M1047 Audit,https://attack.mitre.org/techniques/T1053/005,"Adversaries may abuse the Windows Task Scheduler to perform task scheduling for initial or recurring execution of malicious code. There are multiple ways to access the Task Scheduler in Windows. The [schtasks](https://attack.mitre.org/software/S0111) utility can be run directly on the command line, or the Task Scheduler can be opened through the GUI within the Administrator Tools section of the Control Panel.(Citation: Stack Overflow) In some cases, adversaries have used a .NET wrapper for the Windows Task Scheduler, and alternatively, adversaries have used the Windows netapi32 library and [Wi"
T1053.006,Yes,T1053,Systemd Timers,Execution; Persistence; Privilege Escalation,TA0002; TA0003; TA0004,Linux,,,M1018 User Account Management | M1022 Restrict File and Directory Permissions | M1026 Privileged Account Management,https://attack.mitre.org/techniques/T1053/006,"Adversaries may abuse systemd timers to perform task scheduling for initial or recurring execution of malicious code. Systemd timers are unit files with file extension <code>.timer</code> that control services. Timers can be set to run on a calendar event or after a time span relative to a starting point. They can be used as an alternative to [Cron](https://attack.mitre.org/techniques/T1053/003) in Linux environments.(Citation: archlinux Systemd Timers Aug 2020) Systemd timers may be activated remotely via the <code>systemctl</code> command line utility, which operates over [SSH](https://attac"
T1053.007,Yes,T1053,Container Orchestration Job,Execution; Persistence; Privilege Escalation,TA0002; TA0003; TA0004,Containers,,,M1018 User Account Management | M1026 Privileged Account Management,https://attack.mitre.org/techniques/T1053/007,"Adversaries may abuse task scheduling functionality provided by container orchestration tools such as Kubernetes to schedule deployment of containers configured to execute malicious code. Container orchestration jobs run these automated tasks at a specific date and time, similar to cron jobs on a Linux system. Deployments of this type can also be configured to maintain a quantity of containers over time, automating the process of maintaining persistence within a cluster."
T1055,No,,Process Injection,Stealth; Privilege Escalation,TA0005; TA0004,Linux; macOS; Windows,,,M1026 Privileged Account Management | M1040 Behavior Prevention on Endpoint,https://attack.mitre.org/techniques/T1055,"Adversaries may inject code into processes in order to evade process-based defenses as well as possibly elevate privileges. Process injection is a method of executing arbitrary code in the address space of a separate live process. Running code in the context of another process may allow access to the process's memory, system/network resources, and possibly elevated privileges. Execution via process injection may also evade detection from security products since the execution is masked under a legitimate process. "
T1055.001,Yes,T1055,Dynamic-link Library Injection,Stealth; Privilege Escalation,TA0005; TA0004,Windows,,,M1040 Behavior Prevention on Endpoint,https://attack.mitre.org/techniques/T1055/001,Adversaries may inject dynamic-link libraries (DLLs) into processes in order to evade process-based defenses as well as possibly elevate privileges. DLL injection is a method of executing arbitrary code in the address space of a separate live process.  
T1055.002,Yes,T1055,Portable Executable Injection,Stealth; Privilege Escalation,TA0005; TA0004,Windows,,,M1040 Behavior Prevention on Endpoint,https://attack.mitre.org/techniques/T1055/002,Adversaries may inject portable executables (PE) into processes in order to evade process-based defenses as well as possibly elevate privileges. PE injection is a method of executing arbitrary code in the address space of a separate live process. 
T1055.003,Yes,T1055,Thread Execution Hijacking,Stealth; Privilege Escalation,TA0005; TA0004,Windows,,,M1040 Behavior Prevention on Endpoint,https://attack.mitre.org/techniques/T1055/003,Adversaries may inject malicious code into hijacked processes in order to evade process-based defenses as well as possibly elevate privileges. Thread Execution Hijacking is a method of executing arbitrary code in the address space of a separate live process. 
T1055.004,Yes,T1055,Asynchronous Procedure Call,Stealth; Privilege Escalation,TA0005; TA0004,Windows,,,M1040 Behavior Prevention on Endpoint,https://attack.mitre.org/techniques/T1055/004,Adversaries may inject malicious code into processes via the asynchronous procedure call (APC) queue in order to evade process-based defenses as well as possibly elevate privileges. APC injection is a method of executing arbitrary code in the address space of a separate live process. 
T1055.005,Yes,T1055,Thread Local Storage,Stealth; Privilege Escalation,TA0005; TA0004,Windows,,,M1040 Behavior Prevention on Endpoint,https://attack.mitre.org/techniques/T1055/005,Adversaries may inject malicious code into processes via thread local storage (TLS) callbacks in order to evade process-based defenses as well as possibly elevate privileges. TLS callback injection is a method of executing arbitrary code in the address space of a separate live process. 
T1055.008,Yes,T1055,Ptrace System Calls,Stealth; Privilege Escalation,TA0005; TA0004,Linux,,,M1026 Privileged Account Management | M1040 Behavior Prevention on Endpoint,https://attack.mitre.org/techniques/T1055/008,Adversaries may inject malicious code into processes via ptrace (process trace) system calls in order to evade process-based defenses as well as possibly elevate privileges. Ptrace system call injection is a method of executing arbitrary code in the address space of a separate live process. 
T1055.009,Yes,T1055,Proc Memory,Stealth; Privilege Escalation,TA0005; TA0004,Linux,,,M1022 Restrict File and Directory Permissions | M1040 Behavior Prevention on Endpoint,https://attack.mitre.org/techniques/T1055/009,Adversaries may inject malicious code into processes via the /proc filesystem in order to evade process-based defenses as well as possibly elevate privileges. Proc memory injection is a method of executing arbitrary code in the address space of a separate live process. 
T1055.011,Yes,T1055,Extra Window Memory Injection,Stealth; Privilege Escalation,TA0005; TA0004,Windows,,,M1040 Behavior Prevention on Endpoint,https://attack.mitre.org/techniques/T1055/011,Adversaries may inject malicious code into process via Extra Window Memory (EWM) in order to evade process-based defenses as well as possibly elevate privileges. EWM injection is a method of executing arbitrary code in the address space of a separate live process. 
T1055.012,Yes,T1055,Process Hollowing,Stealth; Privilege Escalation,TA0005; TA0004,Windows,,,M1040 Behavior Prevention on Endpoint,https://attack.mitre.org/techniques/T1055/012,Adversaries may inject malicious code into suspended and hollowed processes in order to evade process-based defenses. Process hollowing is a method of executing arbitrary code in the address space of a separate live process.  
T1055.013,Yes,T1055,Process Doppelgänging,Stealth; Privilege Escalation,TA0005; TA0004,Windows,,,M1040 Behavior Prevention on Endpoint,https://attack.mitre.org/techniques/T1055/013,Adversaries may inject malicious code into process via process doppelgänging in order to evade process-based defenses as well as possibly elevate privileges. Process doppelgänging is a method of executing arbitrary code in the address space of a separate live process. 
T1055.014,Yes,T1055,VDSO Hijacking,Stealth; Privilege Escalation,TA0005; TA0004,Linux,,,M1040 Behavior Prevention on Endpoint,https://attack.mitre.org/techniques/T1055/014,Adversaries may inject malicious code into processes via VDSO hijacking in order to evade process-based defenses as well as possibly elevate privileges. Virtual dynamic shared object (vdso) hijacking is a method of executing arbitrary code in the address space of a separate live process. 
T1055.015,Yes,T1055,ListPlanting,Stealth; Privilege Escalation,TA0005; TA0004,Windows,,,M1040 Behavior Prevention on Endpoint,https://attack.mitre.org/techniques/T1055/015,Adversaries may abuse list-view controls to inject malicious code into hijacked processes in order to evade process-based defenses as well as possibly elevate privileges. ListPlanting is a method of executing arbitrary code in the address space of a separate live process.(Citation: Hexacorn Listplanting) Code executed via ListPlanting may also evade detection from security products since the execution is masked under a legitimate process.
T1056,No,,Input Capture,Collection; Credential Access,TA0009; TA0006,Linux; macOS; Network Devices; Windows,,,,https://attack.mitre.org/techniques/T1056,"Adversaries may use methods of capturing user input to obtain credentials or collect information. During normal system usage, users often provide credentials to various different locations, such as login pages/portals or system dialog boxes. Input capture mechanisms may be transparent to the user (e.g. [Credential API Hooking](https://attack.mitre.org/techniques/T1056/004)) or rely on deceiving the user into providing input into what they believe to be a genuine service (e.g. [Web Portal Capture](https://attack.mitre.org/techniques/T1056/003))."
T1056.001,Yes,T1056,Keylogging,Collection; Credential Access,TA0009; TA0006,Linux; macOS; Network Devices; Windows,,,,https://attack.mitre.org/techniques/T1056/001,"Adversaries may log user keystrokes to intercept credentials as the user types them. Keylogging is likely to be used to acquire credentials for new access opportunities when [OS Credential Dumping](https://attack.mitre.org/techniques/T1003) efforts are not effective, and may require an adversary to intercept keystrokes on a system for a substantial period of time before credentials can be successfully captured. In order to increase the likelihood of capturing credentials quickly, an adversary may also perform actions such as clearing browser cookies to force users to reauthenticate to systems."
T1056.002,Yes,T1056,GUI Input Capture,Collection; Credential Access,TA0009; TA0006,Linux; macOS; Windows,,,M1017 User Training,https://attack.mitre.org/techniques/T1056/002,"Adversaries may mimic common operating system GUI components to prompt users for credentials with a seemingly legitimate prompt. When programs are executed that need additional privileges than are present in the current user context, it is common for the operating system to prompt the user for proper credentials to authorize the elevated privileges for the task (ex: [Bypass User Account Control](https://attack.mitre.org/techniques/T1548/002))."
T1056.003,Yes,T1056,Web Portal Capture,Collection; Credential Access,TA0009; TA0006,Linux; macOS; Windows,,,M1026 Privileged Account Management,https://attack.mitre.org/techniques/T1056/003,"Adversaries may install code on externally facing portals, such as a VPN login page, to capture and transmit credentials of users who attempt to log into the service. For example, a compromised login page may log provided user credentials before logging the user in to the service."
T1056.004,Yes,T1056,Credential API Hooking,Collection; Credential Access,TA0009; TA0006,Windows; Linux; macOS,,,,https://attack.mitre.org/techniques/T1056/004,"Adversaries may hook into Windows application programming interface (API) functions and Linux system functions to collect user credentials. Malicious hooking mechanisms may capture API or function calls that include parameters that reveal user authentication credentials.(Citation: Microsoft TrojanSpy:Win32/Ursnif.gen!I Sept 2017) Unlike [Keylogging](https://attack.mitre.org/techniques/T1056/001), this technique focuses specifically on API functions that include parameters that reveal user credentials. "
T1057,No,,Process Discovery,Discovery,TA0007,ESXi; Linux; macOS; Network Devices; Windows,,,,https://attack.mitre.org/techniques/T1057,"Adversaries may attempt to get information about running processes on a system. Information obtained could be used to gain an understanding of common software/applications running on systems within the network. Administrator or otherwise elevated access may provide better process details. Adversaries may use the information from [Process Discovery](https://attack.mitre.org/techniques/T1057) during automated discovery to shape follow-on behaviors, including whether or not the adversary fully infects the target and/or attempts specific actions."
T1059,No,,Command and Scripting Interpreter,Execution,TA0002,Containers; ESXi; IaaS; Identity Provider; Linux; macOS; Network Devices; Office Suite; SaaS; Windows,,,M1021 Restrict Web-Based Content | M1026 Privileged Account Management | M1033 Limit Software Installation | M1038 Execution Prevention | M1040 Behavior Prevention on Endpoint | M1042 Disable or Remove Feature or Program | M1045 Code Signing | M1047 Audit | M1049 Antivirus/Antimalware,https://attack.mitre.org/techniques/T1059,"Adversaries may abuse command and script interpreters to execute commands, scripts, or binaries. These interfaces and languages provide ways of interacting with computer systems and are a common feature across many different platforms. Most systems come with some built-in command-line interface and scripting capabilities, for example, macOS and Linux distributions include some flavor of [Unix Shell](https://attack.mitre.org/techniques/T1059/004) while Windows installations include the [Windows Command Shell](https://attack.mitre.org/techniques/T1059/003) and [PowerShell](https://attack.mitre.o"
T1059.001,Yes,T1059,PowerShell,Execution,TA0002,Windows,,,M1026 Privileged Account Management | M1038 Execution Prevention | M1042 Disable or Remove Feature or Program | M1045 Code Signing | M1049 Antivirus/Antimalware,https://attack.mitre.org/techniques/T1059/001,"Adversaries may abuse PowerShell commands and scripts for execution. PowerShell is a powerful interactive command-line interface and scripting environment included in the Windows operating system.(Citation: TechNet PowerShell) Adversaries can use PowerShell to perform a number of actions, including discovery of information and execution of code. Examples include the <code>Start-Process</code> cmdlet which can be used to run an executable and the <code>Invoke-Command</code> cmdlet which runs a command locally or on a remote computer (though administrator permissions are required to use PowerShe"
T1059.002,Yes,T1059,AppleScript,Execution,TA0002,macOS,,,M1038 Execution Prevention | M1045 Code Signing,https://attack.mitre.org/techniques/T1059/002,"Adversaries may abuse AppleScript for execution. AppleScript is a macOS scripting language designed to control applications and parts of the OS via inter-application messages called AppleEvents.(Citation: Apple AppleScript) These AppleEvent messages can be sent independently or easily scripted with AppleScript. These events can locate open windows, send keystrokes, and interact with almost any open application locally or remotely."
T1059.003,Yes,T1059,Windows Command Shell,Execution,TA0002,Windows,,,M1038 Execution Prevention,https://attack.mitre.org/techniques/T1059/003,"Adversaries may abuse the Windows command shell for execution. The Windows command shell ([cmd](https://attack.mitre.org/software/S0106)) is the primary command prompt on Windows systems. The Windows command prompt can be used to control almost any aspect of a system, with various permission levels required for different subsets of commands. The command prompt can be invoked remotely via [Remote Services](https://attack.mitre.org/techniques/T1021) such as [SSH](https://attack.mitre.org/techniques/T1021/004).(Citation: SSH in Windows)"
T1059.004,Yes,T1059,Unix Shell,Execution,TA0002,ESXi; Linux; macOS; Network Devices,,,M1038 Execution Prevention,https://attack.mitre.org/techniques/T1059/004,"Adversaries may abuse Unix shell commands and scripts for execution. Unix shells are the primary command prompt on Linux, macOS, and ESXi systems, though many variations of the Unix shell exist (e.g. sh, ash, bash, zsh, etc.) depending on the specific OS or distribution.(Citation: DieNet Bash)(Citation: Apple ZShell) Unix shells can control every aspect of a system, with certain commands requiring elevated privileges."
T1059.005,Yes,T1059,Visual Basic,Execution,TA0002,Linux; macOS; Windows,,,M1021 Restrict Web-Based Content | M1038 Execution Prevention | M1040 Behavior Prevention on Endpoint | M1042 Disable or Remove Feature or Program | M1049 Antivirus/Antimalware,https://attack.mitre.org/techniques/T1059/005,"Adversaries may abuse Visual Basic (VB) for execution. VB is a programming language created by Microsoft with interoperability with many Windows technologies such as [Component Object Model](https://attack.mitre.org/techniques/T1559/001) and the [Native API](https://attack.mitre.org/techniques/T1106) through the Windows API. Although tagged as legacy with no planned future evolutions, VB is integrated and supported in the .NET Framework and cross-platform .NET Core.(Citation: VB .NET Mar 2020)(Citation: VB Microsoft)"
T1059.006,Yes,T1059,Python,Execution,TA0002,ESXi; Linux; macOS; Windows,,,M1033 Limit Software Installation | M1038 Execution Prevention | M1047 Audit | M1049 Antivirus/Antimalware,https://attack.mitre.org/techniques/T1059/006,"Adversaries may abuse Python commands and scripts for execution. Python is a very popular scripting/programming language, with capabilities to perform many functions. Python can be executed interactively from the command-line (via the <code>python.exe</code> interpreter) or via scripts (.py) that can be written and distributed to different systems. Python code can also be compiled into binary executables.(Citation: Zscaler APT31 Covid-19 October 2020)"
T1059.007,Yes,T1059,JavaScript,Execution,TA0002,Linux; macOS; Windows,,,M1021 Restrict Web-Based Content | M1038 Execution Prevention | M1040 Behavior Prevention on Endpoint | M1042 Disable or Remove Feature or Program,https://attack.mitre.org/techniques/T1059/007,"Adversaries may abuse various implementations of JavaScript for execution. JavaScript (JS) is a platform-independent scripting language (compiled just-in-time at runtime) commonly associated with scripts in webpages, though JS can be executed in runtime environments outside the browser.(Citation: NodeJS)"
T1059.008,Yes,T1059,Network Device CLI,Execution,TA0002,Network Devices,,,M1018 User Account Management | M1026 Privileged Account Management | M1038 Execution Prevention,https://attack.mitre.org/techniques/T1059/008,"Adversaries may abuse scripting or built-in command line interpreters (CLI) on network devices to execute malicious command and payloads. The CLI is the primary means through which users and administrators interact with the device in order to view system information, modify device operations, or perform diagnostic and administrative functions. CLIs typically contain various permission levels required for different commands. "
T1059.009,Yes,T1059,Cloud API,Execution,TA0002,IaaS; Identity Provider; Office Suite; SaaS,,,M1026 Privileged Account Management | M1038 Execution Prevention,https://attack.mitre.org/techniques/T1059/009,"Adversaries may abuse cloud APIs to execute malicious commands. APIs available in cloud environments provide various functionalities and are a feature-rich method for programmatic access to nearly all aspects of a tenant. These APIs may be utilized through various methods such as command line interpreters (CLIs), in-browser Cloud Shells, [PowerShell](https://attack.mitre.org/techniques/T1059/001) modules like Azure for PowerShell(Citation: Microsoft - Azure PowerShell), or software developer kits (SDKs) available for languages such as [Python](https://attack.mitre.org/techniques/T1059/006).  "
T1059.010,Yes,T1059,AutoHotKey & AutoIT,Execution,TA0002,Windows,,,M1038 Execution Prevention,https://attack.mitre.org/techniques/T1059/010,"Adversaries may execute commands and perform malicious tasks using AutoIT and AutoHotKey automation scripts. AutoIT and AutoHotkey (AHK) are scripting languages that enable users to automate Windows tasks. These automation scripts can be used to perform a wide variety of actions, such as clicking on buttons, entering text, and opening and closing programs.(Citation: AutoIT)(Citation: AutoHotKey)"
T1059.011,Yes,T1059,Lua,Execution,TA0002,Linux; Network Devices; Windows; macOS,,,M1033 Limit Software Installation | M1038 Execution Prevention | M1047 Audit,https://attack.mitre.org/techniques/T1059/011,"Adversaries may abuse Lua commands and scripts for execution. Lua is a cross-platform scripting and programming language primarily designed for embedded use in applications. Lua can be executed on the command-line (through the stand-alone lua interpreter), via scripts (<code>.lua</code>), or from Lua-embedded programs (through the <code>struct lua_State</code>).(Citation: Lua main page)(Citation: Lua state)"
T1059.012,Yes,T1059,Hypervisor CLI,Execution,TA0002,ESXi,,,,https://attack.mitre.org/techniques/T1059/012,Adversaries may abuse hypervisor command line interpreters (CLIs) to execute malicious commands. Hypervisor CLIs typically enable a wide variety of functionality for managing both the hypervisor itself and the guest virtual machines it hosts. 
T1059.013,Yes,T1059,Container CLI/API,Execution,TA0002,Containers,,,M1026 Privileged Account Management | M1038 Execution Prevention,https://attack.mitre.org/techniques/T1059/013,Adversaries may abuse built-in CLI tools or API calls to execute malicious commands in containerized environments.
T1068,No,,Exploitation for Privilege Escalation,Privilege Escalation,TA0004,Containers; Linux; macOS; Windows,,,M1019 Threat Intelligence Program | M1038 Execution Prevention | M1048 Application Isolation and Sandboxing | M1050 Exploit Protection | M1051 Update Software,https://attack.mitre.org/techniques/T1068,"Adversaries may exploit software vulnerabilities in an attempt to elevate privileges. Exploitation of a software vulnerability occurs when an adversary takes advantage of a programming error in a program, service, or within the operating system software or kernel itself to execute adversary-controlled code. Security constructs such as permission levels will often hinder access to information and use of certain techniques, so adversaries will likely need to perform privilege escalation to include use of software exploitation to circumvent those restrictions."
T1069,No,,Permission Groups Discovery,Discovery,TA0007,Containers; IaaS; Identity Provider; Linux; macOS; Office Suite; SaaS; Windows,,,,https://attack.mitre.org/techniques/T1069,"Adversaries may attempt to discover group and permission settings. This information can help adversaries determine which user accounts and groups are available, the membership of users in particular groups, and which users and groups have elevated permissions."
T1069.001,Yes,T1069,Local Groups,Discovery,TA0007,Linux; macOS; Windows,,,,https://attack.mitre.org/techniques/T1069/001,"Adversaries may attempt to find local system groups and permission settings. The knowledge of local system permission groups can help adversaries determine which groups exist and which users belong to a particular group. Adversaries may use this information to determine which users have elevated permissions, such as the users found within the local administrators group."
T1069.002,Yes,T1069,Domain Groups,Discovery,TA0007,Linux; macOS; Windows,,,,https://attack.mitre.org/techniques/T1069/002,"Adversaries may attempt to find domain-level groups and permission settings. The knowledge of domain-level permission groups can help adversaries determine which groups exist and which users belong to a particular group. Adversaries may use this information to determine which users have elevated permissions, such as domain administrators."
T1069.003,Yes,T1069,Cloud Groups,Discovery,TA0007,SaaS; IaaS; Office Suite; Identity Provider,,,,https://attack.mitre.org/techniques/T1069/003,"Adversaries may attempt to find cloud groups and permission settings. The knowledge of cloud permission groups can help adversaries determine the particular roles of users and groups within an environment, as well as which users are associated with a particular group."
T1070,No,,Indicator Removal,Stealth,TA0005,Containers; ESXi; Linux; macOS; Network Devices; Office Suite; Windows,,,M1022 Restrict File and Directory Permissions | M1029 Remote Data Storage | M1041 Encrypt Sensitive Information,https://attack.mitre.org/techniques/T1070,"Adversaries may selectively delete or modify artifacts generated to reduce indications of their presence and blend in with legitimate activity. Rather than broadly removing evidence, adversaries may target specific artifacts that appear anomalous or are likely to draw scrutiny, while leaving sufficient data intact to maintain the appearance of normal system behavior."
T1070.003,Yes,T1070,Clear Command History,Stealth,TA0005,ESXi; Linux; macOS; Network Devices; Windows,,,M1022 Restrict File and Directory Permissions | M1029 Remote Data Storage | M1039 Environment Variable Permissions,https://attack.mitre.org/techniques/T1070/003,"In addition to clearing system logs, an adversary may clear the command history of a compromised account to conceal the actions undertaken during an intrusion. Various command interpreters keep track of the commands users type in their terminal so that users can retrace what they've done."
T1070.004,Yes,T1070,File Deletion,Stealth,TA0005,ESXi; Linux; macOS; Windows,,,,https://attack.mitre.org/techniques/T1070/004,"Adversaries may delete files left behind by the actions of their intrusion activity. Malware, tools, or other non-native files dropped or created on a system by an adversary (ex: [Ingress Tool Transfer](https://attack.mitre.org/techniques/T1105)) may leave traces to indicate to what was done within a network and how. Removal of these files can occur during an intrusion, or as part of a post-intrusion process to minimize the adversary's footprint."
T1070.005,Yes,T1070,Network Share Connection Removal,Stealth,TA0005,Windows,,,,https://attack.mitre.org/techniques/T1070/005,Adversaries may remove share connections that are no longer useful in order to clean up traces of their operation. Windows shared drive and [SMB/Windows Admin Shares](https://attack.mitre.org/techniques/T1021/002) connections can be removed when no longer needed. [Net](https://attack.mitre.org/software/S0039) is an example utility that can be used to remove network share connections with the <code>net use \\system\share /delete</code> command. (Citation: Technet Net Use)
T1070.006,Yes,T1070,Timestomp,Stealth,TA0005,ESXi; Linux; macOS; Windows,,,,https://attack.mitre.org/techniques/T1070/006,"Adversaries may modify file time attributes to hide new files or changes to existing files. Timestomping is a technique that modifies the timestamps of a file (the modify, access, create, and change times), often to mimic files that are in the same folder and blend malicious files with legitimate files."
T1070.007,Yes,T1070,Clear Network Connection History and Configurations,Stealth,TA0005,Linux; macOS; Windows; Network Devices,,,M1024 Restrict Registry Permissions | M1029 Remote Data Storage,https://attack.mitre.org/techniques/T1070/007,"Adversaries may clear or remove evidence of malicious network connections in order to clean up traces of their operations. Configuration settings as well as various artifacts that highlight connection history may be created on a system and/or in application logs from behaviors that require network connections, such as [Remote Services](https://attack.mitre.org/techniques/T1021) or [External Remote Services](https://attack.mitre.org/techniques/T1133). Defenders may use these artifacts to monitor or otherwise analyze network connections created by adversaries."
T1070.008,Yes,T1070,Clear Mailbox Data,Stealth,TA0005,Linux; macOS; Office Suite; Windows,,,M1022 Restrict File and Directory Permissions | M1029 Remote Data Storage | M1047 Audit,https://attack.mitre.org/techniques/T1070/008,"Adversaries may modify mail and mail application data to remove evidence of their activity. Email applications allow users and other programs to export and delete mailbox data via command line tools or use of APIs. Mail application data can be emails, email metadata, or logs generated by the application or operating system, such as export requests. "
T1070.009,Yes,T1070,Clear Persistence,Stealth,TA0005,ESXi; Linux; macOS; Windows,,,M1022 Restrict File and Directory Permissions | M1029 Remote Data Storage,https://attack.mitre.org/techniques/T1070/009,"Adversaries may clear artifacts associated with previously established persistence on a host system to remove evidence of their activity. This may involve various actions, such as removing services, deleting executables, [Modify Registry](https://attack.mitre.org/techniques/T1112), [Plist File Modification](https://attack.mitre.org/techniques/T1647), or other methods of cleanup to prevent defenders from collecting evidence of their persistent presence.(Citation: Cylance Dust Storm) Adversaries may also delete accounts previously created to maintain persistence (i.e. [Create Account](https://at"
T1070.010,Yes,T1070,Relocate Malware,Stealth,TA0005,Linux; macOS; Network Devices; Windows,,,,https://attack.mitre.org/techniques/T1070/010,"Once a payload is delivered, adversaries may reproduce copies of the same malware on the victim system to remove evidence of their presence and/or avoid defenses. Copying malware payloads to new locations may also be combined with [File Deletion](https://attack.mitre.org/techniques/T1070/004) to cleanup older artifacts."
T1071,No,,Application Layer Protocol,Command and Control,TA0011,Linux; macOS; Windows; Network Devices; ESXi,,,M1031 Network Intrusion Prevention | M1037 Filter Network Traffic,https://attack.mitre.org/techniques/T1071,"Adversaries may communicate using OSI application layer protocols to avoid detection/network filtering by blending in with existing traffic. Commands to the remote system, and often the results of those commands, will be embedded within the protocol traffic between the client and server. "
T1071.001,Yes,T1071,Web Protocols,Command and Control,TA0011,ESXi; Linux; macOS; Network Devices; Windows,,,M1031 Network Intrusion Prevention | M1037 Filter Network Traffic,https://attack.mitre.org/techniques/T1071/001,"Adversaries may communicate using application layer protocols associated with web traffic to avoid detection/network filtering by blending in with existing traffic. Commands to the remote system, and often the results of those commands, will be embedded within the protocol traffic between the client and server. "
T1071.002,Yes,T1071,File Transfer Protocols,Command and Control,TA0011,ESXi; Linux; macOS; Network Devices; Windows,,,M1031 Network Intrusion Prevention | M1037 Filter Network Traffic,https://attack.mitre.org/techniques/T1071/002,"Adversaries may communicate using application layer protocols associated with transferring files to avoid detection/network filtering by blending in with existing traffic. Commands to the remote system, and often the results of those commands, will be embedded within the protocol traffic between the client and server. "
T1071.003,Yes,T1071,Mail Protocols,Command and Control,TA0011,Linux; macOS; Network Devices; Windows,,,M1031 Network Intrusion Prevention | M1037 Filter Network Traffic,https://attack.mitre.org/techniques/T1071/003,"Adversaries may communicate using application layer protocols associated with electronic mail delivery to avoid detection/network filtering by blending in with existing traffic. Commands to the remote system, and often the results of those commands, will be embedded within the protocol traffic between the client and server. "
T1071.004,Yes,T1071,DNS,Command and Control,TA0011,ESXi; Linux; macOS; Network Devices; Windows,,,M1031 Network Intrusion Prevention | M1037 Filter Network Traffic,https://attack.mitre.org/techniques/T1071/004,"Adversaries may communicate using the Domain Name System (DNS) application layer protocol to avoid detection/network filtering by blending in with existing traffic. Commands to the remote system, and often the results of those commands, will be embedded within the protocol traffic between the client and server. "
T1071.005,Yes,T1071,Publish/Subscribe Protocols,Command and Control,TA0011,macOS; Linux; Windows; Network Devices,,,M1031 Network Intrusion Prevention | M1037 Filter Network Traffic,https://attack.mitre.org/techniques/T1071/005,"Adversaries may communicate using publish/subscribe (pub/sub) application layer protocols to avoid detection/network filtering by blending in with existing traffic. Commands to the remote system, and often the results of those commands, will be embedded within the protocol traffic between the client and server. "
T1072,No,,Software Deployment Tools,Execution; Lateral Movement,TA0002; TA0008,Linux; macOS; Network Devices; SaaS; Windows,,,M1015 Active Directory Configuration | M1017 User Training | M1018 User Account Management | M1026 Privileged Account Management | M1027 Password Policies | M1029 Remote Data Storage | M1030 Network Segmentation | M1032 Multi-factor Authentication | M1033 Limit Software Installation | M1051 Update Software,https://attack.mitre.org/techniques/T1072,"Adversaries may gain access to and use centralized software suites installed within an enterprise to execute commands and move laterally through the network. Configuration management and software deployment applications may be used in an enterprise network or cloud environment for routine administration purposes. These systems may also be integrated into CI/CD pipelines. Examples of such solutions include: SCCM, HBSS, Altiris, AWS Systems Manager, Microsoft Intune, Azure Arc, and GCP Deployment Manager.  "
T1074,No,,Data Staged,Collection,TA0009,ESXi; IaaS; Linux; macOS; Windows,,,,https://attack.mitre.org/techniques/T1074,"Adversaries may stage collected data in a central location or directory prior to Exfiltration. Data may be kept in separate files or combined into one file through techniques such as [Archive Collected Data](https://attack.mitre.org/techniques/T1560). Interactive command shells may be used, and common functionality within [cmd](https://attack.mitre.org/software/S0106) and bash may be used to copy data into a staging location.(Citation: PWC Cloud Hopper April 2017)"
T1074.001,Yes,T1074,Local Data Staging,Collection,TA0009,ESXi; Linux; macOS; Windows,,,,https://attack.mitre.org/techniques/T1074/001,"Adversaries may stage collected data in a central location or directory on the local system prior to Exfiltration. Data may be kept in separate files or combined into one file through techniques such as [Archive Collected Data](https://attack.mitre.org/techniques/T1560). Interactive command shells may be used, and common functionality within [cmd](https://attack.mitre.org/software/S0106) and bash may be used to copy data into a staging location."
T1074.002,Yes,T1074,Remote Data Staging,Collection,TA0009,ESXi; IaaS; Linux; macOS; Windows,,,,https://attack.mitre.org/techniques/T1074/002,"Adversaries may stage data collected from multiple systems in a central location or directory on one system prior to Exfiltration. Data may be kept in separate files or combined into one file through techniques such as [Archive Collected Data](https://attack.mitre.org/techniques/T1560). Interactive command shells may be used, and common functionality within [cmd](https://attack.mitre.org/software/S0106) and bash may be used to copy data into a staging location."
T1078,No,,Valid Accounts,Stealth; Persistence; Privilege Escalation; Initial Access,TA0005; TA0003; TA0004; TA0001,Containers; ESXi; IaaS; Identity Provider; Linux; macOS; Network Devices; Office Suite; SaaS; Windows,,,M1013 Application Developer Guidance | M1015 Active Directory Configuration | M1017 User Training | M1018 User Account Management | M1026 Privileged Account Management | M1027 Password Policies | M1032 Multi-factor Authentication | M1036 Account Use Policies,https://attack.mitre.org/techniques/T1078,"Adversaries may obtain and abuse credentials of existing accounts as a means of gaining Initial Access, Persistence, Privilege Escalation, or Defense Evasion. Compromised credentials may be used to bypass access controls placed on various resources on systems within the network and may even be used for persistent access to remote systems and externally available services, such as VPNs, Outlook Web Access, network devices, and remote desktop.(Citation: volexity_0day_sophos_FW) Compromised credentials may also grant an adversary increased privilege to specific systems or access to restricted are"
T1078.001,Yes,T1078,Default Accounts,Stealth; Persistence; Privilege Escalation; Initial Access,TA0005; TA0003; TA0004; TA0001,Containers; ESXi; IaaS; Identity Provider; Linux; macOS; Network Devices; Office Suite; SaaS; Windows,,,M1027 Password Policies | M1032 Multi-factor Authentication,https://attack.mitre.org/techniques/T1078/001,"Adversaries may obtain and abuse credentials of a default account as a means of gaining Initial Access, Persistence, Privilege Escalation, or Defense Evasion. Default accounts are those that are built-into an OS, such as the Guest or Administrator accounts on Windows systems. Default accounts also include default factory/provider set accounts on other types of systems, software, or devices, including the root user account in AWS, the root user account in ESXi, and the default service account in Kubernetes.(Citation: Microsoft Local Accounts Feb 2019)(Citation: AWS Root User)(Citation: Threat M"
T1078.002,Yes,T1078,Domain Accounts,Stealth; Persistence; Privilege Escalation; Initial Access,TA0005; TA0003; TA0004; TA0001,ESXi; Linux; macOS; Windows,,,M1017 User Training | M1018 User Account Management | M1026 Privileged Account Management | M1027 Password Policies | M1032 Multi-factor Authentication,https://attack.mitre.org/techniques/T1078/002,"Adversaries may obtain and abuse credentials of a domain account as a means of gaining Initial Access, Persistence, Privilege Escalation, or Defense Evasion.(Citation: TechNet Credential Theft) Domain accounts are those managed by Active Directory Domain Services where access and permissions are configured across systems and services that are part of that domain. Domain accounts can cover users, administrators, and services.(Citation: Microsoft AD Accounts)"
T1078.003,Yes,T1078,Local Accounts,Stealth; Persistence; Privilege Escalation; Initial Access,TA0005; TA0003; TA0004; TA0001,Containers; ESXi; Linux; macOS; Network Devices; Windows,,,M1018 User Account Management | M1026 Privileged Account Management | M1027 Password Policies | M1032 Multi-factor Authentication,https://attack.mitre.org/techniques/T1078/003,"Adversaries may obtain and abuse credentials of a local account as a means of gaining Initial Access, Persistence, Privilege Escalation, or Defense Evasion. Local accounts are those configured by an organization for use by users, remote support, services, or for administration on a single system or service."
T1078.004,Yes,T1078,Cloud Accounts,Stealth; Persistence; Privilege Escalation; Initial Access,TA0005; TA0003; TA0004; TA0001,IaaS; Identity Provider; Office Suite; SaaS,,,M1015 Active Directory Configuration | M1017 User Training | M1018 User Account Management | M1026 Privileged Account Management | M1027 Password Policies | M1032 Multi-factor Authentication | M1036 Account Use Policies,https://attack.mitre.org/techniques/T1078/004,"Valid accounts in cloud environments may allow adversaries to perform actions to achieve Initial Access, Persistence, Privilege Escalation, or Defense Evasion. Cloud accounts are those created and configured by an organization for use by users, remote support, services, or for administration of resources within a cloud service provider or SaaS application. Cloud Accounts can exist solely in the cloud; alternatively, they may be hybrid-joined between on-premises systems and the cloud through syncing or federation with other identity sources such as Windows Active Directory.(Citation: AWS Identi"
T1080,No,,Taint Shared Content,Lateral Movement,TA0008,Windows; SaaS; Linux; macOS; Office Suite,,,M1022 Restrict File and Directory Permissions | M1038 Execution Prevention | M1049 Antivirus/Antimalware | M1050 Exploit Protection,https://attack.mitre.org/techniques/T1080,
T1082,No,,System Information Discovery,Discovery,TA0007,ESXi; IaaS; Linux; macOS; Network Devices; Windows,,,,https://attack.mitre.org/techniques/T1082,"An adversary may attempt to get detailed information about the operating system and hardware, including version, patches, hotfixes, service packs, and architecture. Adversaries may use this information to shape follow-on behaviors, including whether or not the adversary fully infects the target and/or attempts specific actions. This behavior is distinct from [Local Storage Discovery](https://attack.mitre.org/techniques/T1680) which is an adversary's discovery of local drive, disks and/or volumes."
T1083,No,,File and Directory Discovery,Discovery,TA0007,ESXi; Linux; macOS; Network Devices; Windows,,,,https://attack.mitre.org/techniques/T1083,"Adversaries may enumerate files and directories or may search in specific locations of a host or network share for certain information within a file system. Adversaries may use the information from [File and Directory Discovery](https://attack.mitre.org/techniques/T1083) during automated discovery to shape follow-on behaviors, including whether or not the adversary fully infects the target and/or attempts specific actions."
T1087,No,,Account Discovery,Discovery,TA0007,ESXi; IaaS; Identity Provider; Linux; macOS; Office Suite; SaaS; Windows,,,M1018 User Account Management | M1028 Operating System Configuration,https://attack.mitre.org/techniques/T1087,"Adversaries may attempt to get a listing of valid accounts, usernames, or email addresses on a system or within a compromised environment. This information can help adversaries determine which accounts exist, which can aid in follow-on behavior such as brute-forcing, spear-phishing attacks, or account takeovers (e.g., [Valid Accounts](https://attack.mitre.org/techniques/T1078))."
T1087.001,Yes,T1087,Local Account,Discovery,TA0007,ESXi; Linux; macOS; Windows,,,M1028 Operating System Configuration,https://attack.mitre.org/techniques/T1087/001,Adversaries may attempt to get a listing of local system accounts. This information can help adversaries determine which local accounts exist on a system to aid in follow-on behavior.
T1087.002,Yes,T1087,Domain Account,Discovery,TA0007,Linux; macOS; Windows,,,M1028 Operating System Configuration,https://attack.mitre.org/techniques/T1087/002,Adversaries may attempt to get a listing of domain accounts. This information can help adversaries determine which domain accounts exist to aid in follow-on behavior such as targeting specific accounts which possess particular privileges.
T1087.003,Yes,T1087,Email Account,Discovery,TA0007,Windows; Office Suite,,,,https://attack.mitre.org/techniques/T1087/003,Adversaries may attempt to get a listing of email addresses and accounts. Adversaries may try to dump Exchange address lists such as global address lists (GALs).(Citation: Microsoft Exchange Address Lists)
T1087.004,Yes,T1087,Cloud Account,Discovery,TA0007,IaaS; Identity Provider; Office Suite; SaaS,,,M1018 User Account Management | M1047 Audit,https://attack.mitre.org/techniques/T1087/004,"Adversaries may attempt to get a listing of cloud accounts. Cloud accounts are those created and configured by an organization for use by users, remote support, services, or for administration of resources within a cloud service provider or SaaS application."
T1090,No,,Proxy,Command and Control,TA0011,ESXi; Linux; macOS; Network Devices; Windows,,,M1020 SSL/TLS Inspection | M1031 Network Intrusion Prevention | M1037 Filter Network Traffic,https://attack.mitre.org/techniques/T1090,"Adversaries may use a connection proxy to direct network traffic between systems or act as an intermediary for network communications to a command and control server to avoid direct connections to their infrastructure. Many tools exist that enable traffic redirection through proxies or port redirection, including [HTRAN](https://attack.mitre.org/software/S0040), ZXProxy, and ZXPortMap. (Citation: Trend Micro APT Attack Tools) Adversaries use these types of proxies to manage command and control communications, reduce the number of simultaneous outbound network connections, provide resiliency in"
T1090.001,Yes,T1090,Internal Proxy,Command and Control,TA0011,ESXi; Linux; macOS; Network Devices; Windows,,,M1031 Network Intrusion Prevention,https://attack.mitre.org/techniques/T1090/001,"Adversaries may use an internal proxy to direct command and control traffic between two or more systems in a compromised environment. Many tools exist that enable traffic redirection through proxies or port redirection, including [HTRAN](https://attack.mitre.org/software/S0040), ZXProxy, and ZXPortMap. (Citation: Trend Micro APT Attack Tools) Adversaries use internal proxies to manage command and control communications inside a compromised environment, to reduce the number of simultaneous outbound network connections, to provide resiliency in the face of connection loss, or to ride over existi"
T1090.002,Yes,T1090,External Proxy,Command and Control,TA0011,ESXi; Linux; macOS; Network Devices; Windows,,,M1031 Network Intrusion Prevention,https://attack.mitre.org/techniques/T1090/002,"Adversaries may use an external proxy to act as an intermediary for network communications to a command and control server to avoid direct connections to their infrastructure. Many tools exist that enable traffic redirection through proxies or port redirection, including [HTRAN](https://attack.mitre.org/software/S0040), ZXProxy, and ZXPortMap. (Citation: Trend Micro APT Attack Tools) Adversaries use these types of proxies to manage command and control communications, to provide resiliency in the face of connection loss, or to ride over existing trusted communications paths to avoid suspicion."
T1090.003,Yes,T1090,Multi-hop Proxy,Command and Control,TA0011,ESXi; Linux; macOS; Network Devices; Windows,,,M1037 Filter Network Traffic,https://attack.mitre.org/techniques/T1090/003,"Adversaries may chain together multiple proxies to disguise the source of malicious traffic. Typically, a defender will be able to identify the last proxy traffic traversed before it enters their network; the defender may or may not be able to identify any previous proxies before the last-hop proxy. This technique makes identifying the original source of the malicious traffic even more difficult by requiring the defender to trace malicious traffic through several proxies to identify its source."
T1090.004,Yes,T1090,Domain Fronting,Command and Control,TA0011,Linux; macOS; Windows; ESXi,,,M1020 SSL/TLS Inspection,https://attack.mitre.org/techniques/T1090/004,"Adversaries may take advantage of routing schemes in Content Delivery Networks (CDNs) and other services which host multiple domains to obfuscate the intended destination of HTTPS traffic or traffic tunneled through HTTPS. (Citation: Fifield Blocking Resistent Communication through domain fronting 2015) Domain fronting involves using different domain names in the SNI field of the TLS header and the Host field of the HTTP header. If both domains are served from the same CDN, then the CDN may route to the address specified in the HTTP header after unwrapping the TLS header. A variation of the th"
T1091,No,,Replication Through Removable Media,Lateral Movement; Initial Access,TA0008; TA0001,Windows,,,M1034 Limit Hardware Installation | M1040 Behavior Prevention on Endpoint | M1042 Disable or Remove Feature or Program,https://attack.mitre.org/techniques/T1091,"Adversaries may move onto systems, possibly those on disconnected or air-gapped networks, by copying malware to removable media and taking advantage of Autorun features when the media is inserted into a system and executes. In the case of Lateral Movement, this may occur through modification of executable files stored on removable media or by copying malware and renaming it to look like a legitimate file to trick users into executing it on a separate system. In the case of Initial Access, this may occur through manual manipulation of the media, modification of systems used to initially format "
T1092,No,,Communication Through Removable Media,Command and Control,TA0011,Linux; macOS; Windows,,,M1028 Operating System Configuration | M1042 Disable or Remove Feature or Program,https://attack.mitre.org/techniques/T1092,"Adversaries can perform command and control between compromised hosts on potentially disconnected networks using removable media to transfer commands from system to system.(Citation: ESET Sednit USBStealer 2014) Both systems would need to be compromised, with the likelihood that an Internet-connected system was compromised first and the second through lateral movement by [Replication Through Removable Media](https://attack.mitre.org/techniques/T1091). Commands and files would be relayed from the disconnected system to the Internet-connected system to which the adversary has direct access."
T1095,No,,Non-Application Layer Protocol,Command and Control,TA0011,ESXi; Linux; macOS; Network Devices; Windows,,,M1030 Network Segmentation | M1031 Network Intrusion Prevention | M1037 Filter Network Traffic | M1047 Audit,https://attack.mitre.org/techniques/T1095,"Adversaries may use an OSI non-application layer protocol for communication between host and C2 server or among infected hosts within a network. The list of possible protocols is extensive.(Citation: Wikipedia OSI) Specific examples include use of network layer protocols, such as the Internet Control Message Protocol (ICMP), transport layer protocols, such as the User Datagram Protocol (UDP), session layer protocols, such as Socket Secure (SOCKS), as well as redirected/tunneled protocols, such as Serial over LAN (SOL)."
T1098,No,,Account Manipulation,Persistence; Privilege Escalation,TA0003; TA0004,Containers; ESXi; IaaS; Identity Provider; Linux; macOS; Network Devices; Office Suite; SaaS; Windows,,,M1018 User Account Management | M1022 Restrict File and Directory Permissions | M1026 Privileged Account Management | M1028 Operating System Configuration | M1030 Network Segmentation | M1032 Multi-factor Authentication | M1042 Disable or Remove Feature or Program,https://attack.mitre.org/techniques/T1098,"Adversaries may manipulate accounts to maintain and/or elevate access to victim systems. Account manipulation may consist of any action that preserves or modifies adversary access to a compromised account, such as modifying credentials or permission groups.(Citation: FireEye SMOKEDHAM June 2021) These actions could also include account activity designed to subvert security policies, such as performing iterative password updates to bypass password duration policies and preserve the life of compromised credentials. "
T1098.001,Yes,T1098,Additional Cloud Credentials,Persistence; Privilege Escalation,TA0003; TA0004,IaaS; Identity Provider; SaaS,,,M1018 User Account Management | M1026 Privileged Account Management | M1030 Network Segmentation | M1032 Multi-factor Authentication | M1042 Disable or Remove Feature or Program,https://attack.mitre.org/techniques/T1098/001,Adversaries may add adversary-controlled credentials to a cloud account to maintain persistent access to victim accounts and instances within the environment.
T1098.002,Yes,T1098,Additional Email Delegate Permissions,Persistence; Privilege Escalation,TA0003; TA0004,Windows; Office Suite,,,M1026 Privileged Account Management | M1032 Multi-factor Authentication | M1042 Disable or Remove Feature or Program,https://attack.mitre.org/techniques/T1098/002,Adversaries may grant additional permission levels to maintain persistent access to an adversary-controlled email account. 
T1098.003,Yes,T1098,Additional Cloud Roles,Persistence; Privilege Escalation,TA0003; TA0004,IaaS; Identity Provider; Office Suite; SaaS,,,M1018 User Account Management | M1026 Privileged Account Management | M1032 Multi-factor Authentication,https://attack.mitre.org/techniques/T1098/003,"An adversary may add additional roles or permissions to an adversary-controlled cloud account to maintain persistent access to a tenant. For example, adversaries may update IAM policies in cloud-based environments or add a new global administrator in Office 365 environments.(Citation: AWS IAM Policies and Permissions)(Citation: Google Cloud IAM Policies)(Citation: Microsoft Support O365 Add Another Admin, October 2019)(Citation: Microsoft O365 Admin Roles) With sufficient permissions, a compromised account can gain almost unlimited access to data and settings (including the ability to reset th"
T1098.004,Yes,T1098,SSH Authorized Keys,Persistence; Privilege Escalation,TA0003; TA0004,ESXi; IaaS; Linux; macOS; Network Devices,,,M1018 User Account Management | M1022 Restrict File and Directory Permissions | M1042 Disable or Remove Feature or Program,https://attack.mitre.org/techniques/T1098/004,"Adversaries may modify the SSH <code>authorized_keys</code> file to maintain persistence on a victim host. Linux distributions, macOS, and ESXi hypervisors commonly use key-based authentication to secure the authentication process of SSH sessions for remote management. The <code>authorized_keys</code> file in SSH specifies the SSH keys that can be used for logging into the user account for which the file is configured. This file is usually found in the user's home directory under <code>&lt;user-home&gt;/.ssh/authorized_keys</code> (or, on ESXi, `/etc/ssh/keys-<username>/authorized_keys`).(Cita"
T1098.005,Yes,T1098,Device Registration,Persistence; Privilege Escalation,TA0003; TA0004,Windows; Identity Provider,,,M1032 Multi-factor Authentication,https://attack.mitre.org/techniques/T1098/005,"Adversaries may register a device to an adversary-controlled account. Devices may be registered in a multifactor authentication (MFA) system, which handles authentication to the network, or in a device management system, which handles device access and compliance."
T1098.006,Yes,T1098,Additional Container Cluster Roles,Persistence; Privilege Escalation,TA0003; TA0004,Containers,,,M1018 User Account Management | M1032 Multi-factor Authentication,https://attack.mitre.org/techniques/T1098/006,"An adversary may add additional roles or permissions to an adversary-controlled user or service account to maintain persistent access to a container orchestration system. For example, an adversary with sufficient permissions may create a RoleBinding or a ClusterRoleBinding to bind a Role or ClusterRole to a Kubernetes account.(Citation: Kubernetes RBAC)(Citation: Aquasec Kubernetes Attack 2023) Where attribute-based access control (ABAC) is in use, an adversary with sufficient permissions may modify a Kubernetes ABAC policy to give the target account additional permissions.(Citation: Kuberente"
T1098.007,Yes,T1098,Additional Local or Domain Groups,Persistence; Privilege Escalation,TA0003; TA0004,Windows; macOS; Linux,,,,https://attack.mitre.org/techniques/T1098/007,An adversary may add additional local or domain groups to an adversary-controlled account to maintain persistent access to a system or domain.
T1102,No,,Web Service,Command and Control,TA0011,ESXi; Linux; macOS; Windows,,,M1021 Restrict Web-Based Content | M1031 Network Intrusion Prevention,https://attack.mitre.org/techniques/T1102,"Adversaries may use an existing, legitimate external Web service as a means for relaying data to/from a compromised system. Popular websites, cloud services, and social media acting as a mechanism for C2 may give a significant amount of cover due to the likelihood that hosts within a network are already communicating with them prior to a compromise. Using common services, such as those offered by Google, Microsoft, or Twitter, makes it easier for adversaries to hide in expected noise.(Citation: Broadcom BirdyClient Microsoft Graph API 2024) Web service providers commonly use SSL/TLS encryption"
T1102.001,Yes,T1102,Dead Drop Resolver,Command and Control,TA0011,ESXi; Linux; macOS; Windows,,,M1021 Restrict Web-Based Content | M1031 Network Intrusion Prevention,https://attack.mitre.org/techniques/T1102/001,"Adversaries may use an existing, legitimate external Web service to host information that points to additional command and control (C2) infrastructure. Adversaries may post content, known as a dead drop resolver, on Web services with embedded (and often obfuscated/encoded) domains or IP addresses. Once infected, victims will reach out to and be redirected by these resolvers."
T1102.002,Yes,T1102,Bidirectional Communication,Command and Control,TA0011,ESXi; Linux; macOS; Windows,,,M1021 Restrict Web-Based Content | M1031 Network Intrusion Prevention,https://attack.mitre.org/techniques/T1102/002,"Adversaries may use an existing, legitimate external Web service as a means for sending commands to and receiving output from a compromised system over the Web service channel. Compromised systems may leverage popular websites and social media to host command and control (C2) instructions. Those infected systems can then send the output from those commands back over that Web service channel. The return traffic may occur in a variety of ways, depending on the Web service being utilized. For example, the return traffic may take the form of the compromised system posting a comment on a forum, iss"
T1102.003,Yes,T1102,One-Way Communication,Command and Control,TA0011,Linux; macOS; Windows; ESXi,,,M1021 Restrict Web-Based Content | M1031 Network Intrusion Prevention,https://attack.mitre.org/techniques/T1102/003,"Adversaries may use an existing, legitimate external Web service as a means for sending commands to a compromised system without receiving return output over the Web service channel. Compromised systems may leverage popular websites and social media to host command and control (C2) instructions. Those infected systems may opt to send the output from those commands back over a different C2 channel, including to another distinct Web service. Alternatively, compromised systems may return no output at all in cases where adversaries want to send instructions to systems and do not want a response."
T1104,No,,Multi-Stage Channels,Command and Control,TA0011,Linux; macOS; Windows; ESXi,,,M1031 Network Intrusion Prevention,https://attack.mitre.org/techniques/T1104,Adversaries may create multiple stages for command and control that are employed under different conditions or for certain functions. Use of multiple stages may obfuscate the command and control channel to make detection more difficult.
T1105,No,,Ingress Tool Transfer,Command and Control,TA0011,ESXi; Linux; macOS; Network Devices; Windows,,,M1031 Network Intrusion Prevention | M1037 Filter Network Traffic,https://attack.mitre.org/techniques/T1105,"Adversaries may transfer tools or other files from an external system into a compromised environment. Tools or files may be copied from an external adversary-controlled system to the victim network through the command and control channel or through alternate protocols such as [ftp](https://attack.mitre.org/software/S0095). Once present, adversaries may also transfer/spread tools between victim devices within a compromised environment (i.e. [Lateral Tool Transfer](https://attack.mitre.org/techniques/T1570)). "
T1106,No,,Native API,Execution,TA0002,Linux; macOS; Windows,,,M1038 Execution Prevention | M1040 Behavior Prevention on Endpoint,https://attack.mitre.org/techniques/T1106,"Adversaries may interact with the native OS application programming interface (API) to execute behaviors. Native APIs provide a controlled means of calling low-level OS services within the kernel, such as those involving hardware/devices, memory, and processes.(Citation: NT API Windows)(Citation: Linux Kernel API) These native APIs are leveraged by the OS during system boot (when other system components are not yet initialized) as well as carrying out tasks and requests during routine operations."
T1110,No,,Brute Force,Credential Access,TA0006,Containers; ESXi; IaaS; Identity Provider; Linux; macOS; Network Devices; Office Suite; SaaS; Windows,,,M1018 User Account Management | M1027 Password Policies | M1032 Multi-factor Authentication | M1036 Account Use Policies,https://attack.mitre.org/techniques/T1110,"Adversaries may use brute force techniques to gain access to accounts when passwords are unknown or when password hashes are obtained.(Citation: TrendMicro Pawn Storm Dec 2020) Without knowledge of the password for an account or set of accounts, an adversary may systematically guess the password using a repetitive or iterative mechanism.(Citation: Dragos Crashoverride 2018) Brute forcing passwords can take place via interaction with a service that will check the validity of those credentials or offline against previously acquired credential data, such as password hashes."
T1110.001,Yes,T1110,Password Guessing,Credential Access,TA0006,Containers; ESXi; IaaS; Identity Provider; Linux; macOS; Network Devices; Office Suite; SaaS; Windows,,,M1027 Password Policies | M1032 Multi-factor Authentication | M1036 Account Use Policies | M1051 Update Software,https://attack.mitre.org/techniques/T1110/001,"Adversaries with no prior knowledge of legitimate credentials within the system or environment may guess passwords to attempt access to accounts. Without knowledge of the password for an account, an adversary may opt to systematically guess the password using a repetitive or iterative mechanism. An adversary may guess login credentials without prior knowledge of system or environment passwords during an operation by using a list of common passwords. Password guessing may or may not take into account the target's policies on password complexity or use policies that may lock accounts out after a"
T1110.002,Yes,T1110,Password Cracking,Credential Access,TA0006,Identity Provider; Linux; macOS; Network Devices; Office Suite; Windows,,,M1027 Password Policies | M1032 Multi-factor Authentication,https://attack.mitre.org/techniques/T1110/002,"Adversaries may use password cracking to attempt to recover usable credentials, such as plaintext passwords, when credential material such as password hashes are obtained. [OS Credential Dumping](https://attack.mitre.org/techniques/T1003) can be used to obtain password hashes, this may only get an adversary so far when [Pass the Hash](https://attack.mitre.org/techniques/T1550/002) is not an option. Further,  adversaries may leverage [Data from Configuration Repository](https://attack.mitre.org/techniques/T1602) in order to obtain hashed credentials for network devices.(Citation: US-CERT-TA18-1"
T1110.003,Yes,T1110,Password Spraying,Credential Access,TA0006,Containers; ESXi; IaaS; Identity Provider; Linux; Network Devices; Office Suite; SaaS; Windows; macOS,,,M1027 Password Policies | M1032 Multi-factor Authentication | M1036 Account Use Policies,https://attack.mitre.org/techniques/T1110/003,"Adversaries may use a single or small list of commonly used passwords against many different accounts to attempt to acquire valid account credentials. Password spraying uses one password (e.g. 'Password01'), or a small list of commonly used passwords, that may match the complexity policy of the domain. Logins are attempted with that password against many different accounts on a network to avoid account lockouts that would normally occur when brute forcing a single account with many passwords. (Citation: BlackHillsInfosec Password Spraying)"
T1110.004,Yes,T1110,Credential Stuffing,Credential Access,TA0006,Containers; ESXi; IaaS; Identity Provider; Linux; macOS; Network Devices; Office Suite; SaaS; Windows,,,M1018 User Account Management | M1027 Password Policies | M1032 Multi-factor Authentication | M1036 Account Use Policies,https://attack.mitre.org/techniques/T1110/004,"Adversaries may use credentials obtained from breach dumps of unrelated accounts to gain access to target accounts through credential overlap. Occasionally, large numbers of username and password pairs are dumped online when a website or service is compromised and the user account credentials accessed. The information may be useful to an adversary attempting to compromise accounts by taking advantage of the tendency for users to use the same passwords across personal and business accounts."
T1111,No,,Multi-Factor Authentication Interception,Credential Access,TA0006,Linux; macOS; Windows,,,M1017 User Training,https://attack.mitre.org/techniques/T1111,"Adversaries may target multi-factor authentication (MFA) mechanisms, (i.e., smart cards, token generators, etc.) to gain access to credentials that can be used to access systems, services, and network resources. Use of MFA is recommended and provides a higher level of security than usernames and passwords alone, but organizations should be aware of techniques that could be used to intercept and bypass these security mechanisms. "
T1112,No,,Modify Registry,Defense Impairment; Persistence,TA0112; TA0003,Windows,,,M1024 Restrict Registry Permissions,https://attack.mitre.org/techniques/T1112,"Adversaries may interact with the Windows Registry as part of a variety of other techniques to aid in defense evasion, persistence, and execution."
T1113,No,,Screen Capture,Collection,TA0009,Linux; macOS; Windows,,,,https://attack.mitre.org/techniques/T1113,"Adversaries may attempt to take screen captures of the desktop to gather information over the course of an operation. Screen capturing functionality may be included as a feature of a remote access tool used in post-compromise operations. Taking a screenshot is also typically possible through native utilities or API calls, such as <code>CopyFromScreen</code>, <code>xwd</code>, or <code>screencapture</code>.(Citation: CopyFromScreen .NET)(Citation: Antiquated Mac Malware)"
T1114,No,,Email Collection,Collection,TA0009,Windows; macOS; Linux; Office Suite,,,M1032 Multi-factor Authentication | M1041 Encrypt Sensitive Information | M1047 Audit | M1060 Out-of-Band Communications Channel,https://attack.mitre.org/techniques/T1114,"Adversaries may target user email to collect sensitive information. Emails may contain sensitive data, including trade secrets or personal information, that can prove valuable to adversaries. Emails may also contain details of ongoing incident response operations, which may allow adversaries to adjust their techniques in order to maintain persistence or evade defenses.(Citation: TrustedSec OOB Communications)(Citation: CISA AA20-352A 2021) Adversaries can collect or forward email from mail servers or clients. "
T1114.001,Yes,T1114,Local Email Collection,Collection,TA0009,Windows,,,M1041 Encrypt Sensitive Information | M1060 Out-of-Band Communications Channel,https://attack.mitre.org/techniques/T1114/001,"Adversaries may target user email on local systems to collect sensitive information. Files containing email data can be acquired from a user’s local system, such as Outlook storage or cache files."
T1114.002,Yes,T1114,Remote Email Collection,Collection,TA0009,Office Suite; Windows,,,M1032 Multi-factor Authentication | M1041 Encrypt Sensitive Information | M1060 Out-of-Band Communications Channel,https://attack.mitre.org/techniques/T1114/002,"Adversaries may target an Exchange server, Office 365, or Google Workspace to collect sensitive information. Adversaries may leverage a user's credentials and interact directly with the Exchange server to acquire information from within a network. Adversaries may also access externally facing Exchange services, Office 365, or Google Workspace to access email using credentials or access tokens. Tools such as [MailSniper](https://attack.mitre.org/software/S0413) can be used to automate searches for specific keywords."
T1114.003,Yes,T1114,Email Forwarding Rule,Collection,TA0009,Linux; macOS; Office Suite; Windows,,,M1041 Encrypt Sensitive Information | M1042 Disable or Remove Feature or Program | M1047 Audit | M1060 Out-of-Band Communications Channel,https://attack.mitre.org/techniques/T1114/003,"Adversaries may setup email forwarding rules to collect sensitive information. Adversaries may abuse email forwarding rules to monitor the activities of a victim, steal information, and further gain intelligence on the victim or the victim’s organization to use as part of further exploits or operations.(Citation: US-CERT TA18-068A 2018) Furthermore, email forwarding rules can allow adversaries to maintain persistent access to victim's emails even after compromised credentials are reset by administrators.(Citation: Pfammatter - Hidden Inbox Rules) Most email clients allow users to create inbox "
T1115,No,,Clipboard Data,Collection,TA0009,Linux; macOS; Windows,,,,https://attack.mitre.org/techniques/T1115,Adversaries may collect data stored in the clipboard from users copying information within or between applications. 
T1119,No,,Automated Collection,Collection,TA0009,IaaS; Linux; macOS; Office Suite; SaaS; Windows,,,M1029 Remote Data Storage | M1041 Encrypt Sensitive Information,https://attack.mitre.org/techniques/T1119,"Once established within a system or network, an adversary may use automated techniques for collecting internal data. Methods for performing this technique could include use of a [Command and Scripting Interpreter](https://attack.mitre.org/techniques/T1059) to search for and copy information fitting set criteria such as file type, location, or name at specific time intervals. "
T1120,No,,Peripheral Device Discovery,Discovery,TA0007,Linux; macOS; Windows,,,,https://attack.mitre.org/techniques/T1120,"Adversaries may attempt to gather information about attached peripheral devices and components connected to a computer system.(Citation: Peripheral Discovery Linux)(Citation: Peripheral Discovery macOS) Peripheral devices could include auxiliary resources that support a variety of functionalities such as keyboards, printers, cameras, smart card readers, or removable storage. The information may be used to enhance their awareness of the system and network environment or may be used for further actions."
T1123,No,,Audio Capture,Collection,TA0009,Linux; macOS; Windows,,,,https://attack.mitre.org/techniques/T1123,"An adversary can leverage a computer's peripheral devices (e.g., microphones and webcams) or applications (e.g., voice and video call services) to capture audio recordings for the purpose of listening into sensitive conversations to gather information.(Citation: ESET Attor Oct 2019)"
T1124,No,,System Time Discovery,Discovery,TA0007,ESXi; Linux; macOS; Network Devices; Windows,,,,https://attack.mitre.org/techniques/T1124,"An adversary may gather the system time and/or time zone settings from a local or remote system. The system time is set and stored by services, such as the Windows Time Service on Windows or <code>systemsetup</code> on macOS.(Citation: MSDN System Time)(Citation: Technet Windows Time Service)(Citation: systemsetup mac time) These time settings may also be synchronized between systems and services in an enterprise network, typically accomplished with a network time server within a domain.(Citation: Mac Time Sync)(Citation: linux system time)"
T1125,No,,Video Capture,Collection,TA0009,Linux; macOS; Windows,,,,https://attack.mitre.org/techniques/T1125,"An adversary can leverage a computer's peripheral devices (e.g., integrated cameras or webcams) or applications (e.g., video call services) to capture video recordings for the purpose of gathering information. Images may also be captured from devices or applications, potentially in specified intervals, in lieu of video files."
T1127,No,,Trusted Developer Utilities Proxy Execution,Stealth; Execution,TA0005; TA0002,Windows,,,M1021 Restrict Web-Based Content | M1038 Execution Prevention | M1042 Disable or Remove Feature or Program,https://attack.mitre.org/techniques/T1127,"Adversaries may take advantage of trusted developer utilities to proxy execution of malicious payloads. There are many utilities used for software development related tasks that can be used to execute code in various forms to assist in development, debugging, and reverse engineering.(Citation: engima0x3 DNX Bypass)(Citation: engima0x3 RCSI Bypass)(Citation: Exploit Monday WinDbg)(Citation: LOLBAS Tracker) These utilities may often be signed with legitimate certificates that allow them to execute on a system and proxy execution of malicious code through a trusted process that effectively bypass"
T1127.001,Yes,T1127,MSBuild,Stealth; Execution,TA0005; TA0002,Windows,,,M1038 Execution Prevention | M1042 Disable or Remove Feature or Program,https://attack.mitre.org/techniques/T1127/001,Adversaries may use MSBuild to proxy execution of code through a trusted Windows utility. MSBuild.exe (Microsoft Build Engine) is a software build platform used by Visual Studio. It handles XML formatted project files that define requirements for loading and building various platforms and configurations.(Citation: MSDN MSBuild)
T1127.002,Yes,T1127,ClickOnce,Stealth; Execution,TA0005; TA0002,Windows,,,M1021 Restrict Web-Based Content | M1042 Disable or Remove Feature or Program | M1045 Code Signing,https://attack.mitre.org/techniques/T1127/002,"Adversaries may use ClickOnce applications (.appref-ms and .application files) to proxy execution of code through a trusted Windows utility.(Citation: Burke/CISA ClickOnce BlackHat) ClickOnce is a deployment that enables a user to create self-updating Windows-based .NET applications (i.e, .XBAP, .EXE, or .DLL) that install and run from a file share or web page with minimal user interaction. The application launches as a child process of DFSVC.EXE, which is responsible for installing, launching, and updating the application.(Citation: SpectorOps Medium ClickOnce)"
T1127.003,Yes,T1127,JamPlus,Stealth; Execution,TA0005; TA0002,Windows,,,M1038 Execution Prevention | M1042 Disable or Remove Feature or Program,https://attack.mitre.org/techniques/T1127/003,Adversaries may use `JamPlus` to proxy the execution of a malicious script. `JamPlus` is a build utility tool for code and data build systems. It works with several popular compilers and can be used for generating workspaces in code editors such as Visual Studio.(Citation: JamPlus manual)
T1129,No,,Shared Modules,Execution,TA0002,Linux; macOS; Windows,,,M1038 Execution Prevention,https://attack.mitre.org/techniques/T1129,"Adversaries may execute malicious payloads via loading shared modules. Shared modules are executable files that are loaded into processes to provide access to reusable code, such as specific custom functions or invoking OS API functions (i.e., [Native API](https://attack.mitre.org/techniques/T1106))."
T1132,No,,Data Encoding,Command and Control,TA0011,ESXi; Linux; macOS; Windows,,,M1031 Network Intrusion Prevention,https://attack.mitre.org/techniques/T1132,"Adversaries may encode data to make the content of command and control traffic more difficult to detect. Command and control (C2) information can be encoded using a standard data encoding system. Use of data encoding may adhere to existing protocol specifications and includes use of ASCII, Unicode, Base64, MIME, or other binary-to-text and character encoding systems.(Citation: Wikipedia Binary-to-text Encoding) (Citation: Wikipedia Character Encoding) Some data encoding systems may also result in data compression, such as gzip."
T1132.001,Yes,T1132,Standard Encoding,Command and Control,TA0011,ESXi; Linux; macOS; Windows,,,M1031 Network Intrusion Prevention,https://attack.mitre.org/techniques/T1132/001,"Adversaries may encode data with a standard data encoding system to make the content of command and control traffic more difficult to detect. Command and control (C2) information can be encoded using a standard data encoding system that adheres to existing protocol specifications. Common data encoding schemes include ASCII, Unicode, hexadecimal, Base64, and MIME.(Citation: Wikipedia Binary-to-text Encoding)(Citation: Wikipedia Character Encoding) Some data encoding systems may also result in data compression, such as gzip."
T1132.002,Yes,T1132,Non-Standard Encoding,Command and Control,TA0011,ESXi; Linux; macOS; Windows,,,M1031 Network Intrusion Prevention,https://attack.mitre.org/techniques/T1132/002,"Adversaries may encode data with a non-standard data encoding system to make the content of command and control traffic more difficult to detect. Command and control (C2) information can be encoded using a non-standard data encoding system that diverges from existing protocol specifications. Non-standard data encoding schemes may be based on or related to standard data encoding schemes, such as a modified Base64 encoding for the message body of an HTTP request.(Citation: Wikipedia Binary-to-text Encoding)(Citation: Wikipedia Character Encoding) "
T1133,No,,External Remote Services,Persistence; Initial Access,TA0003; TA0001,Containers; Linux; macOS; Windows,,,M1021 Restrict Web-Based Content | M1030 Network Segmentation | M1032 Multi-factor Authentication | M1035 Limit Access to Resource Over Network | M1042 Disable or Remove Feature or Program,https://attack.mitre.org/techniques/T1133,"Adversaries may leverage external-facing remote services to initially access and/or persist within a network. Remote services such as VPNs, Citrix, and other access mechanisms allow users to connect to internal enterprise network resources from external locations. There are often remote service gateways that manage connections and credential authentication for these services. Services such as [Windows Remote Management](https://attack.mitre.org/techniques/T1021/006) and [VNC](https://attack.mitre.org/techniques/T1021/005) can also be used externally.(Citation: MacOS VNC software for Remote Des"
T1134,No,,Access Token Manipulation,Stealth; Privilege Escalation,TA0005; TA0004,Windows,,,M1018 User Account Management | M1026 Privileged Account Management,https://attack.mitre.org/techniques/T1134,"Adversaries may modify access tokens to operate under a different user or system security context to perform actions and bypass access controls. Windows uses access tokens to determine the ownership of a running process. A user can manipulate access tokens to make a running process appear as though it is the child of a different process or belongs to someone other than the user that started the process. When this occurs, the process also takes on the security context associated with the new token."
T1134.001,Yes,T1134,Token Impersonation/Theft,Stealth; Privilege Escalation,TA0005; TA0004,Windows,,,M1018 User Account Management | M1026 Privileged Account Management,https://attack.mitre.org/techniques/T1134/001,"Adversaries may duplicate then impersonate another user's existing token to escalate privileges and bypass access controls. For example, an adversary can duplicate an existing token using `DuplicateToken` or `DuplicateTokenEx`.(Citation: DuplicateToken function) The token can then be used with `ImpersonateLoggedOnUser` to allow the calling thread to impersonate a logged on user's security context, or with `SetThreadToken` to assign the impersonated token to a thread."
T1134.002,Yes,T1134,Create Process with Token,Stealth; Privilege Escalation,TA0005; TA0004,Windows,,,M1018 User Account Management | M1026 Privileged Account Management,https://attack.mitre.org/techniques/T1134/002,Adversaries may create a new process with an existing token to escalate privileges and bypass access controls. Processes can be created with the token and resulting security context of another user using features such as <code>CreateProcessWithTokenW</code> and <code>runas</code>.(Citation: Microsoft RunAs)
T1134.003,Yes,T1134,Make and Impersonate Token,Stealth; Privilege Escalation,TA0005; TA0004,Windows,,,M1018 User Account Management | M1026 Privileged Account Management,https://attack.mitre.org/techniques/T1134/003,"Adversaries may make new tokens and impersonate users to escalate privileges and bypass access controls. For example, if an adversary has a username and password but the user is not logged onto the system the adversary can then create a logon session for the user using the `LogonUser` function.(Citation: LogonUserW function) The function will return a copy of the new session's access token and the adversary can use `SetThreadToken` to assign the token to a thread."
T1134.004,Yes,T1134,Parent PID Spoofing,Stealth; Privilege Escalation,TA0005; TA0004,Windows,,,,https://attack.mitre.org/techniques/T1134/004,"Adversaries may spoof the parent process identifier (PPID) of a new process to evade process-monitoring defenses or to elevate privileges. New processes are typically spawned directly from their parent, or calling, process unless explicitly specified. One way of explicitly assigning the PPID of a new process is via the <code>CreateProcess</code> API call, which supports a parameter that defines the PPID to use.(Citation: DidierStevens SelectMyParent Nov 2009) This functionality is used by Windows features such as User Account Control (UAC) to correctly set the PPID after a requested elevated p"
T1134.005,Yes,T1134,SID-History Injection,Stealth; Privilege Escalation,TA0005; TA0004,Windows,,,M1015 Active Directory Configuration,https://attack.mitre.org/techniques/T1134/005,"Adversaries may use SID-History Injection to escalate privileges and bypass access controls. The Windows security identifier (SID) is a unique value that identifies a user or group account. SIDs are used by Windows security in both security descriptors and access tokens. (Citation: Microsoft SID) An account can hold additional SIDs in the SID-History Active Directory attribute (Citation: Microsoft SID-History Attribute), allowing inter-operable account migration between domains (e.g., all values in SID-History are included in access tokens)."
T1135,No,,Network Share Discovery,Discovery,TA0007,Linux; macOS; Windows,,,M1028 Operating System Configuration,https://attack.mitre.org/techniques/T1135,Adversaries may look for folders and drives shared on remote systems as a means of identifying sources of information to gather as a precursor for Collection and to identify potential systems of interest for Lateral Movement. Networks often contain shared network drives and folders that enable users to access file directories on various systems across a network. 
T1136,No,,Create Account,Persistence,TA0003,Windows; IaaS; Linux; macOS; Network Devices; Containers; SaaS; Office Suite; Identity Provider; ESXi,,,M1026 Privileged Account Management | M1028 Operating System Configuration | M1030 Network Segmentation | M1032 Multi-factor Authentication,https://attack.mitre.org/techniques/T1136,"Adversaries may create an account to maintain access to victim systems.(Citation: Symantec WastedLocker June 2020) With a sufficient level of access, creating such accounts may be used to establish secondary credentialed access that do not require persistent remote access tools to be deployed on the system."
T1136.001,Yes,T1136,Local Account,Persistence,TA0003,Containers; ESXi; Linux; macOS; Network Devices; Windows,,,M1026 Privileged Account Management | M1032 Multi-factor Authentication,https://attack.mitre.org/techniques/T1136/001,"Adversaries may create a local account to maintain access to victim systems. Local accounts are those configured by an organization for use by users, remote support, services, or for administration on a single system or service. "
T1136.002,Yes,T1136,Domain Account,Persistence,TA0003,Linux; macOS; Windows,,,M1026 Privileged Account Management | M1028 Operating System Configuration | M1030 Network Segmentation | M1032 Multi-factor Authentication,https://attack.mitre.org/techniques/T1136/002,"Adversaries may create a domain account to maintain access to victim systems. Domain accounts are those managed by Active Directory Domain Services where access and permissions are configured across systems and services that are part of that domain. Domain accounts can cover user, administrator, and service accounts. With a sufficient level of access, the <code>net user /add /domain</code> command can be used to create a domain account.(Citation: Savill 1999)"
T1136.003,Yes,T1136,Cloud Account,Persistence,TA0003,IaaS; SaaS; Office Suite; Identity Provider,,,M1026 Privileged Account Management | M1030 Network Segmentation | M1032 Multi-factor Authentication,https://attack.mitre.org/techniques/T1136/003,"Adversaries may create a cloud account to maintain access to victim systems. With a sufficient level of access, such accounts may be used to establish secondary credentialed access that does not require persistent remote access tools to be deployed on the system.(Citation: Microsoft O365 Admin Roles)(Citation: Microsoft Support O365 Add Another Admin, October 2019)(Citation: AWS Create IAM User)(Citation: GCP Create Cloud Identity Users)(Citation: Microsoft Azure AD Users)"
T1137,No,,Office Application Startup,Persistence,TA0003,Windows; Office Suite,,,M1040 Behavior Prevention on Endpoint | M1042 Disable or Remove Feature or Program | M1051 Update Software | M1054 Software Configuration,https://attack.mitre.org/techniques/T1137,Adversaries may leverage Microsoft Office-based applications for persistence between startups. Microsoft Office is a fairly common application suite on Windows-based operating systems within an enterprise network. There are multiple mechanisms that can be used with Office for persistence when an Office-based application is started; this can include the use of Office Template Macros and add-ins.
T1137.001,Yes,T1137,Office Template Macros,Persistence,TA0003,Office Suite; Windows,,,M1040 Behavior Prevention on Endpoint | M1042 Disable or Remove Feature or Program,https://attack.mitre.org/techniques/T1137/001,Adversaries may abuse Microsoft Office templates to obtain persistence on a compromised system. Microsoft Office contains templates that are part of common Office applications and are used to customize styles. The base templates within the application are used each time an application starts. (Citation: Microsoft Change Normal Template)
T1137.002,Yes,T1137,Office Test,Persistence,TA0003,Windows; Office Suite,,,M1040 Behavior Prevention on Endpoint | M1054 Software Configuration,https://attack.mitre.org/techniques/T1137/002,"Adversaries may abuse the Microsoft Office ""Office Test"" Registry key to obtain persistence on a compromised system. An Office Test Registry location exists that allows a user to specify an arbitrary DLL that will be executed every time an Office application is started. This Registry key is thought to be used by Microsoft to load DLLs for testing and debugging purposes while developing Office applications. This Registry key is not created by default during an Office installation.(Citation: Hexacorn Office Test)(Citation: Palo Alto Office Test Sofacy)"
T1137.003,Yes,T1137,Outlook Forms,Persistence,TA0003,Windows; Office Suite,,,M1040 Behavior Prevention on Endpoint | M1051 Update Software,https://attack.mitre.org/techniques/T1137/003,Adversaries may abuse Microsoft Outlook forms to obtain persistence on a compromised system. Outlook forms are used as templates for presentation and functionality in Outlook messages. Custom Outlook forms can be created that will execute code when a specifically crafted email is sent by an adversary utilizing the same custom Outlook form.(Citation: SensePost Outlook Forms)
T1137.004,Yes,T1137,Outlook Home Page,Persistence,TA0003,Windows; Office Suite,,,M1040 Behavior Prevention on Endpoint | M1051 Update Software,https://attack.mitre.org/techniques/T1137/004,Adversaries may abuse Microsoft Outlook's Home Page feature to obtain persistence on a compromised system. Outlook Home Page is a legacy feature used to customize the presentation of Outlook folders. This feature allows for an internal or external URL to be loaded and presented whenever a folder is opened. A malicious HTML page can be crafted that will execute code when loaded by Outlook Home Page.(Citation: SensePost Outlook Home Page)
T1137.005,Yes,T1137,Outlook Rules,Persistence,TA0003,Windows; Office Suite,,,M1040 Behavior Prevention on Endpoint | M1051 Update Software,https://attack.mitre.org/techniques/T1137/005,"Adversaries may abuse Microsoft Outlook rules to obtain persistence on a compromised system. Outlook rules allow a user to define automated behavior to manage email messages. A benign rule might, for example, automatically move an email to a particular folder in Outlook if it contains specific words from a specific sender. Malicious Outlook rules can be created that can trigger code execution when an adversary sends a specifically crafted email to that user.(Citation: SilentBreak Outlook Rules)"
T1137.006,Yes,T1137,Add-ins,Persistence,TA0003,Windows; Office Suite,,,M1040 Behavior Prevention on Endpoint,https://attack.mitre.org/techniques/T1137/006,"Adversaries may abuse Microsoft Office add-ins to obtain persistence on a compromised system. Office add-ins can be used to add functionality to Office programs. (Citation: Microsoft Office Add-ins) There are different types of add-ins that can be used by the various Office products; including Word/Excel add-in Libraries (WLL/XLL), VBA add-ins, Office Component Object Model (COM) add-ins, automation add-ins, VBA Editor (VBE), Visual Studio Tools for Office (VSTO) add-ins, and Outlook add-ins. (Citation: MRWLabs Office Persistence Add-ins)(Citation: FireEye Mail CDS 2018)"
T1140,No,,Deobfuscate/Decode Files or Information,Stealth,TA0005,ESXi; Linux; macOS; Windows,,,,https://attack.mitre.org/techniques/T1140,Adversaries may use [Obfuscated Files or Information](https://attack.mitre.org/techniques/T1027) to hide artifacts of an intrusion from analysis. They may require separate mechanisms to decode or deobfuscate that information depending on how they intend to use it. Methods for doing that include built-in functionality of malware or by using utilities present on the system.
T1176,No,,Software Extensions,Persistence,TA0003,Linux; macOS; Windows,,,M1017 User Training | M1033 Limit Software Installation | M1038 Execution Prevention | M1047 Audit | M1051 Update Software,https://attack.mitre.org/techniques/T1176,"Adversaries may abuse software extensions to establish persistent access to victim systems. Software extensions are modular components that enhance or customize the functionality of software applications, including web browsers, Integrated Development Environments (IDEs), and other platforms.(Citation: Chrome Extension C2 Malware)(Citation: Abramovsky VSCode Security) Extensions are typically installed via official marketplaces, app stores, or manually loaded by users, and they often inherit the permissions and access levels of the host application. "
T1176.001,Yes,T1176,Browser Extensions,Persistence,TA0003,Linux; Windows; macOS,,,M1017 User Training | M1033 Limit Software Installation | M1038 Execution Prevention | M1047 Audit | M1051 Update Software,https://attack.mitre.org/techniques/T1176/001,"Adversaries may abuse internet browser extensions to establish persistent access to victim systems. Browser extensions or plugins are small programs that can add functionality to and customize aspects of internet browsers. They can be installed directly via a local file or custom URL or through a browser's app store - an official online platform where users can browse, install, and manage extensions for a specific web browser. Extensions generally inherit the web browser's permissions previously granted.(Citation: Wikipedia Browser Extension)(Citation: Chrome Extensions Definition) "
T1176.002,Yes,T1176,IDE Extensions,Persistence,TA0003,Linux; macOS; Windows,,,M1017 User Training | M1033 Limit Software Installation | M1038 Execution Prevention | M1047 Audit | M1051 Update Software,https://attack.mitre.org/techniques/T1176/002,"Adversaries may abuse an integrated development environment (IDE) extension to establish persistent access to victim systems.(Citation: Mnemonic misuse visual studio) IDEs such as Visual Studio Code, IntelliJ IDEA, and Eclipse support extensions - software components that add features like code linting, auto-completion, task automation, or integration with tools like Git and Docker. A malicious extension can be installed through an extension marketplace (i.e., [Compromise Software Dependencies and Development Tools](https://attack.mitre.org/techniques/T1195/001)) or side-loaded directly into t"
T1185,No,,Browser Session Hijacking,Collection,TA0009,Windows,,,M1017 User Training | M1018 User Account Management,https://attack.mitre.org/techniques/T1185,"Adversaries may take advantage of security vulnerabilities and inherent functionality in browser software to change content, modify user-behaviors, and intercept information as part of various browser session hijacking techniques.(Citation: Wikipedia Man in the Browser)"
T1187,No,,Forced Authentication,Credential Access,TA0006,Windows,,,M1027 Password Policies | M1037 Filter Network Traffic,https://attack.mitre.org/techniques/T1187,Adversaries may gather credential material by invoking or forcing a user to automatically provide authentication information through a mechanism in which they can intercept.
T1189,No,,Drive-by Compromise,Initial Access,TA0001,Identity Provider; Linux; macOS; Windows,,,M1017 User Training | M1021 Restrict Web-Based Content | M1048 Application Isolation and Sandboxing | M1050 Exploit Protection | M1051 Update Software,https://attack.mitre.org/techniques/T1189,"Adversaries may gain access to a system through a user visiting a website over the normal course of browsing. Multiple ways of delivering exploit code to a browser exist (i.e., [Drive-by Target](https://attack.mitre.org/techniques/T1608/004)), including:"
T1190,No,,Exploit Public-Facing Application,Initial Access,TA0001,Containers; ESXi; IaaS; Linux; macOS; Network Devices; Windows,,,M1016 Vulnerability Scanning | M1026 Privileged Account Management | M1030 Network Segmentation | M1035 Limit Access to Resource Over Network | M1037 Filter Network Traffic | M1048 Application Isolation and Sandboxing | M1050 Exploit Protection | M1051 Update Software,https://attack.mitre.org/techniques/T1190,"Adversaries may attempt to exploit a weakness in an Internet-facing host or system to initially access a network. The weakness in the system can be a software bug, a temporary glitch, or a misconfiguration."
T1195,No,,Supply Chain Compromise,Initial Access,TA0001,Linux; Windows; macOS; SaaS,,,M1013 Application Developer Guidance | M1016 Vulnerability Scanning | M1018 User Account Management | M1033 Limit Software Installation | M1046 Boot Integrity | M1051 Update Software,https://attack.mitre.org/techniques/T1195,Adversaries may manipulate products or product delivery mechanisms prior to receipt by a final consumer for the purpose of data or system compromise.
T1195.001,Yes,T1195,Compromise Software Dependencies and Development Tools,Initial Access,TA0001,Linux; macOS; Windows,,,M1013 Application Developer Guidance | M1016 Vulnerability Scanning | M1033 Limit Software Installation | M1051 Update Software,https://attack.mitre.org/techniques/T1195/001,"Adversaries may manipulate software dependencies and development tools prior to receipt by a final consumer for the purpose of data or system compromise. Applications often depend on external software to function properly. Popular open source projects that are used as dependencies in many applications, such as pip and NPM packages, may be targeted as a means to add malicious code to users of the dependency.(Citation: Trendmicro NPM Compromise)(Citation: Bitdefender NPM Repositories Compromised 2021)(Citation: MANDVI Malicious npm and PyPI Packages Disguised) This may also include abandoned pac"
T1195.002,Yes,T1195,Compromise Software Supply Chain,Initial Access,TA0001,Linux; Windows; macOS,,,M1016 Vulnerability Scanning | M1051 Update Software,https://attack.mitre.org/techniques/T1195/002,"Adversaries may manipulate application software prior to receipt by a final consumer for the purpose of data or system compromise. Supply chain compromise of software can take place in a number of ways, including manipulation of the application source code, manipulation of the update/distribution mechanism for that software, or replacing compiled releases with a modified version."
T1195.003,Yes,T1195,Compromise Hardware Supply Chain,Initial Access,TA0001,Linux; macOS; Windows,,,M1046 Boot Integrity,https://attack.mitre.org/techniques/T1195/003,"Adversaries may manipulate hardware components in products prior to receipt by a final consumer for the purpose of data or system compromise. By modifying hardware or firmware in the supply chain, adversaries can insert a backdoor into consumer networks that may be difficult to detect and give the adversary a high degree of control over the system. Hardware backdoors may be inserted into various devices, such as servers, workstations, network infrastructure, or peripherals."
T1197,No,,BITS Jobs,Stealth; Persistence; Execution,TA0005; TA0003; TA0002,Windows,,,M1018 User Account Management | M1028 Operating System Configuration | M1037 Filter Network Traffic,https://attack.mitre.org/techniques/T1197,"Adversaries may abuse BITS jobs to persistently execute code and perform various background tasks. Windows Background Intelligent Transfer Service (BITS) is a low-bandwidth, asynchronous file transfer mechanism exposed through [Component Object Model](https://attack.mitre.org/techniques/T1559/001) (COM).(Citation: Microsoft COM)(Citation: Microsoft BITS) BITS is commonly used by updaters, messengers, and other applications preferred to operate in the background (using available idle bandwidth) without interrupting other networked applications. File transfer tasks are implemented as BITS jobs, "
T1199,No,,Trusted Relationship,Initial Access,TA0001,IaaS; Identity Provider; Linux; macOS; Office Suite; SaaS; Windows,,,M1018 User Account Management | M1030 Network Segmentation | M1032 Multi-factor Authentication,https://attack.mitre.org/techniques/T1199,Adversaries may breach or otherwise leverage organizations who have access to intended victims. Access through trusted third party relationship abuses an existing connection that may not be protected or receives less scrutiny than standard mechanisms of gaining access to a network.
T1200,No,,Hardware Additions,Initial Access,TA0001,Windows; Linux; macOS,,,M1034 Limit Hardware Installation | M1035 Limit Access to Resource Over Network,https://attack.mitre.org/techniques/T1200,"Adversaries may physically introduce computer accessories, networking hardware, or other computing devices into a system or network that can be used as a vector to gain access. Rather than just connecting and distributing payloads via removable storage (i.e. [Replication Through Removable Media](https://attack.mitre.org/techniques/T1091)), more robust hardware additions can be used to introduce new functionalities and/or features into a system that can then be abused."
T1201,No,,Password Policy Discovery,Discovery,TA0007,Windows; Linux; macOS; IaaS; Network Devices; Identity Provider; SaaS; Office Suite,,,M1027 Password Policies,https://attack.mitre.org/techniques/T1201,"Adversaries may attempt to access detailed information about the password policy used within an enterprise network or cloud environment. Password policies are a way to enforce complex passwords that are difficult to guess or crack through [Brute Force](https://attack.mitre.org/techniques/T1110). This information may help the adversary to create a list of common passwords and launch dictionary and/or brute force attacks which adheres to the policy (e.g. if the minimum password length should be 8, then not trying passwords such as 'pass123'; not checking for more than 3-4 passwords per account i"
T1202,No,,Indirect Command Execution,Stealth,TA0005,Windows,,,,https://attack.mitre.org/techniques/T1202,"Adversaries may abuse utilities that allow for command execution to bypass security restrictions that limit the use of command-line interpreters. Various Windows utilities may be used to execute commands, possibly without invoking [cmd](https://attack.mitre.org/software/S0106). For example, [Forfiles](https://attack.mitre.org/software/S0193), the Program Compatibility Assistant (`pcalua.exe`), components of the Windows Subsystem for Linux (WSL), `Scriptrunner.exe`, as well as other utilities may invoke the execution of programs and commands from a [Command and Scripting Interpreter](https://at"
T1203,No,,Exploitation for Client Execution,Execution,TA0002,Linux; macOS; Windows,,,M1048 Application Isolation and Sandboxing | M1050 Exploit Protection | M1051 Update Software,https://attack.mitre.org/techniques/T1203,Adversaries may exploit software vulnerabilities in client applications to execute code. Vulnerabilities can exist in software due to unsecure coding practices that can lead to unanticipated behavior. Adversaries can take advantage of certain vulnerabilities through targeted exploitation for the purpose of arbitrary code execution. Oftentimes the most valuable exploits to an offensive toolkit are those that can be used to obtain code execution on a remote system because they can be used to gain access to that system. Users will expect to see files related to the applications they commonly used
T1204,No,,User Execution,Execution,TA0002,Linux; Windows; macOS; IaaS; Containers,,,M1017 User Training | M1021 Restrict Web-Based Content | M1031 Network Intrusion Prevention | M1033 Limit Software Installation | M1038 Execution Prevention | M1040 Behavior Prevention on Endpoint,https://attack.mitre.org/techniques/T1204,"An adversary may rely upon specific actions by a user in order to gain execution. Users may be subjected to social engineering to get them to execute malicious code by, for example, opening a malicious document file or link. These user actions will typically be observed as follow-on behavior from forms of [Phishing](https://attack.mitre.org/techniques/T1566)."
T1204.001,Yes,T1204,Malicious Link,Execution,TA0002,Linux; macOS; Windows,,,M1017 User Training | M1021 Restrict Web-Based Content | M1031 Network Intrusion Prevention,https://attack.mitre.org/techniques/T1204/001,An adversary may rely upon a user clicking a malicious link in order to gain execution. Users may be subjected to social engineering to get them to click on a link that will lead to code execution. This user action will typically be observed as follow-on behavior from [Spearphishing Link](https://attack.mitre.org/techniques/T1566/002). Clicking on a link may also lead to other execution techniques such as exploitation of a browser or application vulnerability via [Exploitation for Client Execution](https://attack.mitre.org/techniques/T1203). Links may also lead users to download files that req
T1204.002,Yes,T1204,Malicious File,Execution,TA0002,Linux; macOS; Windows,,,M1017 User Training | M1038 Execution Prevention | M1040 Behavior Prevention on Endpoint,https://attack.mitre.org/techniques/T1204/002,"An adversary may rely upon a user opening a malicious file in order to gain execution. Users may be subjected to social engineering to get them to open a file that will lead to code execution. This user action will typically be observed as follow-on behavior from [Spearphishing Attachment](https://attack.mitre.org/techniques/T1566/001). Adversaries may use several types of files that require a user to execute them, including .doc, .pdf, .xls, .rtf, .scr, .exe, .lnk, .pif, .cpl, .reg, and .iso.(Citation: Mandiant Trojanized Windows 10)"
T1204.003,Yes,T1204,Malicious Image,Execution,TA0002,IaaS; Containers,,,M1017 User Training | M1031 Network Intrusion Prevention | M1045 Code Signing | M1047 Audit,https://attack.mitre.org/techniques/T1204/003,"Adversaries may rely on a user running a malicious image to facilitate execution. Amazon Web Services (AWS) Amazon Machine Images (AMIs), Google Cloud Platform (GCP) Images, and Azure Images as well as popular container runtimes such as Docker can be backdoored. Backdoored images may be uploaded to a public repository via [Upload Malware](https://attack.mitre.org/techniques/T1608/001), and users may then download and deploy an instance or container from the image without realizing the image is malicious, thus bypassing techniques that specifically achieve Initial Access. This can lead to the e"
T1204.004,Yes,T1204,Malicious Copy and Paste,Execution,TA0002,Linux; macOS; Windows,,,M1021 Restrict Web-Based Content | M1031 Network Intrusion Prevention | M1038 Execution Prevention,https://attack.mitre.org/techniques/T1204/004,"An adversary may rely upon a user copying and pasting code in order to gain execution. Users may be subjected to social engineering to get them to copy and paste code directly into a [Command and Scripting Interpreter](https://attack.mitre.org/techniques/T1059). One such strategy is ""ClickFix,"" in which adversaries present users with seemingly helpful solutions—such as prompts to fix errors or complete CAPTCHAs—that instead instruct the user to copy and paste malicious code."
T1204.005,Yes,T1204,Malicious Library,Execution,TA0002,Linux; macOS; Windows,,,M1017 User Training | M1031 Network Intrusion Prevention | M1033 Limit Software Installation,https://attack.mitre.org/techniques/T1204/005,"Adversaries may rely on a user installing a malicious library to facilitate execution. Threat actors may [Upload Malware](https://attack.mitre.org/techniques/T1608/001) to package managers such as NPM and PyPi, as well as to public code repositories such as GitHub. User may install libraries without realizing they are malicious, thus bypassing techniques that specifically achieve Initial Access. This can lead to the execution of malicious code, such as code that establishes persistence, steals data, or mines cryptocurrency.(Citation: Datadog Security Labs Malicious PyPi Packages 2024)(Citation"
T1205,No,,Traffic Signaling,Stealth; Persistence; Command and Control,TA0005; TA0003; TA0011,Linux; macOS; Network Devices; Windows,,,M1037 Filter Network Traffic | M1042 Disable or Remove Feature or Program,https://attack.mitre.org/techniques/T1205,"Adversaries may use traffic signaling to hide open ports or other malicious functionality used for persistence or command and control. Traffic signaling involves the use of a magic value or sequence that must be sent to a system to trigger a special response, such as opening a closed port or executing a malicious task. This may take the form of sending a series of packets with certain characteristics before a port will be opened that the adversary can use for command and control. Usually this series of packets consists of attempted connections to a predefined sequence of closed ports (i.e. [Po"
T1205.001,Yes,T1205,Port Knocking,Stealth; Persistence; Command and Control,TA0005; TA0003; TA0011,Linux; macOS; Network Devices; Windows,,,M1037 Filter Network Traffic,https://attack.mitre.org/techniques/T1205/001,"Adversaries may use port knocking to hide open ports used for persistence or command and control. To enable a port, an adversary sends a series of attempted connections to a predefined sequence of closed ports. After the sequence is completed, opening a port is often accomplished by the host based firewall, but could also be implemented by custom software."
T1205.002,Yes,T1205,Socket Filters,Stealth; Persistence; Command and Control,TA0005; TA0003; TA0011,Linux; macOS; Windows,,,M1037 Filter Network Traffic,https://attack.mitre.org/techniques/T1205/002,"Adversaries may attach filters to a network socket to monitor then activate backdoors used for persistence or command and control. With elevated permissions, adversaries can use features such as the `libpcap` library to open sockets and install filters to allow or disallow certain types of data to come through the socket. The filter may apply to all traffic passing through the specified network interface (or every interface if not specified). When the network interface receives a packet matching the filter criteria, additional actions can be triggered on the host, such as activation of a rever"
T1207,No,,Rogue Domain Controller,Defense Impairment,TA0112,Windows,,,,https://attack.mitre.org/techniques/T1207,"Adversaries may register a rogue Domain Controller to enable manipulation of Active Directory data. DCShadow may be used to create a rogue Domain Controller (DC). DCShadow is a method of manipulating Active Directory (AD) data, including objects and schemas, by registering (or reusing an inactive registration) and simulating the behavior of a DC. (Citation: DCShadow Blog) Once registered, a rogue DC may be able to inject and replicate changes into AD infrastructure for any domain object, including credentials and keys."
T1210,No,,Exploitation of Remote Services,Lateral Movement,TA0008,Linux; Windows; macOS; ESXi,,,M1016 Vulnerability Scanning | M1019 Threat Intelligence Program | M1026 Privileged Account Management | M1030 Network Segmentation | M1042 Disable or Remove Feature or Program | M1048 Application Isolation and Sandboxing | M1050 Exploit Protection | M1051 Update Software,https://attack.mitre.org/techniques/T1210,"Adversaries may exploit remote services to gain unauthorized access to internal systems once inside of a network. Exploitation of a software vulnerability occurs when an adversary takes advantage of a programming error in a program, service, or within the operating system software or kernel itself to execute adversary-controlled code. A common goal for post-compromise exploitation of remote services is for lateral movement to enable access to a remote system."
T1211,No,,Exploitation for Stealth,Stealth,TA0005,Linux; Windows; macOS; SaaS; IaaS,,,M1019 Threat Intelligence Program | M1048 Application Isolation and Sandboxing | M1050 Exploit Protection | M1051 Update Software,https://attack.mitre.org/techniques/T1211,"Adversaries may exploit vulnerabilities to evade detection by hiding activity, suppressing logging, or operating within trusted or unmonitored components. "
T1212,No,,Exploitation for Credential Access,Credential Access,TA0006,Linux; Windows; macOS; Identity Provider,,,M1013 Application Developer Guidance | M1019 Threat Intelligence Program | M1048 Application Isolation and Sandboxing | M1050 Exploit Protection | M1051 Update Software,https://attack.mitre.org/techniques/T1212,"Adversaries may exploit software vulnerabilities in an attempt to collect credentials. Exploitation of a software vulnerability occurs when an adversary takes advantage of a programming error in a program, service, or within the operating system software or kernel itself to execute adversary-controlled code. "
T1213,No,,Data from Information Repositories,Collection,TA0009,Linux; Windows; macOS; SaaS; IaaS; Office Suite,,,M1017 User Training | M1018 User Account Management | M1032 Multi-factor Authentication | M1041 Encrypt Sensitive Information | M1047 Audit | M1054 Software Configuration | M1060 Out-of-Band Communications Channel,https://attack.mitre.org/techniques/T1213,"Adversaries may leverage information repositories to mine valuable information. Information repositories are tools that allow for storage of information, typically to facilitate collaboration or information sharing between users, and can store a wide variety of data that may aid adversaries in further objectives, such as Credential Access, Lateral Movement, or Defense Evasion, or direct access to the target information. Adversaries may also abuse external sharing features to share sensitive documents with recipients outside of the organization (i.e., [Transfer Data to Cloud Account](https://at"
T1213.001,Yes,T1213,Confluence,Collection,TA0009,SaaS,,,M1017 User Training | M1018 User Account Management | M1047 Audit,https://attack.mitre.org/techniques/T1213/001,
T1213.002,Yes,T1213,Sharepoint,Collection,TA0009,Office Suite; Windows,,,M1017 User Training | M1018 User Account Management | M1047 Audit,https://attack.mitre.org/techniques/T1213/002,"Adversaries may leverage the SharePoint repository as a source to mine valuable information. SharePoint will often contain useful information for an adversary to learn about the structure and functionality of the internal network and systems. For example, the following is a list of example information that may hold potential value to an adversary and may also be found on SharePoint:"
T1213.003,Yes,T1213,Code Repositories,Collection,TA0009,SaaS,,,M1017 User Training | M1018 User Account Management | M1032 Multi-factor Authentication | M1047 Audit,https://attack.mitre.org/techniques/T1213/003,"Adversaries may leverage code repositories to collect valuable information. Code repositories are tools/services that store source code and automate software builds. They may be hosted internally or privately on third party sites such as Github, GitLab, SourceForge, and BitBucket. Users typically interact with code repositories through a web application or command-line utilities such as git."
T1213.004,Yes,T1213,Customer Relationship Management Software,Collection,TA0009,SaaS,,,M1017 User Training | M1018 User Account Management | M1047 Audit | M1054 Software Configuration,https://attack.mitre.org/techniques/T1213/004,"Adversaries may leverage Customer Relationship Management (CRM) software to mine valuable information. CRM software is used to assist organizations in tracking and managing customer interactions, as well as storing customer data."
T1213.005,Yes,T1213,Messaging Applications,Collection,TA0009,Office Suite; SaaS,,,M1017 User Training | M1047 Audit | M1060 Out-of-Band Communications Channel,https://attack.mitre.org/techniques/T1213/005,"Adversaries may leverage chat and messaging applications, such as Microsoft Teams, Google Chat, and Slack, to mine valuable information.  "
T1213.006,Yes,T1213,Databases,Collection,TA0009,IaaS; Linux; macOS; SaaS; Windows,,,M1017 User Training | M1018 User Account Management | M1041 Encrypt Sensitive Information | M1047 Audit | M1054 Software Configuration,https://attack.mitre.org/techniques/T1213/006,Adversaries may leverage databases to mine valuable information. These databases may be hosted on-premises or in the cloud (both in platform-as-a-service and software-as-a-service environments). 
T1216,No,,System Script Proxy Execution,Stealth,TA0005,Windows,,,M1038 Execution Prevention,https://attack.mitre.org/techniques/T1216,"Adversaries may use trusted scripts, often signed with certificates, to proxy the execution of malicious files. Several Microsoft signed scripts that have been downloaded from Microsoft or are default on Windows installations can be used to proxy execution of other files.(Citation: LOLBAS Project) This behavior may be abused by adversaries to execute malicious files that could bypass application control and signature validation on systems.(Citation: GitHub Ultimate AppLocker Bypass List)"
T1216.001,Yes,T1216,PubPrn,Stealth,TA0005,Windows,,,M1038 Execution Prevention | M1040 Behavior Prevention on Endpoint,https://attack.mitre.org/techniques/T1216/001,"Adversaries may use PubPrn to proxy execution of malicious remote files. PubPrn.vbs is a [Visual Basic](https://attack.mitre.org/techniques/T1059/005) script that publishes a printer to Active Directory Domain Services. The script may be signed by Microsoft and is commonly executed through the [Windows Command Shell](https://attack.mitre.org/techniques/T1059/003) via <code>Cscript.exe</code>. For example, the following code publishes a printer within the specified domain: <code>cscript pubprn Printer1 LDAP://CN=Container1,DC=Domain1,DC=Com</code>.(Citation: pubprn)"
T1216.002,Yes,T1216,SyncAppvPublishingServer,Stealth,TA0005,Windows,,,M1038 Execution Prevention,https://attack.mitre.org/techniques/T1216/002,"Adversaries may abuse SyncAppvPublishingServer.vbs to proxy execution of malicious [PowerShell](https://attack.mitre.org/techniques/T1059/001) commands. SyncAppvPublishingServer.vbs is a Visual Basic script associated with how Windows virtualizes applications (Microsoft Application Virtualization, or App-V).(Citation: 1 - appv) For example, Windows may render Win32 applications to users as virtual applications, allowing users to launch and interact with them as if they were installed locally.(Citation: 2 - appv)(Citation: 3 - appv)"
T1217,No,,Browser Information Discovery,Discovery,TA0007,Linux; macOS; Windows,,,,https://attack.mitre.org/techniques/T1217,"Adversaries may enumerate information about browsers to learn more about compromised environments. Data saved by browsers (such as bookmarks, accounts, and browsing history) may reveal a variety of personal information about users (e.g., banking sites, relationships/interests, social media, etc.) as well as details about internal network resources such as servers, tools/dashboards, or other related infrastructure.(Citation: Kaspersky Autofill)"
T1218,No,,System Binary Proxy Execution,Stealth,TA0005,Linux; macOS; Windows,,,M1021 Restrict Web-Based Content | M1026 Privileged Account Management | M1037 Filter Network Traffic | M1038 Execution Prevention | M1042 Disable or Remove Feature or Program | M1050 Exploit Protection,https://attack.mitre.org/techniques/T1218,"Adversaries may bypass process and/or signature-based defenses by proxying execution of malicious content with signed, or otherwise trusted, binaries. Binaries used in this technique are often Microsoft-signed files, indicating that they have been either downloaded from Microsoft or are already native in the operating system.(Citation: LOLBAS Project) Binaries signed with trusted digital certificates can typically execute on Windows systems protected by digital signature validation. Several Microsoft signed binaries that are default on Windows installations can be used to proxy execution of ot"
T1218.001,Yes,T1218,Compiled HTML File,Stealth,TA0005,Windows,,,M1021 Restrict Web-Based Content | M1038 Execution Prevention,https://attack.mitre.org/techniques/T1218/001,"Adversaries may abuse Compiled HTML files (.chm) to conceal malicious code. CHM files are commonly distributed as part of the Microsoft HTML Help system. CHM files are compressed compilations of various content such as HTML documents, images, and scripting/web related programming languages such VBA, JScript, Java, and ActiveX. (Citation: Microsoft HTML Help May 2018) CHM content is displayed using underlying components of the Internet Explorer browser (Citation: Microsoft HTML Help ActiveX) loaded by the HTML Help executable program (hh.exe). (Citation: Microsoft HTML Help Executable Program)"
T1218.002,Yes,T1218,Control Panel,Stealth,TA0005,Windows,,,M1022 Restrict File and Directory Permissions | M1038 Execution Prevention,https://attack.mitre.org/techniques/T1218/002,"Adversaries may abuse control.exe to proxy execution of malicious payloads. The Windows Control Panel process binary (control.exe) handles execution of Control Panel items, which are utilities that allow users to view and adjust computer settings."
T1218.003,Yes,T1218,CMSTP,Stealth,TA0005,Windows,,,M1038 Execution Prevention | M1042 Disable or Remove Feature or Program,https://attack.mitre.org/techniques/T1218/003,Adversaries may abuse CMSTP to proxy execution of malicious code. The Microsoft Connection Manager Profile Installer (CMSTP.exe) is a command-line program used to install Connection Manager service profiles. (Citation: Microsoft Connection Manager Oct 2009) CMSTP.exe accepts an installation information file (INF) as a parameter and installs a service profile leveraged for remote access connections.
T1218.004,Yes,T1218,InstallUtil,Stealth,TA0005,Windows,,,M1038 Execution Prevention | M1042 Disable or Remove Feature or Program,https://attack.mitre.org/techniques/T1218/004,Adversaries may use InstallUtil to proxy execution of code through a trusted Windows utility. InstallUtil is a command-line utility that allows for installation and uninstallation of resources by executing specific installer components specified in .NET binaries. (Citation: MSDN InstallUtil) The InstallUtil binary may also be digitally signed by Microsoft and located in the .NET directories on a Windows system: <code>C:\Windows\Microsoft.NET\Framework\v<version>\InstallUtil.exe</code> and <code>C:\Windows\Microsoft.NET\Framework64\v<version>\InstallUtil.exe</code>.
T1218.005,Yes,T1218,Mshta,Stealth,TA0005,Windows,,,M1038 Execution Prevention | M1042 Disable or Remove Feature or Program,https://attack.mitre.org/techniques/T1218/005,Adversaries may abuse mshta.exe to proxy execution of malicious .hta files and Javascript or VBScript through a trusted Windows utility. There are several examples of different types of threats leveraging mshta.exe during initial compromise and for execution of code (Citation: Cylance Dust Storm) (Citation: Red Canary HTA Abuse Part Deux) (Citation: FireEye Attacks Leveraging HTA) (Citation: Airbus Security Kovter Analysis) (Citation: FireEye FIN7 April 2017) 
T1218.007,Yes,T1218,Msiexec,Stealth,TA0005,Windows,,,M1026 Privileged Account Management | M1042 Disable or Remove Feature or Program,https://attack.mitre.org/techniques/T1218/007,Adversaries may abuse msiexec.exe to proxy execution of malicious payloads. Msiexec.exe is the command-line utility for the Windows Installer and is thus commonly associated with executing installation packages (.msi).(Citation: Microsoft msiexec) The Msiexec.exe binary may also be digitally signed by Microsoft.
T1218.008,Yes,T1218,Odbcconf,Stealth,TA0005,Windows,,,M1038 Execution Prevention | M1042 Disable or Remove Feature or Program,https://attack.mitre.org/techniques/T1218/008,Adversaries may abuse odbcconf.exe to proxy execution of malicious payloads. Odbcconf.exe is a Windows utility that allows you to configure Open Database Connectivity (ODBC) drivers and data source names.(Citation: Microsoft odbcconf.exe) The Odbcconf.exe binary may be digitally signed by Microsoft.
T1218.009,Yes,T1218,Regsvcs/Regasm,Stealth,TA0005,Windows,,,M1038 Execution Prevention | M1042 Disable or Remove Feature or Program,https://attack.mitre.org/techniques/T1218/009,Adversaries may abuse Regsvcs and Regasm to proxy execution of code through a trusted Windows utility. Regsvcs and Regasm are Windows command-line utilities that are used to register .NET [Component Object Model](https://attack.mitre.org/techniques/T1559/001) (COM) assemblies. Both are binaries that may be digitally signed by Microsoft. (Citation: MSDN Regsvcs) (Citation: MSDN Regasm)
T1218.010,Yes,T1218,Regsvr32,Stealth,TA0005,Windows,,,M1050 Exploit Protection,https://attack.mitre.org/techniques/T1218/010,"Adversaries may abuse Regsvr32.exe to proxy execution of malicious code. Regsvr32.exe is a command-line program used to register and unregister object linking and embedding controls, including dynamic link libraries (DLLs), on Windows systems. The Regsvr32.exe binary may also be signed by Microsoft. (Citation: Microsoft Regsvr32)"
T1218.011,Yes,T1218,Rundll32,Stealth,TA0005,Windows,,,M1050 Exploit Protection,https://attack.mitre.org/techniques/T1218/011,"Adversaries may abuse rundll32.exe to proxy execution of malicious code. Using rundll32.exe, vice executing directly (i.e. [Shared Modules](https://attack.mitre.org/techniques/T1129)), may avoid triggering security tools that may not monitor execution of the rundll32.exe process because of allowlists or false positives from normal operations. Rundll32.exe is commonly associated with executing DLL payloads (ex: <code>rundll32.exe {DLLname, DLLfunction}</code>)."
T1218.012,Yes,T1218,Verclsid,Stealth,TA0005,Windows,,,M1037 Filter Network Traffic | M1038 Execution Prevention | M1042 Disable or Remove Feature or Program,https://attack.mitre.org/techniques/T1218/012,Adversaries may abuse verclsid.exe to proxy execution of malicious code. Verclsid.exe is known as the Extension CLSID Verification Host and is responsible for verifying each shell extension before they are used by Windows Explorer or the Windows Shell.(Citation: WinOSBite verclsid.exe)
T1218.013,Yes,T1218,Mavinject,Stealth,TA0005,Windows,,,M1038 Execution Prevention | M1042 Disable or Remove Feature or Program,https://attack.mitre.org/techniques/T1218/013,"Adversaries may abuse mavinject.exe to proxy execution of malicious code. Mavinject.exe is the Microsoft Application Virtualization Injector, a Windows utility that can inject code into external processes as part of Microsoft Application Virtualization (App-V).(Citation: LOLBAS Mavinject)"
T1218.014,Yes,T1218,MMC,Stealth,TA0005,Windows,,,M1038 Execution Prevention | M1042 Disable or Remove Feature or Program,https://attack.mitre.org/techniques/T1218/014,"Adversaries may abuse mmc.exe to proxy execution of malicious .msc files. Microsoft Management Console (MMC) is a binary that may be signed by Microsoft and is used in several ways in either its GUI or in a command prompt.(Citation: win_mmc)(Citation: what_is_mmc) MMC can be used to create, open, and save custom consoles that contain administrative tools created by Microsoft, called snap-ins. These snap-ins may be used to manage Windows systems locally or remotely. MMC can also be used to open Microsoft created .msc files to manage system configuration.(Citation: win_msc_files_overview)"
T1218.015,Yes,T1218,Electron Applications,Stealth,TA0005,Linux; macOS; Windows,,,M1038 Execution Prevention | M1042 Disable or Remove Feature or Program | M1050 Exploit Protection,https://attack.mitre.org/techniques/T1218/015,"Adversaries may abuse components of the Electron framework to execute malicious code. The Electron framework hosts many common applications such as Signal, Slack, and Microsoft Teams.(Citation: Electron 2) Originally developed by GitHub, Electron is a cross-platform desktop application development framework that employs web technologies like JavaScript, HTML, and CSS.(Citation: Electron 3) The Chromium engine is used to display web content and Node.js runs the backend code.(Citation: Electron 1)"
T1219,No,,Remote Access Tools,Command and Control,TA0011,Linux; macOS; Windows,,,M1031 Network Intrusion Prevention | M1034 Limit Hardware Installation | M1037 Filter Network Traffic | M1038 Execution Prevention | M1042 Disable or Remove Feature or Program,https://attack.mitre.org/techniques/T1219,"An adversary may use legitimate remote access tools to establish an interactive command and control channel within a network. Remote access tools create a session between two trusted hosts through a graphical interface, a command line interaction, a protocol tunnel via development or management software, or hardware-level access such as KVM (Keyboard, Video, Mouse) over IP solutions. Desktop support software (usually graphical interface) and remote management software (typically command line interface) allow a user to control a computer remotely as if they are a local user inheriting the user "
T1219.001,Yes,T1219,IDE Tunneling,Command and Control,TA0011,Linux; macOS; Windows,,,M1038 Execution Prevention,https://attack.mitre.org/techniques/T1219/001,"Adversaries may abuse Integrated Development Environment (IDE) software with remote development features to establish an interactive command and control channel on target systems within a network. IDE tunneling combines SSH, port forwarding, file sharing, and debugging into a single secure connection, letting developers work on remote systems as if they were local. Unlike SSH and port forwarding, IDE tunneling encapsulates an entire session and may use proprietary tunneling protocols alongside SSH, allowing adversaries to blend in with legitimate development workflows. Some IDEs, like Visual S"
T1219.002,Yes,T1219,Remote Desktop Software,Command and Control,TA0011,Linux; macOS; Windows,,,M1037 Filter Network Traffic | M1038 Execution Prevention | M1042 Disable or Remove Feature or Program,https://attack.mitre.org/techniques/T1219/002,"An adversary may use legitimate desktop support software to establish an interactive command and control channel to target systems within networks. Desktop support software provides a graphical interface for remotely controlling another computer, transmitting the display output, keyboard input, and mouse control between devices using various protocols. Desktop support software, such as `VNC`, `Team Viewer`, `AnyDesk`, `ScreenConnect`, `LogMein`, `AmmyyAdmin`, and other remote monitoring and management (RMM) tools, are commonly used as legitimate technical support software and may be allowed by"
T1219.003,Yes,T1219,Remote Access Hardware,Command and Control,TA0011,Linux; macOS; Windows,,,M1034 Limit Hardware Installation,https://attack.mitre.org/techniques/T1219/003,"An adversary may use legitimate remote access hardware to establish an interactive command and control channel to target systems within networks. These services, including IP-based keyboard, video, or mouse (KVM) devices such as TinyPilot and PiKVM, are commonly used as legitimate tools and may be allowed by peripheral device policies within a target environment.  "
T1220,No,,XSL Script Processing,Stealth,TA0005,Windows,,,M1038 Execution Prevention,https://attack.mitre.org/techniques/T1220,"Adversaries may bypass application control and obscure execution of code by embedding scripts inside XSL files. Extensible Stylesheet Language (XSL) files are commonly used to describe the processing and rendering of data within XML files. To support complex operations, the XSL standard includes support for embedded scripting in various languages. (Citation: Microsoft XSLT Script Mar 2017)"
T1221,No,,Template Injection,Stealth,TA0005,Windows,,,M1017 User Training | M1031 Network Intrusion Prevention | M1042 Disable or Remove Feature or Program | M1049 Antivirus/Antimalware,https://attack.mitre.org/techniques/T1221,"Adversaries may create or modify references in user document templates to conceal malicious code or force authentication attempts. For example, Microsoft’s Office Open XML (OOXML) specification defines an XML-based format for Office documents (.docx, xlsx, .pptx) to replace older binary formats (.doc, .xls, .ppt). OOXML files are packed together ZIP archives compromised of various XML files, referred to as parts, containing properties that collectively define how a document is rendered.(Citation: Microsoft Open XML July 2017)"
T1222,No,,File and Directory Permissions Modification,Defense Impairment,TA0112,ESXi; Linux; macOS; Windows,,,M1022 Restrict File and Directory Permissions | M1026 Privileged Account Management,https://attack.mitre.org/techniques/T1222,"Adversaries may modify file or directory permissions/attributes to evade access control lists (ACLs) and access protected files.(Citation: Hybrid Analysis Icacls1 June 2018)(Citation: Hybrid Analysis Icacls2 May 2018) File and directory permissions are commonly managed by ACLs configured by the file or directory owner, or users with the appropriate permissions. File and directory ACL implementations vary by platform, but generally explicitly designate which users or groups can perform which actions (read, write, execute, etc.)."
T1222.001,Yes,T1222,Windows Permissions,Defense Impairment,TA0112,Windows,,,M1022 Restrict File and Directory Permissions | M1026 Privileged Account Management,https://attack.mitre.org/techniques/T1222/001,"Adversaries may modify file or directory permissions/attributes to evade access control lists (ACLs) and access protected files.(Citation: Hybrid Analysis Icacls1 June 2018)(Citation: Hybrid Analysis Icacls2 May 2018) File and directory permissions are commonly managed by ACLs configured by the file or directory owner, or users with the appropriate permissions. File and directory ACL implementations vary by platform, but generally explicitly designate which users or groups can perform which actions (read, write, execute, etc.)."
T1222.002,Yes,T1222,Linux and Mac Permissions,Defense Impairment,TA0112,Linux; macOS,,,M1022 Restrict File and Directory Permissions | M1026 Privileged Account Management,https://attack.mitre.org/techniques/T1222/002,"Adversaries may modify file or directory permissions/attributes to evade access control lists (ACLs) and access protected files.(Citation: Hybrid Analysis Icacls1 June 2018)(Citation: Hybrid Analysis Icacls2 May 2018) File and directory permissions are commonly managed by ACLs configured by the file or directory owner, or users with the appropriate permissions. File and directory ACL implementations vary by platform, but generally explicitly designate which users or groups can perform which actions (read, write, execute, etc.)."
T1480,No,,Execution Guardrails,Stealth,TA0005,ESXi; Linux; macOS; Windows,,,M1055 Do Not Mitigate,https://attack.mitre.org/techniques/T1480,"Adversaries may use execution guardrails to constrain execution or actions based on adversary supplied and environment specific conditions that are expected to be present on the target. Guardrails ensure that a payload only executes against an intended target and reduces collateral damage from an adversary’s campaign.(Citation: FireEye Kevin Mandia Guardrails) Values an adversary can provide about a target system or environment to use as guardrails may include specific network share names, attached physical devices, files, joined Active Directory (AD) domains, and local/external IP addresses.("
T1480.001,Yes,T1480,Environmental Keying,Stealth,TA0005,Linux; Windows; macOS,,,M1055 Do Not Mitigate,https://attack.mitre.org/techniques/T1480/001,Adversaries may environmentally key payloads or other features of malware to evade defenses and constraint execution to a specific target environment. Environmental keying uses cryptography to constrain execution or actions based on adversary supplied environment specific conditions that are expected to be present on the target. Environmental keying is an implementation of [Execution Guardrails](https://attack.mitre.org/techniques/T1480) that utilizes cryptographic techniques for deriving encryption/decryption keys from specific types of values in a given computing environment.(Citation: EK Cl
T1480.002,Yes,T1480,Mutual Exclusion,Stealth,TA0005,Linux; macOS; Windows,,,M1055 Do Not Mitigate,https://attack.mitre.org/techniques/T1480/002,Adversaries may constrain execution or actions based on the presence of a mutex associated with malware. A mutex is a locking mechanism used to synchronize access to a resource. Only one thread or process can acquire a mutex at a given time.(Citation: Microsoft Mutexes)
T1482,No,,Domain Trust Discovery,Discovery,TA0007,Windows,,,M1030 Network Segmentation | M1047 Audit,https://attack.mitre.org/techniques/T1482,"Adversaries may attempt to gather information on domain trust relationships that may be used to identify lateral movement opportunities in Windows multi-domain/forest environments. Domain trusts provide a mechanism for a domain to allow access to resources based on the authentication procedures of another domain.(Citation: Microsoft Trusts) Domain trusts allow the users of the trusted domain to access resources in the trusting domain. The information discovered may help the adversary conduct [SID-History Injection](https://attack.mitre.org/techniques/T1134/005), [Pass the Ticket](https://attac"
T1484,No,,Domain or Tenant Policy Modification,Defense Impairment; Privilege Escalation,TA0112; TA0004,Windows; Identity Provider,,,M1018 User Account Management | M1026 Privileged Account Management | M1047 Audit,https://attack.mitre.org/techniques/T1484,"Adversaries may modify the configuration settings of a domain or identity tenant to evade defenses and/or escalate privileges in centrally managed environments. Such services provide a centralized means of managing identity resources such as devices and accounts, and often include configuration settings that may apply between domains or tenants such as trust relationships, identity syncing, or identity federation."
T1484.001,Yes,T1484,Group Policy Modification,Defense Impairment; Privilege Escalation,TA0112; TA0004,Windows,,,M1018 User Account Management | M1047 Audit,https://attack.mitre.org/techniques/T1484/001,"Adversaries may modify Group Policy Objects (GPOs) to subvert the intended discretionary access controls for a domain, usually with the intention of escalating privileges on the domain. Group policy allows for centralized management of user and computer settings in Active Directory (AD). GPOs are containers for group policy settings made up of files stored within a predictable network path `\<DOMAIN>\SYSVOL\<DOMAIN>\Policies\`.(Citation: TechNet Group Policy Basics)(Citation: ADSecurity GPO Persistence 2016) "
T1484.002,Yes,T1484,Trust Modification,Defense Impairment; Privilege Escalation,TA0112; TA0004,Identity Provider; Windows,,,M1018 User Account Management | M1026 Privileged Account Management,https://attack.mitre.org/techniques/T1484/002,"Adversaries may add new domain trusts, modify the properties of existing domain trusts, or otherwise change the configuration of trust relationships between domains and tenants to evade defenses and/or elevate privileges.Trust details, such as whether or not user identities are federated, allow authentication and authorization properties to apply between domains or tenants for the purpose of accessing shared resources.(Citation: Microsoft - Azure AD Federation) These trust objects may include accounts, credentials, and other authentication material applied to servers, tokens, and domains."
T1485,No,,Data Destruction,Impact,TA0040,Containers; ESXi; IaaS; Linux; macOS; Windows,,,M1018 User Account Management | M1032 Multi-factor Authentication | M1053 Data Backup,https://attack.mitre.org/techniques/T1485,"Adversaries may destroy data and files on specific systems or in large numbers on a network to interrupt availability to systems, services, and network resources. Data destruction is likely to render stored data irrecoverable by forensic techniques through overwriting files or data on local and remote drives.(Citation: Symantec Shamoon 2012)(Citation: FireEye Shamoon Nov 2016)(Citation: Palo Alto Shamoon Nov 2016)(Citation: Kaspersky StoneDrill 2017)(Citation: Unit 42 Shamoon3 2018)(Citation: Talos Olympic Destroyer 2018) Common operating system file deletion commands such as <code>del</code> "
T1485.001,Yes,T1485,Lifecycle-Triggered Deletion,Impact,TA0040,IaaS,,,M1018 User Account Management | M1053 Data Backup,https://attack.mitre.org/techniques/T1485/001,Adversaries may modify the lifecycle policies of a cloud storage bucket to destroy all objects stored within.  
T1486,No,,Data Encrypted for Impact,Impact,TA0040,ESXi; IaaS; Linux; macOS; Windows,,,M1040 Behavior Prevention on Endpoint | M1053 Data Backup,https://attack.mitre.org/techniques/T1486,Adversaries may encrypt data on target systems or on large numbers of systems in a network to interrupt availability to system and network resources. They can attempt to render stored data inaccessible by encrypting files or data on local and remote drives and withholding access to a decryption key. This may be done in order to extract monetary compensation from a victim in exchange for decryption or a decryption key (ransomware) or to render data permanently inaccessible in cases where the key is not saved or transmitted.(Citation: US-CERT Ransomware 2016)(Citation: FireEye WannaCry 2017)(Cit
T1489,No,,Service Stop,Impact,TA0040,ESXi; IaaS; Linux; macOS; Windows,,,M1018 User Account Management | M1022 Restrict File and Directory Permissions | M1024 Restrict Registry Permissions | M1030 Network Segmentation | M1060 Out-of-Band Communications Channel,https://attack.mitre.org/techniques/T1489,Adversaries may stop or disable services on a system to render those services unavailable to legitimate users. Stopping critical services or processes can inhibit or stop response to an incident or aid in the adversary's overall objectives to cause damage to the environment.(Citation: Talos Olympic Destroyer 2018)(Citation: Novetta Blockbuster) 
T1490,No,,Inhibit System Recovery,Impact,TA0040,Containers; ESXi; IaaS; Linux; macOS; Network Devices; Windows,,,M1018 User Account Management | M1028 Operating System Configuration | M1038 Execution Prevention | M1053 Data Backup,https://attack.mitre.org/techniques/T1490,Adversaries may delete or remove built-in data and turn off services designed to aid in the recovery of a corrupted system to prevent recovery.(Citation: Talos Olympic Destroyer 2018)(Citation: FireEye WannaCry 2017) This may deny access to available backups and recovery options.
T1491,No,,Defacement,Impact,TA0040,Windows; IaaS; Linux; macOS; ESXi,,,M1053 Data Backup,https://attack.mitre.org/techniques/T1491,"Adversaries may modify visual content available internally or externally to an enterprise network, thus affecting the integrity of the original content. Reasons for [Defacement](https://attack.mitre.org/techniques/T1491) include delivering messaging, intimidation, or claiming (possibly false) credit for an intrusion. Disturbing or offensive images may be used as a part of [Defacement](https://attack.mitre.org/techniques/T1491) in order to cause user discomfort, or to pressure compliance with accompanying messages. "
T1491.001,Yes,T1491,Internal Defacement,Impact,TA0040,ESXi; Linux; macOS; Windows,,,M1053 Data Backup,https://attack.mitre.org/techniques/T1491/001,"An adversary may deface systems internal to an organization in an attempt to intimidate or mislead users, thus discrediting the integrity of the systems. This may take the form of modifications to internal websites or server login messages, or directly to user systems with the replacement of the desktop wallpaper.(Citation: Novetta Blockbuster)(Citation: Varonis) Disturbing or offensive images may be used as a part of [Internal Defacement](https://attack.mitre.org/techniques/T1491/001) in order to cause user discomfort, or to pressure compliance with accompanying messages. Since internally def"
T1491.002,Yes,T1491,External Defacement,Impact,TA0040,Windows; IaaS; Linux; macOS,,,M1053 Data Backup,https://attack.mitre.org/techniques/T1491/002,"An adversary may deface systems external to an organization in an attempt to deliver messaging, intimidate, or otherwise mislead an organization or users. [External Defacement](https://attack.mitre.org/techniques/T1491/002) may ultimately cause users to distrust the systems and to question/discredit the system’s integrity. Externally-facing websites are a common victim of defacement; often targeted by adversary and hacktivist groups in order to push a political message or spread propaganda.(Citation: FireEye Cyber Threats to Media Industries)(Citation: Kevin Mandia Statement to US Senate Commi"
T1495,No,,Firmware Corruption,Impact,TA0040,Linux; macOS; Network Devices; Windows,,,M1026 Privileged Account Management | M1046 Boot Integrity | M1051 Update Software,https://attack.mitre.org/techniques/T1495,"Adversaries may overwrite or corrupt the flash memory contents of system BIOS or other firmware in devices attached to a system in order to render them inoperable or unable to boot, thus denying the availability to use the devices and/or the system.(Citation: Symantec Chernobyl W95.CIH) Firmware is software that is loaded and executed from non-volatile memory on hardware devices in order to initialize and manage device functionality. These devices may include the motherboard, hard drive, or video cards."
T1496,No,,Resource Hijacking,Impact,TA0040,Windows; IaaS; Linux; macOS; Containers; SaaS,,,,https://attack.mitre.org/techniques/T1496,"Adversaries may leverage the resources of co-opted systems to complete resource-intensive tasks, which may impact system and/or hosted service availability. "
T1496.001,Yes,T1496,Compute Hijacking,Impact,TA0040,Windows; IaaS; Linux; macOS; Containers,,,,https://attack.mitre.org/techniques/T1496/001,"Adversaries may leverage the compute resources of co-opted systems to complete resource-intensive tasks, which may impact system and/or hosted service availability. "
T1496.002,Yes,T1496,Bandwidth Hijacking,Impact,TA0040,Linux; Windows; macOS; IaaS; Containers,,,,https://attack.mitre.org/techniques/T1496/002,"Adversaries may leverage the network bandwidth resources of co-opted systems to complete resource-intensive tasks, which may impact system and/or hosted service availability. "
T1496.003,Yes,T1496,SMS Pumping,Impact,TA0040,SaaS,,,M1013 Application Developer Guidance,https://attack.mitre.org/techniques/T1496/003,"Adversaries may leverage messaging services for SMS pumping, which may impact system and/or hosted service availability.(Citation: Twilio SMS Pumping) SMS pumping is a type of telecommunications fraud whereby a threat actor first obtains a set of phone numbers from a telecommunications provider, then leverages a victim’s messaging infrastructure to send large amounts of SMS messages to numbers in that set. By generating SMS traffic to their phone number set, a threat actor may earn payments from the telecommunications provider.(Citation: Twilio SMS Pumping Fraud)"
T1496.004,Yes,T1496,Cloud Service Hijacking,Impact,TA0040,SaaS,,,,https://attack.mitre.org/techniques/T1496/004,"Adversaries may leverage compromised software-as-a-service (SaaS) applications to complete resource-intensive tasks, which may impact hosted service availability. "
T1497,No,,Virtualization/Sandbox Evasion,Stealth; Discovery,TA0005; TA0007,Linux; macOS; Windows,,,,https://attack.mitre.org/techniques/T1497,"Adversaries may employ various means to detect and avoid virtualization and analysis environments. This may include changing behaviors based on the results of checks for the presence of artifacts indicative of a virtual machine environment (VME) or sandbox. If the adversary detects a VME, they may alter their malware to disengage from the victim or conceal the core functions of the implant. They may also search for VME artifacts before dropping secondary or additional payloads. Adversaries may use the information learned from [Virtualization/Sandbox Evasion](https://attack.mitre.org/techniques"
T1497.001,Yes,T1497,System Checks,Stealth; Discovery,TA0005; TA0007,Linux; macOS; Windows,,,,https://attack.mitre.org/techniques/T1497/001,"Adversaries may employ various system checks to detect and avoid virtualization and analysis environments. This may include changing behaviors based on the results of checks for the presence of artifacts indicative of a virtual machine environment (VME) or sandbox. If the adversary detects a VME, they may alter their malware to disengage from the victim or conceal the core functions of the implant. They may also search for VME artifacts before dropping secondary or additional payloads. Adversaries may use the information learned from [Virtualization/Sandbox Evasion](https://attack.mitre.org/te"
T1497.002,Yes,T1497,User Activity Based Checks,Stealth; Discovery,TA0005; TA0007,Linux; macOS; Windows,,,,https://attack.mitre.org/techniques/T1497/002,"Adversaries may employ various user activity checks to detect and avoid virtualization and analysis environments. This may include changing behaviors based on the results of checks for the presence of artifacts indicative of a virtual machine environment (VME) or sandbox. If the adversary detects a VME, they may alter their malware to disengage from the victim or conceal the core functions of the implant. They may also search for VME artifacts before dropping secondary or additional payloads. Adversaries may use the information learned from [Virtualization/Sandbox Evasion](https://attack.mitre"
T1497.003,Yes,T1497,Time Based Checks,Stealth; Discovery,TA0005; TA0007,Linux; macOS; Windows,,,,https://attack.mitre.org/techniques/T1497/003,"Adversaries may employ various time-based methods to detect virtualization and analysis environments, particularly those that attempt to manipulate time mechanisms to simulate longer elapses of time. This may include enumerating time-based properties, such as uptime or the system clock. "
T1498,No,,Network Denial of Service,Impact,TA0040,Windows; IaaS; Linux; macOS; Containers,,,M1037 Filter Network Traffic,https://attack.mitre.org/techniques/T1498,"Adversaries may perform Network Denial of Service (DoS) attacks to degrade or block the availability of targeted resources to users. Network DoS can be performed by exhausting the network bandwidth services rely on. Example resources include specific websites, email services, DNS, and web-based applications. Adversaries have been observed conducting network DoS attacks for political purposes(Citation: FireEye OpPoisonedHandover February 2016) and to support other malicious activities, including distraction(Citation: FSISAC FraudNetDoS September 2012), hacktivism, and extortion.(Citation: Syman"
T1498.001,Yes,T1498,Direct Network Flood,Impact,TA0040,Windows; IaaS; Linux; macOS,,,M1037 Filter Network Traffic,https://attack.mitre.org/techniques/T1498/001,Adversaries may attempt to cause a denial of service (DoS) by directly sending a high-volume of network traffic to a target. This DoS attack may also reduce the availability and functionality of the targeted system(s) and network. [Direct Network Flood](https://attack.mitre.org/techniques/T1498/001)s are when one or more systems are used to send a high-volume of network packets towards the targeted service's network. Almost any network protocol may be used for flooding. Stateless protocols such as UDP or ICMP are commonly used but stateful protocols such as TCP can be used as well.
T1498.002,Yes,T1498,Reflection Amplification,Impact,TA0040,Windows; IaaS; Linux; macOS,,,M1037 Filter Network Traffic,https://attack.mitre.org/techniques/T1498/002,"Adversaries may attempt to cause a denial of service (DoS) by reflecting a high-volume of network traffic to a target. This type of Network DoS takes advantage of a third-party server intermediary that hosts and will respond to a given spoofed source IP address. This third-party server is commonly termed a reflector. An adversary accomplishes a reflection attack by sending packets to reflectors with the spoofed address of the victim. Similar to Direct Network Floods, more than one system may be used to conduct the attack, or a botnet may be used. Likewise, one or more reflectors may be used to"
T1499,No,,Endpoint Denial of Service,Impact,TA0040,Windows; Linux; macOS; Containers; IaaS,,,M1037 Filter Network Traffic,https://attack.mitre.org/techniques/T1499,"Adversaries may perform Endpoint Denial of Service (DoS) attacks to degrade or block the availability of services to users. Endpoint DoS can be performed by exhausting the system resources those services are hosted on or exploiting the system to cause a persistent crash condition. Example services include websites, email services, DNS, and web-based applications. Adversaries have been observed conducting DoS attacks for political purposes(Citation: FireEye OpPoisonedHandover February 2016) and to support other malicious activities, including distraction(Citation: FSISAC FraudNetDoS September 2"
T1499.001,Yes,T1499,OS Exhaustion Flood,Impact,TA0040,Linux; macOS; Windows,,,M1037 Filter Network Traffic,https://attack.mitre.org/techniques/T1499/001,Adversaries may launch a denial of service (DoS) attack targeting an endpoint's operating system (OS). A system's OS is responsible for managing the finite resources as well as preventing the entire system from being overwhelmed by excessive demands on its capacity. These attacks do not need to exhaust the actual resources on a system; the attacks may simply exhaust the limits and available resources that an OS self-imposes.
T1499.002,Yes,T1499,Service Exhaustion Flood,Impact,TA0040,Windows; IaaS; Linux; macOS,,,M1037 Filter Network Traffic,https://attack.mitre.org/techniques/T1499/002,"Adversaries may target the different network services provided by systems to conduct a denial of service (DoS). Adversaries often target the availability of DNS and web services, however others have been targeted as well.(Citation: Arbor AnnualDoSreport Jan 2018) Web server software can be attacked through a variety of means, some of which apply generally while others are specific to the software being used to provide the service."
T1499.003,Yes,T1499,Application Exhaustion Flood,Impact,TA0040,Windows; IaaS; Linux; macOS,,,M1037 Filter Network Traffic,https://attack.mitre.org/techniques/T1499/003,"Adversaries may target resource intensive features of applications to cause a denial of service (DoS), denying availability to those applications. For example, specific features in web applications may be highly resource intensive. Repeated requests to those features may be able to exhaust system resources and deny access to the application or the server itself.(Citation: Arbor AnnualDoSreport Jan 2018)"
T1499.004,Yes,T1499,Application or System Exploitation,Impact,TA0040,Windows; IaaS; Linux; macOS,,,M1037 Filter Network Traffic,https://attack.mitre.org/techniques/T1499/004,"Adversaries may exploit software vulnerabilities that can cause an application or system to crash and deny availability to users. (Citation: Sucuri BIND9 August 2015) Some systems may automatically restart critical applications and services when crashes occur, but they can likely be re-exploited to cause a persistent denial of service (DoS) condition."
T1505,No,,Server Software Component,Persistence,TA0003,Windows; Linux; macOS; Network Devices; ESXi,,,M1018 User Account Management | M1024 Restrict Registry Permissions | M1026 Privileged Account Management | M1042 Disable or Remove Feature or Program | M1045 Code Signing | M1046 Boot Integrity | M1047 Audit,https://attack.mitre.org/techniques/T1505,Adversaries may abuse legitimate extensible development features of servers to establish persistent access to systems. Enterprise server applications may include features that allow developers to write and install software or scripts to extend the functionality of the main application. Adversaries may install malicious components to extend and abuse server applications.(Citation: volexity_0day_sophos_FW)
T1505.001,Yes,T1505,SQL Stored Procedures,Persistence,TA0003,Windows; Linux,,,M1026 Privileged Account Management | M1045 Code Signing | M1047 Audit,https://attack.mitre.org/techniques/T1505/001,Adversaries may abuse SQL stored procedures to establish persistent access to systems. SQL Stored Procedures are code that can be saved and reused so that database users do not waste time rewriting frequently used SQL queries. Stored procedures can be invoked via SQL statements to the database using the procedure name or via defined events (e.g. when a SQL server application is started/restarted).
T1505.002,Yes,T1505,Transport Agent,Persistence,TA0003,Linux; Windows,,,M1026 Privileged Account Management | M1045 Code Signing | M1047 Audit,https://attack.mitre.org/techniques/T1505/002,"Adversaries may abuse Microsoft transport agents to establish persistent access to systems. Microsoft Exchange transport agents can operate on email messages passing through the transport pipeline to perform various tasks such as filtering spam, filtering malicious attachments, journaling, or adding a corporate signature to the end of all outgoing emails.(Citation: Microsoft TransportAgent Jun 2016)(Citation: ESET LightNeuron May 2019) Transport agents can be written by application developers and then compiled to .NET assemblies that are subsequently registered with the Exchange server. Transp"
T1505.003,Yes,T1505,Web Shell,Persistence,TA0003,Linux; macOS; Network Devices; Windows,,,M1018 User Account Management | M1042 Disable or Remove Feature or Program,https://attack.mitre.org/techniques/T1505/003,Adversaries may backdoor web servers with web shells to establish persistent access to systems. A Web shell is a Web script that is placed on an openly accessible Web server to allow an adversary to access the Web server as a gateway into a network. A Web shell may provide a set of functions to execute or a command-line interface on the system that hosts the Web server.(Citation: volexity_0day_sophos_FW)
T1505.004,Yes,T1505,IIS Components,Persistence,TA0003,Windows,,,M1026 Privileged Account Management | M1038 Execution Prevention | M1045 Code Signing | M1047 Audit,https://attack.mitre.org/techniques/T1505/004,"Adversaries may install malicious components that run on Internet Information Services (IIS) web servers to establish persistence. IIS provides several mechanisms to extend the functionality of the web servers. For example, Internet Server Application Programming Interface (ISAPI) extensions and filters can be installed to examine and/or modify incoming and outgoing IIS web requests. Extensions and filters are deployed as DLL files that export three functions: <code>Get{Extension/Filter}Version</code>, <code>Http{Extension/Filter}Proc</code>, and (optionally) <code>Terminate{Extension/Filter}<"
T1505.005,Yes,T1505,Terminal Services DLL,Persistence,TA0003,Windows,,,M1024 Restrict Registry Permissions | M1047 Audit,https://attack.mitre.org/techniques/T1505/005,"Adversaries may abuse components of Terminal Services to enable persistent access to systems. Microsoft Terminal Services, renamed to Remote Desktop Services in some Windows Server OSs as of 2022, enable remote terminal connections to hosts. Terminal Services allows servers to transmit a full, interactive, graphical user interface to clients via RDP.(Citation: Microsoft Remote Desktop Services)"
T1505.006,Yes,T1505,vSphere Installation Bundles,Persistence,TA0003,ESXi,,,M1045 Code Signing | M1046 Boot Integrity | M1047 Audit,https://attack.mitre.org/techniques/T1505/006,"Adversaries may abuse vSphere Installation Bundles (VIBs) to establish persistent access to ESXi hypervisors. VIBs are collections of files used for software distribution and virtual system management in VMware environments. Since ESXi uses an in-memory filesystem where changes made to most files are stored in RAM rather than in persistent storage, these modifications are lost after a reboot. However, VIBs can be used to create startup tasks, apply custom firewall rules, or deploy binaries that persist across reboots. Typically, administrators use VIBs for updates and system maintenance."
T1518,No,,Software Discovery,Discovery,TA0007,ESXi; IaaS; Linux; macOS; Windows,,,,https://attack.mitre.org/techniques/T1518,"Adversaries may attempt to get a listing of software and software versions that are installed on a system or in a cloud environment. Adversaries may use the information from [Software Discovery](https://attack.mitre.org/techniques/T1518) during automated discovery to shape follow-on behaviors, including whether or not the adversary fully infects the target and/or attempts specific actions."
T1518.001,Yes,T1518,Security Software Discovery,Discovery,TA0007,IaaS; Linux; macOS; Windows,,,,https://attack.mitre.org/techniques/T1518/001,"Adversaries may attempt to get a listing of security software, configurations, defensive tools, and sensors that are installed on a system or in a cloud environment. This may include things such as cloud monitoring agents and anti-virus. Adversaries may use the information from [Security Software Discovery](https://attack.mitre.org/techniques/T1518/001) during automated discovery to shape follow-on behaviors, including whether or not the adversary fully infects the target and/or attempts specific actions."
T1518.002,Yes,T1518,Backup Software Discovery,Discovery,TA0007,Windows; macOS; Linux,,,,https://attack.mitre.org/techniques/T1518/002,"Adversaries may attempt to get a listing of backup software or configurations that are installed on a system. Adversaries may use this information to shape follow-on behaviors, such as [Data Destruction](https://attack.mitre.org/techniques/T1485), [Inhibit System Recovery](https://attack.mitre.org/techniques/T1490), or [Data Encrypted for Impact](https://attack.mitre.org/techniques/T1486).  "
T1525,No,,Implant Internal Image,Persistence,TA0003,IaaS; Containers,,,M1026 Privileged Account Management | M1045 Code Signing | M1047 Audit,https://attack.mitre.org/techniques/T1525,"Adversaries may implant cloud or container images with malicious code to establish persistence after gaining access to an environment. Amazon Web Services (AWS) Amazon Machine Images (AMIs), Google Cloud Platform (GCP) Images, and Azure Images as well as popular container runtimes such as Docker can be implanted or backdoored. Unlike [Upload Malware](https://attack.mitre.org/techniques/T1608/001), this technique focuses on adversaries implanting an image in a registry within a victim’s environment. Depending on how the infrastructure is provisioned, this could provide persistent access if the "
T1526,No,,Cloud Service Discovery,Discovery,TA0007,IaaS; Identity Provider; Office Suite; SaaS,,,,https://attack.mitre.org/techniques/T1526,"An adversary may attempt to enumerate the cloud services running on a system after gaining access. These methods can differ from platform-as-a-service (PaaS), to infrastructure-as-a-service (IaaS), or software-as-a-service (SaaS). Many services exist throughout the various cloud providers and can include Continuous Integration and Continuous Delivery (CI/CD), Lambda Functions, Entra ID, etc. They may also include security services, such as AWS GuardDuty and Microsoft Defender for Cloud, and logging services, such as AWS CloudTrail and Google Cloud Audit Logs."
T1528,No,,Steal Application Access Token,Credential Access,TA0006,Containers; IaaS; Identity Provider; Office Suite; SaaS,,,M1017 User Training | M1018 User Account Management | M1021 Restrict Web-Based Content | M1047 Audit,https://attack.mitre.org/techniques/T1528,Adversaries can steal application access tokens as a means of acquiring credentials to access remote systems and resources.
T1529,No,,System Shutdown/Reboot,Impact,TA0040,ESXi; Linux; macOS; Network Devices; Windows,,,,https://attack.mitre.org/techniques/T1529,"Adversaries may shutdown/reboot systems to interrupt access to, or aid in the destruction of, those systems. Operating systems may contain commands to initiate a shutdown/reboot of a machine or network device. In some cases, these commands may also be used to initiate a shutdown/reboot of a remote computer or network device via [Network Device CLI](https://attack.mitre.org/techniques/T1059/008) (e.g. <code>reload</code>).(Citation: Microsoft Shutdown Oct 2017)(Citation: alert_TA18_106A) They may also include shutdown/reboot of a virtual machine via hypervisor / cloud consoles or command line t"
T1530,No,,Data from Cloud Storage,Collection,TA0009,IaaS; Office Suite; SaaS,,,M1018 User Account Management | M1022 Restrict File and Directory Permissions | M1032 Multi-factor Authentication | M1037 Filter Network Traffic | M1041 Encrypt Sensitive Information | M1047 Audit,https://attack.mitre.org/techniques/T1530,Adversaries may access data from cloud storage.
T1531,No,,Account Access Removal,Impact,TA0040,Linux; macOS; Windows; SaaS; IaaS; Office Suite; ESXi,,,,https://attack.mitre.org/techniques/T1531,"Adversaries may interrupt availability of system and network resources by inhibiting access to accounts utilized by legitimate users. Accounts may be deleted, locked, or manipulated (ex: changed credentials, revoked permissions for SaaS platforms such as Sharepoint) to remove access to accounts.(Citation: Obsidian Security SaaS Ransomware June 2023) Adversaries may also subsequently log off and/or perform a [System Shutdown/Reboot](https://attack.mitre.org/techniques/T1529) to set malicious changes into place.(Citation: CarbonBlack LockerGoga 2019)(Citation: Unit42 LockerGoga 2019)"
T1534,No,,Internal Spearphishing,Lateral Movement,TA0008,Linux; macOS; Office Suite; SaaS; Windows,,,,https://attack.mitre.org/techniques/T1534,"After they already have access to accounts or systems within the environment, adversaries may use internal spearphishing to gain access to additional information or compromise other users within the same organization. Internal spearphishing is multi-staged campaign where a legitimate account is initially compromised either by controlling the user's device or by compromising the account credentials of the user. Adversaries may then attempt to take advantage of the trusted internal account to increase the likelihood of tricking more victims into falling for phish attempts, often incorporating [I"
T1535,No,,Unused/Unsupported Cloud Regions,Stealth,TA0005,IaaS,,,M1054 Software Configuration,https://attack.mitre.org/techniques/T1535,Adversaries may create cloud instances in unused geographic service regions in order to evade detection. Access is usually obtained through compromising accounts used to manage cloud infrastructure.
T1537,No,,Transfer Data to Cloud Account,Exfiltration,TA0010,IaaS; Office Suite; SaaS,,,M1018 User Account Management | M1037 Filter Network Traffic | M1054 Software Configuration | M1057 Data Loss Prevention,https://attack.mitre.org/techniques/T1537,"Adversaries may exfiltrate data by transferring the data, including through sharing/syncing and creating backups of cloud environments, to another cloud account they control on the same service."
T1538,No,,Cloud Service Dashboard,Discovery,TA0007,IaaS; SaaS; Office Suite; Identity Provider,,,M1018 User Account Management,https://attack.mitre.org/techniques/T1538,"An adversary may use a cloud service dashboard GUI with stolen credentials to gain useful information from an operational cloud environment, such as specific services, resources, and features. For example, the GCP Command Center can be used to view all assets, review findings of potential security risks, and run additional queries, such as finding public IP addresses and open ports.(Citation: Google Command Center Dashboard)"
T1539,No,,Steal Web Session Cookie,Credential Access,TA0006,Linux; macOS; Office Suite; SaaS; Windows,,,M1017 User Training | M1021 Restrict Web-Based Content | M1032 Multi-factor Authentication | M1047 Audit | M1051 Update Software | M1054 Software Configuration,https://attack.mitre.org/techniques/T1539,An adversary may steal web application or service session cookies and use them to gain access to web applications or Internet services as an authenticated user without needing credentials. Web applications and services often use session cookies as an authentication token after a user has authenticated to a website.
T1542,No,,Pre-OS Boot,Stealth; Persistence,TA0005; TA0003,Linux; macOS; Network Devices; Windows,,,M1026 Privileged Account Management | M1035 Limit Access to Resource Over Network | M1046 Boot Integrity | M1047 Audit | M1051 Update Software,https://attack.mitre.org/techniques/T1542,"Adversaries may abuse Pre-OS Boot mechanisms as a way to establish persistence on a system. During the booting process of a computer, firmware and various startup services are loaded before the operating system. These programs control flow of execution before the operating system takes control.(Citation: Wikipedia Booting)"
T1542.001,Yes,T1542,System Firmware,Stealth; Persistence,TA0005; TA0003,Network Devices; Windows,,,M1026 Privileged Account Management | M1046 Boot Integrity | M1051 Update Software,https://attack.mitre.org/techniques/T1542/001,Adversaries may modify system firmware to persist on systems.The BIOS (Basic Input/Output System) and The Unified Extensible Firmware Interface (UEFI) or Extensible Firmware Interface (EFI) are examples of system firmware that operate as the software interface between the operating system and hardware of a computer.(Citation: Wikipedia BIOS)(Citation: Wikipedia UEFI)(Citation: About UEFI)
T1542.002,Yes,T1542,Component Firmware,Stealth; Persistence,TA0005; TA0003,Windows; Linux; macOS,,,M1051 Update Software,https://attack.mitre.org/techniques/T1542/002,Adversaries may modify component firmware to persist on systems. Some adversaries may employ sophisticated means to compromise computer components and install malicious firmware that will execute adversary code outside of the operating system and main system firmware or BIOS. This technique may be similar to [System Firmware](https://attack.mitre.org/techniques/T1542/001) but conducted upon other system components/devices that may not have the same capability or level of integrity checking.
T1542.003,Yes,T1542,Bootkit,Stealth; Persistence,TA0005; TA0003,Linux; Windows,,,M1026 Privileged Account Management | M1046 Boot Integrity,https://attack.mitre.org/techniques/T1542/003,"Adversaries may use bootkits to persist on systems. A bootkit is a malware variant that modifies the boot sectors of a hard drive, allowing malicious code to execute before a computer's operating system has loaded. Bootkits reside at a layer below the operating system and may make it difficult to perform full remediation unless an organization suspects one was used and can act accordingly."
T1542.004,Yes,T1542,ROMMONkit,Stealth; Persistence,TA0005; TA0003,Network Devices,,,M1031 Network Intrusion Prevention | M1046 Boot Integrity | M1047 Audit,https://attack.mitre.org/techniques/T1542/004,Adversaries may abuse the ROM Monitor (ROMMON) by loading an unauthorized firmware with adversary code to provide persistent access and manipulate device behavior that is difficult to detect. (Citation: Cisco Synful Knock Evolution)(Citation: Cisco Blog Legacy Device Attacks)
T1542.005,Yes,T1542,TFTP Boot,Stealth; Persistence,TA0005; TA0003,Network Devices,,,M1026 Privileged Account Management | M1028 Operating System Configuration | M1031 Network Intrusion Prevention | M1035 Limit Access to Resource Over Network | M1046 Boot Integrity | M1047 Audit,https://attack.mitre.org/techniques/T1542/005,"Adversaries may abuse netbooting to load an unauthorized network device operating system from a Trivial File Transfer Protocol (TFTP) server. TFTP boot (netbooting) is commonly used by network administrators to load configuration-controlled network device images from a centralized management server. Netbooting is one option in the boot sequence and can be used to centralize, manage, and control device images."
T1543,No,,Create or Modify System Process,Persistence; Privilege Escalation,TA0003; TA0004,Containers; Linux; macOS; Windows,,,M1018 User Account Management | M1022 Restrict File and Directory Permissions | M1026 Privileged Account Management | M1028 Operating System Configuration | M1033 Limit Software Installation | M1040 Behavior Prevention on Endpoint | M1045 Code Signing | M1047 Audit | M1054 Software Configuration,https://attack.mitre.org/techniques/T1543,"Adversaries may create or modify system-level processes to repeatedly execute malicious payloads as part of persistence. When operating systems boot up, they can start processes that perform background system functions. On Windows and Linux, these system processes are referred to as services.(Citation: TechNet Services) On macOS, launchd processes known as [Launch Daemon](https://attack.mitre.org/techniques/T1543/004) and [Launch Agent](https://attack.mitre.org/techniques/T1543/001) are run to finish system initialization and load user specific parameters.(Citation: AppleDocs Launch Agent Daem"
T1543.001,Yes,T1543,Launch Agent,Persistence; Privilege Escalation,TA0003; TA0004,macOS,,,M1022 Restrict File and Directory Permissions,https://attack.mitre.org/techniques/T1543/001,"Adversaries may create or modify launch agents to repeatedly execute malicious payloads as part of persistence. When a user logs in, a per-user launchd process is started which loads the parameters for each launch-on-demand user agent from the property list (.plist) file found in <code>/System/Library/LaunchAgents</code>, <code>/Library/LaunchAgents</code>, and <code>~/Library/LaunchAgents</code>.(Citation: AppleDocs Launch Agent Daemons)(Citation: OSX Keydnap malware) (Citation: Antiquated Mac Malware) Property list files use the <code>Label</code>, <code>ProgramArguments </code>, and <code>R"
T1543.002,Yes,T1543,Systemd Service,Persistence; Privilege Escalation,TA0003; TA0004,Linux,,,M1018 User Account Management | M1022 Restrict File and Directory Permissions | M1026 Privileged Account Management | M1033 Limit Software Installation,https://attack.mitre.org/techniques/T1543/002,"Adversaries may create or modify systemd services to repeatedly execute malicious payloads as part of persistence. Systemd is a system and service manager commonly used for managing background daemon processes (also known as services) and other system resources.(Citation: Linux man-pages: systemd January 2014) Systemd is the default initialization (init) system on many Linux distributions replacing legacy init systems, including SysVinit and Upstart, while remaining backwards compatible.  "
T1543.003,Yes,T1543,Windows Service,Persistence; Privilege Escalation,TA0003; TA0004,Windows,,,M1018 User Account Management | M1028 Operating System Configuration | M1040 Behavior Prevention on Endpoint | M1045 Code Signing | M1047 Audit,https://attack.mitre.org/techniques/T1543/003,"Adversaries may create or modify Windows services to repeatedly execute malicious payloads as part of persistence. When Windows boots up, it starts programs or applications called services that perform background system functions.(Citation: TechNet Services) Windows service configuration information, including the file path to the service's executable or recovery programs/commands, is stored in the Windows Registry."
T1543.004,Yes,T1543,Launch Daemon,Persistence; Privilege Escalation,TA0003; TA0004,macOS,,,M1018 User Account Management | M1047 Audit,https://attack.mitre.org/techniques/T1543/004,"Adversaries may create or modify Launch Daemons to execute malicious payloads as part of persistence. Launch Daemons are plist files used to interact with Launchd, the service management framework used by macOS. Launch Daemons require elevated privileges to install, are executed for every user on a system prior to login, and run in the background without the need for user interaction. During the macOS initialization startup, the launchd process loads the parameters for launch-on-demand system-level daemons from plist files found in <code>/System/Library/LaunchDaemons/</code> and <code>/Library"
T1543.005,Yes,T1543,Container Service,Persistence; Privilege Escalation,TA0003; TA0004,Containers,,,M1018 User Account Management | M1054 Software Configuration,https://attack.mitre.org/techniques/T1543/005,"Adversaries may create or modify container or container cluster management tools that run as daemons, agents, or services on individual hosts. These include software for creating and managing individual containers, such as Docker and Podman, as well as container cluster node-level agents such as kubelet. By modifying these services, an adversary may be able to achieve persistence or escalate their privileges on a host."
T1546,No,,Event Triggered Execution,Privilege Escalation; Persistence,TA0004; TA0003,Linux; macOS; Windows; SaaS; IaaS; Office Suite,,,M1026 Privileged Account Management | M1051 Update Software,https://attack.mitre.org/techniques/T1546,Adversaries may establish persistence and/or elevate privileges using system mechanisms that trigger execution based on specific events. Various operating systems have means to monitor and subscribe to events such as logons or other user activity such as running specific applications/binaries. Cloud environments may also support various functions and services that monitor and can be invoked in response to specific cloud events.(Citation: Backdooring an AWS account)(Citation: Varonis Power Automate Data Exfiltration)(Citation: Microsoft DART Case Report 001)
T1546.001,Yes,T1546,Change Default File Association,Privilege Escalation; Persistence,TA0004; TA0003,Windows,,,,https://attack.mitre.org/techniques/T1546/001,"Adversaries may establish persistence by executing malicious content triggered by a file type association. When a file is opened, the default program used to open the file (also called the file association or handler) is checked. File association selections are stored in the Windows Registry and can be edited by users, administrators, or programs that have Registry access or by administrators using the built-in assoc utility.(Citation: Microsoft Change Default Programs)(Citation: Microsoft File Handlers)(Citation: Microsoft Assoc Oct 2017) Applications can modify the file association for a giv"
T1546.002,Yes,T1546,Screensaver,Privilege Escalation; Persistence,TA0004; TA0003,Windows,,,M1038 Execution Prevention | M1042 Disable or Remove Feature or Program,https://attack.mitre.org/techniques/T1546/002,"Adversaries may establish persistence by executing malicious content triggered by user inactivity. Screensavers are programs that execute after a configurable time of user inactivity and consist of Portable Executable (PE) files with a .scr file extension.(Citation: Wikipedia Screensaver) The Windows screensaver application scrnsave.scr is located in <code>C:\Windows\System32\</code>, and <code>C:\Windows\sysWOW64\</code>  on 64-bit Windows systems, along with screensavers included with base Windows installations."
T1546.003,Yes,T1546,Windows Management Instrumentation Event Subscription,Privilege Escalation; Persistence,TA0004; TA0003,Windows,,,M1018 User Account Management | M1026 Privileged Account Management | M1040 Behavior Prevention on Endpoint,https://attack.mitre.org/techniques/T1546/003,"Adversaries may establish persistence and elevate privileges by executing malicious content triggered by a Windows Management Instrumentation (WMI) event subscription. WMI can be used to install event filters, providers, consumers, and bindings that execute code when a defined event occurs. Examples of events that may be subscribed to are the wall clock time, user login, or the computer's uptime.(Citation: Mandiant M-Trends 2015)"
T1546.004,Yes,T1546,Unix Shell Configuration Modification,Privilege Escalation; Persistence,TA0004; TA0003,Linux; macOS,,,M1022 Restrict File and Directory Permissions,https://attack.mitre.org/techniques/T1546/004,"Adversaries may establish persistence through executing malicious commands triggered by a user’s shell. User [Unix Shell](https://attack.mitre.org/techniques/T1059/004)s execute several configuration scripts at different points throughout the session based on events. For example, when a user opens a command-line interface or remotely logs in (such as via SSH) a login shell is initiated. The login shell executes scripts from the system (<code>/etc</code>) and the user’s home directory (<code>~/</code>) to configure the environment. All login shells on a system use /etc/profile when initiated. T"
T1546.005,Yes,T1546,Trap,Privilege Escalation; Persistence,TA0004; TA0003,macOS; Linux,,,,https://attack.mitre.org/techniques/T1546/005,Adversaries may establish persistence by executing malicious content triggered by an interrupt signal. The <code>trap</code> command allows programs and shells to specify commands that will be executed upon receiving interrupt signals. A common situation is a script allowing for graceful termination and handling of common keyboard interrupts like <code>ctrl+c</code> and <code>ctrl+d</code>.
T1546.006,Yes,T1546,LC_LOAD_DYLIB Addition,Privilege Escalation; Persistence,TA0004; TA0003,macOS,,,M1038 Execution Prevention | M1045 Code Signing | M1047 Audit,https://attack.mitre.org/techniques/T1546/006,Adversaries may establish persistence by executing malicious content triggered by the execution of tainted binaries. Mach-O binaries have a series of headers that are used to perform certain operations when a binary is loaded. The LC_LOAD_DYLIB header in a Mach-O binary tells macOS and OS X which dynamic libraries (dylibs) to load during execution time. These can be added ad-hoc to the compiled binary as long as adjustments are made to the rest of the fields and dependencies.(Citation: Writing Bad Malware for OSX) There are tools available to perform these changes.
T1546.007,Yes,T1546,Netsh Helper DLL,Privilege Escalation; Persistence,TA0004; TA0003,Windows,,,,https://attack.mitre.org/techniques/T1546/007,Adversaries may establish persistence by executing malicious content triggered by Netsh Helper DLLs. Netsh.exe (also referred to as Netshell) is a command-line scripting utility used to interact with the network configuration of a system. It contains functionality to add helper DLLs for extending functionality of the utility.(Citation: TechNet Netsh) The paths to registered netsh.exe helper DLLs are entered into the Windows Registry at <code>HKLM\SOFTWARE\Microsoft\Netsh</code>.
T1546.008,Yes,T1546,Accessibility Features,Privilege Escalation; Persistence,TA0004; TA0003,Windows,,,M1028 Operating System Configuration | M1035 Limit Access to Resource Over Network | M1038 Execution Prevention,https://attack.mitre.org/techniques/T1546/008,Adversaries may establish persistence and/or elevate privileges by executing malicious content triggered by accessibility features. Windows contains accessibility features that may be launched with a key combination before a user has logged in (ex: when the user is on the Windows logon screen). An adversary can modify the way these programs are launched to get a command prompt or backdoor without logging in to the system.
T1546.009,Yes,T1546,AppCert DLLs,Privilege Escalation; Persistence,TA0004; TA0003,Windows,,,M1038 Execution Prevention,https://attack.mitre.org/techniques/T1546/009,"Adversaries may establish persistence and/or elevate privileges by executing malicious content triggered by AppCert DLLs loaded into processes. Dynamic-link libraries (DLLs) that are specified in the <code>AppCertDLLs</code> Registry key under <code>HKEY_LOCAL_MACHINE\System\CurrentControlSet\Control\Session Manager\</code> are loaded into every process that calls the ubiquitously used application programming interface (API) functions <code>CreateProcess</code>, <code>CreateProcessAsUser</code>, <code>CreateProcessWithLoginW</code>, <code>CreateProcessWithTokenW</code>, or <code>WinExec</code>"
T1546.010,Yes,T1546,AppInit DLLs,Privilege Escalation; Persistence,TA0004; TA0003,Windows,,,M1038 Execution Prevention | M1051 Update Software,https://attack.mitre.org/techniques/T1546/010,"Adversaries may establish persistence and/or elevate privileges by executing malicious content triggered by AppInit DLLs loaded into processes. Dynamic-link libraries (DLLs) that are specified in the <code>AppInit_DLLs</code> value in the Registry keys <code>HKEY_LOCAL_MACHINE\Software\Microsoft\Windows NT\CurrentVersion\Windows</code> or <code>HKEY_LOCAL_MACHINE\Software\Wow6432Node\Microsoft\Windows NT\CurrentVersion\Windows</code> are loaded by user32.dll into every process that loads user32.dll. In practice this is nearly every program, since user32.dll is a very common library. (Citation:"
T1546.011,Yes,T1546,Application Shimming,Privilege Escalation; Persistence,TA0004; TA0003,Windows,,,M1051 Update Software | M1052 User Account Control,https://attack.mitre.org/techniques/T1546/011,"Adversaries may establish persistence and/or elevate privileges by executing malicious content triggered by application shims. The Microsoft Windows Application Compatibility Infrastructure/Framework (Application Shim) was created to allow for backward compatibility of software as the operating system codebase changes over time. For example, the application shimming feature allows developers to apply fixes to applications (without rewriting code) that were created for Windows XP so that it will work with Windows 10. (Citation: Elastic Process Injection July 2017)"
T1546.012,Yes,T1546,Image File Execution Options Injection,Privilege Escalation; Persistence,TA0004; TA0003,Windows,,,,https://attack.mitre.org/techniques/T1546/012,"Adversaries may establish persistence and/or elevate privileges by executing malicious content triggered by Image File Execution Options (IFEO) debuggers. IFEOs enable a developer to attach a debugger to an application. When a process is created, a debugger present in an application’s IFEO will be prepended to the application’s name, effectively launching the new process under the debugger (e.g., <code>C:\dbg\ntsd.exe -g  notepad.exe</code>).(Citation: Microsoft Dev Blog IFEO Mar 2010)"
T1546.013,Yes,T1546,PowerShell Profile,Privilege Escalation; Persistence,TA0004; TA0003,Windows,,,M1022 Restrict File and Directory Permissions | M1045 Code Signing | M1054 Software Configuration,https://attack.mitre.org/techniques/T1546/013,Adversaries may gain persistence and elevate privileges by executing malicious content triggered by PowerShell profiles. A PowerShell profile  (<code>profile.ps1</code>) is a script that runs when [PowerShell](https://attack.mitre.org/techniques/T1059/001) starts and can be used as a logon script to customize user environments.
T1546.014,Yes,T1546,Emond,Privilege Escalation; Persistence,TA0004; TA0003,macOS,,,M1042 Disable or Remove Feature or Program,https://attack.mitre.org/techniques/T1546/014,"Adversaries may gain persistence and elevate privileges by executing malicious content triggered by the Event Monitor Daemon (emond). Emond is a [Launch Daemon](https://attack.mitre.org/techniques/T1543/004) that accepts events from various services, runs them through a simple rules engine, and takes action. The emond binary at <code>/sbin/emond</code> will load any rules from the <code>/etc/emond.d/rules/</code> directory and take action once an explicitly defined event takes place."
T1546.015,Yes,T1546,Component Object Model Hijacking,Privilege Escalation; Persistence,TA0004; TA0003,Windows,,,,https://attack.mitre.org/techniques/T1546/015,Adversaries may establish persistence by executing malicious content triggered by hijacked references to Component Object Model (COM) objects. COM is a system within Windows to enable interaction between software components through the operating system.(Citation: Microsoft Component Object Model)  References to various COM objects are stored in the Registry. 
T1546.016,Yes,T1546,Installer Packages,Privilege Escalation; Persistence,TA0004; TA0003,Linux; macOS; Windows,,,,https://attack.mitre.org/techniques/T1546/016,"Adversaries may establish persistence and elevate privileges by using an installer to trigger the execution of malicious content. Installer packages are OS specific and contain the resources an operating system needs to install applications on a system. Installer packages can include scripts that run prior to installation as well as after installation is complete. Installer scripts may inherit elevated permissions when executed. Developers often use these scripts to prepare the environment for installation, check requirements, download dependencies, and remove files after installation.(Citatio"
T1546.017,Yes,T1546,Udev Rules,Persistence; Privilege Escalation,TA0003; TA0004,Linux,,,,https://attack.mitre.org/techniques/T1546/017,"Adversaries may maintain persistence through executing malicious content triggered using udev rules. Udev is the Linux kernel device manager that dynamically manages device nodes, handles access to pseudo-device files in the `/dev` directory, and responds to hardware events, such as when external devices like hard drives or keyboards are plugged in or removed. Udev uses rule files with `match keys` to specify the conditions a hardware event must meet and `action keys` to define the actions that should follow. Root permissions are required to create, modify, or delete rule files located in `/et"
T1546.018,Yes,T1546,Python Startup Hooks,Persistence; Privilege Escalation,TA0003; TA0004,Linux; macOS; Windows,,,,https://attack.mitre.org/techniques/T1546/018,"Adversaries may achieve persistence by leveraging Python’s startup mechanisms, including path configuration (`.pth`) files and the `sitecustomize.py` or `usercustomize.py` modules. These files are automatically processed during the initialization of the Python interpreter, allowing for the execution of arbitrary code whenever Python is invoked.(Citation: Volexity GlobalProtect CVE 2024)"
T1547,No,,Boot or Logon Autostart Execution,Persistence; Privilege Escalation,TA0003; TA0004,Linux; macOS; Windows; Network Devices,,,,https://attack.mitre.org/techniques/T1547,Adversaries may configure system settings to automatically execute a program during system boot or logon to maintain persistence or gain higher-level privileges on compromised systems. Operating systems may have mechanisms for automatically running a program on system boot or account logon.(Citation: Microsoft Run Key)(Citation: MSDN Authentication Packages)(Citation: Microsoft TimeProvider)(Citation: Cylance Reg Persistence Sept 2013)(Citation: Linux Kernel Programming) These mechanisms may include automatically executing programs that are placed in specially designated directories or are ref
T1547.001,Yes,T1547,Registry Run Keys / Startup Folder,Persistence; Privilege Escalation,TA0003; TA0004,Windows,,,,https://attack.mitre.org/techniques/T1547/001,"Adversaries may achieve persistence by adding a program to a startup folder or referencing it with a Registry run key. Adding an entry to the ""run keys"" in the Registry or startup folder will cause the program referenced to be executed when a user logs in.(Citation: Microsoft Run Key) These programs will be executed under the context of the user and will have the account's associated permissions level."
T1547.002,Yes,T1547,Authentication Package,Persistence; Privilege Escalation,TA0003; TA0004,Windows,,,M1025 Privileged Process Integrity,https://attack.mitre.org/techniques/T1547/002,Adversaries may abuse authentication packages to execute DLLs when the system boots. Windows authentication package DLLs are loaded by the Local Security Authority (LSA) process at system start. They provide support for multiple logon processes and multiple security protocols to the operating system.(Citation: MSDN Authentication Packages)
T1547.003,Yes,T1547,Time Providers,Persistence; Privilege Escalation,TA0003; TA0004,Windows,,,M1022 Restrict File and Directory Permissions | M1024 Restrict Registry Permissions,https://attack.mitre.org/techniques/T1547/003,Adversaries may abuse time providers to execute DLLs when the system boots. The Windows Time service (W32Time) enables time synchronization across and within domains.(Citation: Microsoft W32Time Feb 2018) W32Time time providers are responsible for retrieving time stamps from hardware/network resources and outputting these values to other network clients.(Citation: Microsoft TimeProvider)
T1547.004,Yes,T1547,Winlogon Helper DLL,Persistence; Privilege Escalation,TA0003; TA0004,Windows,,,M1018 User Account Management | M1038 Execution Prevention,https://attack.mitre.org/techniques/T1547/004,Adversaries may abuse features of Winlogon to execute DLLs and/or executables when a user logs in. Winlogon.exe is a Windows component responsible for actions at logon/logoff as well as the secure attention sequence (SAS) triggered by Ctrl-Alt-Delete. Registry entries in <code>HKLM\Software[\\Wow6432Node\\]\Microsoft\Windows NT\CurrentVersion\Winlogon\</code> and <code>HKCU\Software\Microsoft\Windows NT\CurrentVersion\Winlogon\</code> are used to manage additional helper programs and functionalities that support Winlogon.(Citation: Cylance Reg Persistence Sept 2013) 
T1547.005,Yes,T1547,Security Support Provider,Persistence; Privilege Escalation,TA0003; TA0004,Windows,,,M1025 Privileged Process Integrity,https://attack.mitre.org/techniques/T1547/005,"Adversaries may abuse security support providers (SSPs) to execute DLLs when the system boots. Windows SSP DLLs are loaded into the Local Security Authority (LSA) process at system start. Once loaded into the LSA, SSP DLLs have access to encrypted and plaintext passwords that are stored in Windows, such as any logged-on user's Domain password or smart card PINs."
T1547.006,Yes,T1547,Kernel Modules and Extensions,Persistence; Privilege Escalation,TA0003; TA0004,macOS; Linux,,,M1018 User Account Management | M1026 Privileged Account Management | M1038 Execution Prevention | M1049 Antivirus/Antimalware,https://attack.mitre.org/techniques/T1547/006,"Adversaries may modify the kernel to automatically execute programs on system boot. Loadable Kernel Modules (LKMs) are pieces of code that can be loaded and unloaded into the kernel upon demand. They extend the functionality of the kernel without the need to reboot the system. For example, one type of module is the device driver, which allows the kernel to access hardware connected to the system.(Citation: Linux Kernel Programming) "
T1547.007,Yes,T1547,Re-opened Applications,Persistence; Privilege Escalation,TA0003; TA0004,macOS,,,M1017 User Training | M1042 Disable or Remove Feature or Program,https://attack.mitre.org/techniques/T1547/007,"Adversaries may modify plist files to automatically run an application when a user logs in. When a user logs out or restarts via the macOS Graphical User Interface (GUI), a prompt is provided to the user with a checkbox to ""Reopen windows when logging back in"".(Citation: Re-Open windows on Mac) When selected, all applications currently open are added to a property list file named <code>com.apple.loginwindow.[UUID].plist</code> within the <code>~/Library/Preferences/ByHost</code> directory.(Citation: Methods of Mac Malware Persistence)(Citation: Wardle Persistence Chapter) Applications listed i"
T1547.008,Yes,T1547,LSASS Driver,Persistence; Privilege Escalation,TA0003; TA0004,Windows,,,M1025 Privileged Process Integrity | M1043 Credential Access Protection | M1044 Restrict Library Loading,https://attack.mitre.org/techniques/T1547/008,"Adversaries may modify or add LSASS drivers to obtain persistence on compromised systems. The Windows security subsystem is a set of components that manage and enforce the security policy for a computer or domain. The Local Security Authority (LSA) is the main component responsible for local security policy and user authentication. The LSA includes multiple dynamic link libraries (DLLs) associated with various other security functions, all of which run in the context of the LSA Subsystem Service (LSASS) lsass.exe process.(Citation: Microsoft Security Subsystem)"
T1547.009,Yes,T1547,Shortcut Modification,Persistence; Privilege Escalation,TA0003; TA0004,Windows,,,M1018 User Account Management | M1022 Restrict File and Directory Permissions | M1038 Execution Prevention,https://attack.mitre.org/techniques/T1547/009,Adversaries may create or modify shortcuts that can execute a program during system boot or user login. Shortcuts or symbolic links are used to reference other files or programs that will be opened or executed when the shortcut is clicked or executed by a system startup process.
T1547.010,Yes,T1547,Port Monitors,Persistence; Privilege Escalation,TA0003; TA0004,Windows,,,,https://attack.mitre.org/techniques/T1547/010,"Adversaries may use port monitors to run an adversary supplied DLL during system boot for persistence or privilege escalation. A port monitor can be set through the <code>AddMonitor</code> API call to set a DLL to be loaded at startup.(Citation: AddMonitor) This DLL can be located in <code>C:\Windows\System32</code> and will be loaded and run by the print spooler service, `spoolsv.exe`, under SYSTEM level permissions on boot.(Citation: Bloxham) "
T1547.012,Yes,T1547,Print Processors,Persistence; Privilege Escalation,TA0003; TA0004,Windows,,,M1018 User Account Management,https://attack.mitre.org/techniques/T1547/012,"Adversaries may abuse print processors to run malicious DLLs during system boot for persistence and/or privilege escalation. Print processors are DLLs that are loaded by the print spooler service, `spoolsv.exe`, during boot.(Citation: Microsoft Intro Print Processors)"
T1547.013,Yes,T1547,XDG Autostart Entries,Persistence; Privilege Escalation,TA0003; TA0004,Linux,,,M1018 User Account Management | M1022 Restrict File and Directory Permissions | M1033 Limit Software Installation,https://attack.mitre.org/techniques/T1547/013,"Adversaries may add or modify XDG Autostart Entries to execute malicious programs or commands when a user’s desktop environment is loaded at login. XDG Autostart entries are available for any XDG-compliant Linux system. XDG Autostart entries use Desktop Entry files (`.desktop`) to configure the user’s desktop environment upon user login. These configuration files determine what applications launch upon user login, define associated applications to open specific file types, and define applications used to open removable media.(Citation: Free Desktop Application Autostart Feb 2006)(Citation: Fre"
T1547.014,Yes,T1547,Active Setup,Persistence; Privilege Escalation,TA0003; TA0004,Windows,,,,https://attack.mitre.org/techniques/T1547/014,Adversaries may achieve persistence by adding a Registry key to the Active Setup of the local machine. Active Setup is a Windows mechanism that is used to execute programs when a user logs in. The value stored in the Registry key will be executed after a user logs into the computer.(Citation: Klein Active Setup 2010) These programs will be executed under the context of the user and will have the account's associated permissions level.
T1547.015,Yes,T1547,Login Items,Persistence; Privilege Escalation,TA0003; TA0004,macOS,,,,https://attack.mitre.org/techniques/T1547/015,"Adversaries may add login items to execute upon user login to gain persistence or escalate privileges. Login items are applications, documents, folders, or server connections that are automatically launched when a user logs in.(Citation: Open Login Items Apple) Login items can be added via a shared file list or Service Management Framework.(Citation: Adding Login Items) Shared file list login items can be set using scripting languages such as [AppleScript](https://attack.mitre.org/techniques/T1059/002), whereas the Service Management Framework uses the API call <code>SMLoginItemSetEnabled</cod"
T1548,No,,Abuse Elevation Control Mechanism,Privilege Escalation,TA0004,Linux; macOS; Windows; IaaS; Office Suite; Identity Provider,,,M1018 User Account Management | M1022 Restrict File and Directory Permissions | M1026 Privileged Account Management | M1028 Operating System Configuration | M1038 Execution Prevention | M1047 Audit | M1051 Update Software | M1052 User Account Control,https://attack.mitre.org/techniques/T1548,Adversaries may circumvent mechanisms designed to control privilege elevation to gain higher-level permissions. Most modern systems contain native elevation control mechanisms that are intended to limit privileges that a user can perform on a machine. Authorization has to be granted to specific users in order to perform tasks that can be considered of higher risk.(Citation: TechNet How UAC Works)(Citation: sudo man page 2018) An adversary can perform several methods to take advantage of built-in control mechanisms in order to escalate privileges on a system.(Citation: OSX Keydnap malware)(Cita
T1548.001,Yes,T1548,Setuid and Setgid,Privilege Escalation,TA0004,Linux; macOS,,,M1028 Operating System Configuration,https://attack.mitre.org/techniques/T1548/001,"An adversary may abuse configurations where an application has the setuid or setgid bits set in order to get code running in a different (and possibly more privileged) user’s context. On Linux or macOS, when the setuid or setgid bits are set for an application binary, the application will run with the privileges of the owning user or group respectively.(Citation: setuid man page) Normally an application is run in the current user’s context, regardless of which user or group owns the application. However, there are instances where programs need to be executed in an elevated context to function "
T1548.002,Yes,T1548,Bypass User Account Control,Privilege Escalation,TA0004,Windows,,,M1026 Privileged Account Management | M1047 Audit | M1051 Update Software | M1052 User Account Control,https://attack.mitre.org/techniques/T1548/002,"Adversaries may bypass UAC mechanisms to elevate process privileges on system. Windows User Account Control (UAC) allows a program to elevate its privileges (tracked as integrity levels ranging from low to high) to perform a task under administrator-level permissions, possibly by prompting the user for confirmation. The impact to the user ranges from denying the operation under high enforcement to allowing the user to perform the action if they are in the local administrators group and click through the prompt or allowing them to enter an administrator password to complete the action.(Citation"
T1548.003,Yes,T1548,Sudo and Sudo Caching,Privilege Escalation,TA0004,Linux; macOS,,,M1022 Restrict File and Directory Permissions | M1026 Privileged Account Management | M1028 Operating System Configuration,https://attack.mitre.org/techniques/T1548/003,Adversaries may perform sudo caching and/or use the sudoers file to elevate privileges. Adversaries may do this to execute commands as other users or spawn processes with higher privileges.
T1548.004,Yes,T1548,Elevated Execution with Prompt,Privilege Escalation,TA0004,macOS,,,M1038 Execution Prevention,https://attack.mitre.org/techniques/T1548/004,"Adversaries may leverage the <code>AuthorizationExecuteWithPrivileges</code> API to escalate privileges by prompting the user for credentials.(Citation: AppleDocs AuthorizationExecuteWithPrivileges) The purpose of this API is to give application developers an easy way to perform operations with root privileges, such as for application installation or updating. This API does not validate that the program requesting root privileges comes from a reputable source or has been maliciously modified. "
T1548.005,Yes,T1548,Temporary Elevated Cloud Access,Privilege Escalation,TA0004,IaaS; Office Suite; Identity Provider,,,M1018 User Account Management,https://attack.mitre.org/techniques/T1548/005,"Adversaries may abuse permission configurations that allow them to gain temporarily elevated access to cloud resources. Many cloud environments allow administrators to grant user or service accounts permission to request just-in-time access to roles, impersonate other accounts, pass roles onto resources and services, or otherwise gain short-term access to a set of privileges that may be distinct from their own. "
T1548.006,Yes,T1548,TCC Manipulation,Privilege Escalation,TA0004,macOS,,,M1022 Restrict File and Directory Permissions | M1026 Privileged Account Management | M1047 Audit,https://attack.mitre.org/techniques/T1548/006,"Adversaries can manipulate or abuse the Transparency, Consent, & Control (TCC) service or database to grant malicious executables elevated permissions. TCC is a Privacy & Security macOS control mechanism used to determine if the running process has permission to access the data or services protected by TCC, such as screen sharing, camera, microphone, or Full Disk Access (FDA)."
T1550,No,,Use Alternate Authentication Material,Lateral Movement,TA0008,Containers; IaaS; Identity Provider; Linux; Office Suite; SaaS; Windows,,,M1013 Application Developer Guidance | M1015 Active Directory Configuration | M1018 User Account Management | M1026 Privileged Account Management | M1027 Password Policies | M1036 Account Use Policies | M1047 Audit,https://attack.mitre.org/techniques/T1550,"Adversaries may use alternate authentication material, such as password hashes, Kerberos tickets, and application access tokens, in order to move laterally within an environment and bypass normal system access controls. "
T1550.001,Yes,T1550,Application Access Token,Lateral Movement,TA0008,Containers; IaaS; Identity Provider; Office Suite; SaaS,,,M1013 Application Developer Guidance | M1021 Restrict Web-Based Content | M1036 Account Use Policies | M1041 Encrypt Sensitive Information | M1047 Audit,https://attack.mitre.org/techniques/T1550/001,"Adversaries may use stolen application access tokens to bypass the typical authentication process and access restricted accounts, information, or services on remote systems. These tokens are typically stolen from users or services and used in lieu of login credentials."
T1550.002,Yes,T1550,Pass the Hash,Lateral Movement,TA0008,Windows,,,M1018 User Account Management | M1026 Privileged Account Management | M1051 Update Software | M1052 User Account Control,https://attack.mitre.org/techniques/T1550/002,"Adversaries may “pass the hash” using stolen password hashes to move laterally within an environment, bypassing normal system access controls. Pass the hash (PtH) is a method of authenticating as a user without having access to the user's cleartext password. This method bypasses standard authentication steps that require a cleartext password, moving directly into the portion of the authentication that uses the password hash."
T1550.003,Yes,T1550,Pass the Ticket,Lateral Movement,TA0008,Windows,,,M1015 Active Directory Configuration | M1018 User Account Management | M1026 Privileged Account Management | M1027 Password Policies,https://attack.mitre.org/techniques/T1550/003,"Adversaries may “pass the ticket” using stolen Kerberos tickets to move laterally within an environment, bypassing normal system access controls. Pass the ticket (PtT) is a method of authenticating to a system using Kerberos tickets without having access to an account's password. Kerberos authentication can be used as the first step to lateral movement to a remote system."
T1550.004,Yes,T1550,Web Session Cookie,Lateral Movement,TA0008,IaaS; Office Suite; SaaS,,,M1054 Software Configuration,https://attack.mitre.org/techniques/T1550/004,Adversaries can use stolen session cookies to authenticate to web applications and services. This technique bypasses some multi-factor authentication protocols since the session is already authenticated.(Citation: Pass The Cookie)
T1552,No,,Unsecured Credentials,Credential Access,TA0006,Windows; SaaS; IaaS; Linux; macOS; Containers; Network Devices; Office Suite; Identity Provider,,,M1015 Active Directory Configuration | M1017 User Training | M1022 Restrict File and Directory Permissions | M1026 Privileged Account Management | M1027 Password Policies | M1028 Operating System Configuration | M1035 Limit Access to Resource Over Network | M1037 Filter Network Traffic | M1041 Encrypt Sensitive Information | M1047 Audit | M1051 Update Software,https://attack.mitre.org/techniques/T1552,"Adversaries may search compromised systems to find and obtain insecurely stored credentials. These credentials can be stored and/or misplaced in many locations on a system, including plaintext files (e.g. [Shell History](https://attack.mitre.org/techniques/T1552/003)), operating system or application-specific repositories (e.g. [Credentials in Registry](https://attack.mitre.org/techniques/T1552/002)),  or other specialized files/artifacts (e.g. [Private Keys](https://attack.mitre.org/techniques/T1552/004)).(Citation: Brining MimiKatz to Unix)"
T1552.001,Yes,T1552,Credentials In Files,Credential Access,TA0006,Containers; IaaS; Linux; macOS; Windows,,,M1017 User Training | M1022 Restrict File and Directory Permissions | M1027 Password Policies | M1047 Audit,https://attack.mitre.org/techniques/T1552/001,"Adversaries may search local file systems and remote file shares for files containing insecurely stored credentials. These can be files created by users to store their own credentials, shared credential stores for a group of individuals, configuration files containing passwords for a system or service, or source code/binary files containing embedded passwords."
T1552.002,Yes,T1552,Credentials in Registry,Credential Access,TA0006,Windows,,,M1026 Privileged Account Management | M1027 Password Policies | M1047 Audit,https://attack.mitre.org/techniques/T1552/002,Adversaries may search the Registry on compromised systems for insecurely stored credentials. The Windows Registry stores configuration information that can be used by the system or other programs. Adversaries may query the Registry looking for credentials and passwords that have been stored for use by other programs or services. Sometimes these credentials are used for automatic logons.
T1552.003,Yes,T1552,Shell History,Credential Access,TA0006,Linux; macOS; Windows,,,M1028 Operating System Configuration,https://attack.mitre.org/techniques/T1552/003,Adversaries may search the command history on compromised systems for insecurely stored credentials.
T1552.004,Yes,T1552,Private Keys,Credential Access,TA0006,Linux; macOS; Network Devices; Windows,,,M1022 Restrict File and Directory Permissions | M1027 Password Policies | M1041 Encrypt Sensitive Information | M1047 Audit,https://attack.mitre.org/techniques/T1552/004,"Adversaries may search for private key certificate files on compromised systems for insecurely stored credentials. Private cryptographic keys and certificates are used for authentication, encryption/decryption, and digital signatures.(Citation: Wikipedia Public Key Crypto) Common key and certificate file extensions include: .key, .pgp, .gpg, .ppk., .p12, .pem, .pfx, .cer, .p7b, .asc. "
T1552.005,Yes,T1552,Cloud Instance Metadata API,Credential Access,TA0006,IaaS,,,M1035 Limit Access to Resource Over Network | M1037 Filter Network Traffic | M1042 Disable or Remove Feature or Program,https://attack.mitre.org/techniques/T1552/005,Adversaries may attempt to access the Cloud Instance Metadata API to collect credentials and other sensitive data.
T1552.006,Yes,T1552,Group Policy Preferences,Credential Access,TA0006,Windows,,,M1015 Active Directory Configuration | M1047 Audit | M1051 Update Software,https://attack.mitre.org/techniques/T1552/006,Adversaries may attempt to find unsecured credentials in Group Policy Preferences (GPP). GPP are tools that allow administrators to create domain policies with embedded credentials. These policies allow administrators to set local accounts.(Citation: Microsoft GPP 2016)
T1552.007,Yes,T1552,Container API,Credential Access,TA0006,Containers,,,M1018 User Account Management | M1026 Privileged Account Management | M1030 Network Segmentation | M1035 Limit Access to Resource Over Network,https://attack.mitre.org/techniques/T1552/007,"Adversaries may gather credentials via APIs within a containers environment. APIs in these environments, such as the Docker API and Kubernetes APIs, allow a user to remotely manage their container resources and cluster components.(Citation: Docker API)(Citation: Kubernetes API)"
T1552.008,Yes,T1552,Chat Messages,Credential Access,TA0006,SaaS; Office Suite,,,M1017 User Training | M1047 Audit,https://attack.mitre.org/techniques/T1552/008,"Adversaries may directly collect unsecured credentials stored or passed through user communication services. Credentials may be sent and stored in user chat communication applications such as email, chat services like Slack or Teams, collaboration tools like Jira or Trello, and any other services that support user communication. Users may share various forms of credentials (such as usernames and passwords, API keys, or authentication tokens) on private or public corporate internal communications channels."
T1553,No,,Subvert Trust Controls,Defense Impairment,TA0112,Linux; macOS; Windows,,,M1024 Restrict Registry Permissions | M1026 Privileged Account Management | M1028 Operating System Configuration | M1038 Execution Prevention | M1054 Software Configuration,https://attack.mitre.org/techniques/T1553,"Adversaries may undermine security controls that will either warn users of untrusted activity or prevent execution of untrusted programs. Operating systems and security products may contain mechanisms to identify programs or websites as possessing some level of trust. Examples of such features would include a program being allowed to run because it is signed by a valid code signing certificate, a program prompting the user with a warning because it has an attribute set from being downloaded from the Internet, or getting an indication that you are about to connect to an untrusted site."
T1553.001,Yes,T1553,Gatekeeper Bypass,Defense Impairment,TA0112,macOS,,,M1038 Execution Prevention,https://attack.mitre.org/techniques/T1553/001,"Adversaries may modify file attributes and subvert Gatekeeper functionality to evade user prompts and execute untrusted programs. Gatekeeper is a set of technologies that act as layer of Apple’s security model to ensure only trusted applications are executed on a host. Gatekeeper was built on top of File Quarantine in Snow Leopard (10.6, 2009) and has grown to include Code Signing, security policy compliance, Notarization, and more. Gatekeeper also treats applications running for the first time differently than reopened applications.(Citation: TheEclecticLightCompany Quarantine and the flag)(C"
T1553.002,Yes,T1553,Code Signing,Defense Impairment,TA0112,macOS; Windows,,,,https://attack.mitre.org/techniques/T1553/002,"Adversaries may create, acquire, or steal code signing materials to sign their malware or tools. Code signing provides a level of authenticity on a binary from the developer and a guarantee that the binary has not been tampered with. (Citation: Wikipedia Code Signing) The certificates used during an operation may be created, acquired, or stolen by the adversary. (Citation: Securelist Digital Certificates) (Citation: Symantec Digital Certificates) Unlike [Invalid Code Signature](https://attack.mitre.org/techniques/T1036/001), this activity will result in a valid signature."
T1553.003,Yes,T1553,SIP and Trust Provider Hijacking,Defense Impairment,TA0112,Windows,,,M1022 Restrict File and Directory Permissions | M1024 Restrict Registry Permissions | M1038 Execution Prevention,https://attack.mitre.org/techniques/T1553/003,"Adversaries may tamper with SIP and trust provider components to mislead the operating system and application control tools when conducting signature validation checks. In user mode, Windows Authenticode (Citation: Microsoft Authenticode) digital signatures are used to verify a file's origin and integrity, variables that may be used to establish trust in signed code (ex: a driver with a valid Microsoft signature may be handled as safe). The signature validation process is handled via the WinVerifyTrust application programming interface (API) function,  (Citation: Microsoft WinVerifyTrust) whic"
T1553.004,Yes,T1553,Install Root Certificate,Defense Impairment,TA0112,Linux; macOS; Windows,,,M1028 Operating System Configuration | M1054 Software Configuration,https://attack.mitre.org/techniques/T1553/004,"Adversaries may install a root certificate on a compromised system to avoid warnings when connecting to adversary controlled web servers. Root certificates are used in public key cryptography to identify a root certificate authority (CA). When a root certificate is installed, the system or application will trust certificates in the root's chain of trust that have been signed by the root certificate.(Citation: Wikipedia Root Certificate) Certificates are commonly used for establishing secure TLS/SSL communications within a web browser. When a user attempts to browse a website that presents a ce"
T1553.005,Yes,T1553,Mark-of-the-Web Bypass,Defense Impairment,TA0112,Windows,,,M1038 Execution Prevention | M1042 Disable or Remove Feature or Program,https://attack.mitre.org/techniques/T1553/005,"Adversaries may abuse specific file formats to subvert Mark-of-the-Web (MOTW) controls. In Windows, when files are downloaded from the Internet, they are tagged with a hidden NTFS Alternate Data Stream (ADS) named <code>Zone.Identifier</code> with a specific value known as the MOTW.(Citation: Microsoft Zone.Identifier 2020) Files that are tagged with MOTW are protected and cannot perform certain actions. For example, starting in MS Office 10, if a MS Office file has the MOTW, it will open in Protected View. Executables tagged with the MOTW will be processed by Windows Defender SmartScreen that"
T1553.006,Yes,T1553,Code Signing Policy Modification,Defense Impairment,TA0112,macOS; Windows,,,M1024 Restrict Registry Permissions | M1026 Privileged Account Management | M1046 Boot Integrity,https://attack.mitre.org/techniques/T1553/006,"Adversaries may modify code signing policies to enable execution of unsigned or self-signed code. Code signing provides a level of authenticity on a program from a developer and a guarantee that the program has not been tampered with. Security controls can include enforcement mechanisms to ensure that only valid, signed code can be run on an operating system. "
T1554,No,,Compromise Host Software Binary,Persistence,TA0003,ESXi; Linux; macOS; Windows,,,M1045 Code Signing,https://attack.mitre.org/techniques/T1554,"Adversaries may modify host software binaries to establish persistent access to systems. Software binaries/executables provide a wide range of system commands or services, programs, and libraries. Common software binaries are SSH clients, FTP clients, email clients, web browsers, and many other user or server applications."
T1555,No,,Credentials from Password Stores,Credential Access,TA0006,IaaS; Linux; macOS; Windows,,,M1026 Privileged Account Management | M1027 Password Policies | M1051 Update Software,https://attack.mitre.org/techniques/T1555,"Adversaries may search for common password storage locations to obtain user credentials.(Citation: F-Secure The Dukes) Passwords are stored in several places on a system, depending on the operating system or application holding the credentials. There are also specific applications and services that store passwords to make them easier for users to manage and maintain, such as password managers and cloud secrets vaults. Once credentials are obtained, they can be used to perform lateral movement and access restricted information."
T1555.001,Yes,T1555,Keychain,Credential Access,TA0006,macOS,,,M1027 Password Policies,https://attack.mitre.org/techniques/T1555/001,"Adversaries may acquire credentials from Keychain. Keychain (or Keychain Services) is the macOS credential management system that stores account names, passwords, private keys, certificates, sensitive application data, payment data, and secure notes. There are three types of Keychains: Login Keychain, System Keychain, and Local Items (iCloud) Keychain. The default Keychain is the Login Keychain, which stores user passwords and information. The System Keychain stores items accessed by the operating system, such as items shared among users on a host. The Local Items (iCloud) Keychain is used for"
T1555.002,Yes,T1555,Securityd Memory,Credential Access,TA0006,Linux; macOS,,,,https://attack.mitre.org/techniques/T1555/002,"An adversary with root access may gather credentials by reading `securityd`’s memory. `securityd` is a service/daemon responsible for implementing security protocols such as encryption and authorization.(Citation: Apple Dev SecurityD) A privileged adversary may be able to scan through `securityd`'s memory to find the correct sequence of keys to decrypt the user’s logon keychain. This may provide the adversary with various plaintext passwords, such as those for users, WiFi, mail, browsers, certificates, secure notes, etc.(Citation: OS X Keychain)(Citation: OSX Keydnap malware)"
T1555.003,Yes,T1555,Credentials from Web Browsers,Credential Access,TA0006,Linux; macOS; Windows,,,M1017 User Training | M1018 User Account Management | M1021 Restrict Web-Based Content | M1027 Password Policies | M1051 Update Software,https://attack.mitre.org/techniques/T1555/003,"Adversaries may acquire credentials from web browsers by reading files specific to the target browser.(Citation: Talos Olympic Destroyer 2018) Web browsers commonly save credentials such as website usernames and passwords so that they do not need to be entered manually in the future. Web browsers typically store the credentials in an encrypted format within a credential store; however, methods exist to extract plaintext credentials from web browsers."
T1555.004,Yes,T1555,Windows Credential Manager,Credential Access,TA0006,Windows,,,M1042 Disable or Remove Feature or Program,https://attack.mitre.org/techniques/T1555/004,"Adversaries may acquire credentials from the Windows Credential Manager. The Credential Manager stores credentials for signing into websites, applications, and/or devices that request authentication through NTLM or Kerberos in Credential Lockers (previously known as Windows Vaults).(Citation: Microsoft Credential Manager store)(Citation: Microsoft Credential Locker)"
T1555.005,Yes,T1555,Password Managers,Credential Access,TA0006,Linux; macOS; Windows,,,M1017 User Training | M1018 User Account Management | M1027 Password Policies | M1051 Update Software | M1054 Software Configuration,https://attack.mitre.org/techniques/T1555/005,"Adversaries may acquire user credentials from third-party password managers.(Citation: ise Password Manager February 2019) Password managers are applications designed to store user credentials, normally in an encrypted database. Credentials are typically accessible after a user provides a master password that unlocks the database. After the database is unlocked, these credentials may be copied to memory. These databases can be stored as files on disk.(Citation: ise Password Manager February 2019)"
T1555.006,Yes,T1555,Cloud Secrets Management Stores,Credential Access,TA0006,IaaS,,,M1026 Privileged Account Management,https://attack.mitre.org/techniques/T1555/006,"Adversaries may acquire credentials from cloud-native secret management solutions such as AWS Secrets Manager, GCP Secret Manager, Azure Key Vault, and Terraform Vault.  "
T1556,No,,Modify Authentication Process,Defense Impairment; Persistence; Credential Access,TA0112; TA0003; TA0006,IaaS; Identity Provider; Linux; macOS; Network Devices; Office Suite; SaaS; Windows,,,M1018 User Account Management | M1022 Restrict File and Directory Permissions | M1024 Restrict Registry Permissions | M1025 Privileged Process Integrity | M1026 Privileged Account Management | M1027 Password Policies | M1028 Operating System Configuration | M1032 Multi-factor Authentication | M1047 Audit,https://attack.mitre.org/techniques/T1556,"Adversaries may modify authentication mechanisms and processes to access user credentials or enable otherwise unwarranted access to accounts. The authentication process is handled by mechanisms, such as the Local Security Authentication Server (LSASS) process and the Security Accounts Manager (SAM) on Windows, pluggable authentication modules (PAM) on Unix-based systems, and authorization plugins on MacOS systems, responsible for gathering, storing, and validating credentials. By modifying an authentication process, an adversary may be able to authenticate to a service or system without using "
T1556.001,Yes,T1556,Domain Controller Authentication,Defense Impairment; Persistence; Credential Access,TA0112; TA0003; TA0006,Windows,,,M1017 User Training | M1025 Privileged Process Integrity | M1026 Privileged Account Management | M1032 Multi-factor Authentication,https://attack.mitre.org/techniques/T1556/001,Adversaries may patch the authentication process on a domain controller to bypass the typical authentication mechanisms and enable access to accounts. 
T1556.002,Yes,T1556,Password Filter DLL,Defense Impairment; Persistence; Credential Access,TA0112; TA0003; TA0006,Windows,,,M1028 Operating System Configuration,https://attack.mitre.org/techniques/T1556/002,Adversaries may register malicious password filter dynamic link libraries (DLLs) into the authentication process to acquire user credentials as they are validated. 
T1556.003,Yes,T1556,Pluggable Authentication Modules,Defense Impairment; Persistence; Credential Access,TA0112; TA0003; TA0006,Linux; macOS,,,M1026 Privileged Account Management | M1032 Multi-factor Authentication,https://attack.mitre.org/techniques/T1556/003,"Adversaries may modify pluggable authentication modules (PAM) to access user credentials or enable otherwise unwarranted access to accounts. PAM is a modular system of configuration files, libraries, and executable files which guide authentication for many services. The most common authentication module is <code>pam_unix.so</code>, which retrieves, sets, and verifies account authentication information in <code>/etc/passwd</code> and <code>/etc/shadow</code>.(Citation: Apple PAM)(Citation: Man Pam_Unix)(Citation: Red Hat PAM)"
T1556.004,Yes,T1556,Network Device Authentication,Defense Impairment; Persistence; Credential Access,TA0112; TA0003; TA0006,Network Devices,,,M1026 Privileged Account Management | M1032 Multi-factor Authentication,https://attack.mitre.org/techniques/T1556/004,"Adversaries may use [Patch System Image](https://attack.mitre.org/techniques/T1601/001) to hard code a password in the operating system, thus bypassing of native authentication mechanisms for local accounts on network devices."
T1556.005,Yes,T1556,Reversible Encryption,Defense Impairment; Persistence; Credential Access,TA0112; TA0003; TA0006,Windows,,,M1026 Privileged Account Management | M1027 Password Policies,https://attack.mitre.org/techniques/T1556/005,An adversary may abuse Active Directory authentication encryption properties to gain access to credentials on Windows systems. The <code>AllowReversiblePasswordEncryption</code> property specifies whether reversible password encryption for an account is enabled or disabled. By default this property is disabled (instead storing user credentials as the output of one-way hashing functions) and should not be enabled unless legacy or other software require it.(Citation: store_pwd_rev_enc)
T1556.006,Yes,T1556,Multi-Factor Authentication,Defense Impairment; Persistence; Credential Access,TA0112; TA0003; TA0006,IaaS; Identity Provider; Linux; macOS; Office Suite; SaaS; Windows,,,M1018 User Account Management | M1032 Multi-factor Authentication | M1047 Audit,https://attack.mitre.org/techniques/T1556/006,Adversaries may disable or modify multi-factor authentication (MFA) mechanisms to enable persistent access to compromised accounts.
T1556.007,Yes,T1556,Hybrid Identity,Defense Impairment; Persistence; Credential Access,TA0112; TA0003; TA0006,IaaS; Identity Provider; Office Suite; SaaS; Windows,,,M1026 Privileged Account Management | M1032 Multi-factor Authentication | M1047 Audit,https://attack.mitre.org/techniques/T1556/007,"Adversaries may patch, modify, or otherwise backdoor cloud authentication processes that are tied to on-premises user identities in order to bypass typical authentication mechanisms, access credentials, and enable persistent access to accounts.  "
T1556.008,Yes,T1556,Network Provider DLL,Defense Impairment; Persistence; Credential Access,TA0112; TA0003; TA0006,Windows,,,M1024 Restrict Registry Permissions | M1028 Operating System Configuration | M1047 Audit,https://attack.mitre.org/techniques/T1556/008,"Adversaries may register malicious network provider dynamic link libraries (DLLs) to capture cleartext user credentials during the authentication process. Network provider DLLs allow Windows to interface with specific network protocols and can also support add-on credential management functions.(Citation: Network Provider API) During the logon process, Winlogon (the interactive logon module) sends credentials to the local `mpnotify.exe` process via RPC. The `mpnotify.exe` process then shares the credentials in cleartext with registered credential managers when notifying that a logon event is h"
T1556.009,Yes,T1556,Conditional Access Policies,Defense Impairment; Persistence; Credential Access,TA0112; TA0003; TA0006,IaaS; Identity Provider,,,M1018 User Account Management,https://attack.mitre.org/techniques/T1556/009,Adversaries may disable or modify conditional access policies to enable persistent access to compromised accounts. Conditional access policies are additional verifications used by identity providers and identity and access management systems to determine whether a user should be granted access to a resource.
T1557,No,,Adversary-in-the-Middle,Credential Access; Collection,TA0006; TA0009,Linux; macOS; Network Devices; Windows,,,M1017 User Training | M1030 Network Segmentation | M1031 Network Intrusion Prevention | M1035 Limit Access to Resource Over Network | M1037 Filter Network Traffic | M1041 Encrypt Sensitive Information | M1042 Disable or Remove Feature or Program,https://attack.mitre.org/techniques/T1557,"Adversaries may attempt to position themselves between two or more networked devices using an adversary-in-the-middle (AiTM) technique to support follow-on behaviors such as [Network Sniffing](https://attack.mitre.org/techniques/T1040), [Transmitted Data Manipulation](https://attack.mitre.org/techniques/T1565/002), or replay attacks ([Exploitation for Credential Access](https://attack.mitre.org/techniques/T1212)). By abusing features of common networking protocols that can determine the flow of network traffic (e.g. ARP, DNS, LLMNR, etc.), adversaries may force a device to communicate through "
T1557.001,Yes,T1557,Name Resolution Poisoning and SMB Relay,Credential Access; Collection,TA0006; TA0009,Windows,,,M1030 Network Segmentation | M1031 Network Intrusion Prevention | M1037 Filter Network Traffic | M1042 Disable or Remove Feature or Program,https://attack.mitre.org/techniques/T1557/001,"By responding to LLMNR/NBT-NS/mDNS network traffic, adversaries may spoof an authoritative source for name resolution to force communication with an adversary controlled system.(Citation: BlackCat ransomware) This activity may be used to collect or relay authentication materials. "
T1557.002,Yes,T1557,ARP Cache Poisoning,Credential Access; Collection,TA0006; TA0009,Linux; Windows; macOS,,,M1017 User Training | M1031 Network Intrusion Prevention | M1035 Limit Access to Resource Over Network | M1037 Filter Network Traffic | M1041 Encrypt Sensitive Information | M1042 Disable or Remove Feature or Program,https://attack.mitre.org/techniques/T1557/002,Adversaries may poison Address Resolution Protocol (ARP) caches to position themselves between the communication of two or more networked devices. This activity may be used to enable follow-on behaviors such as [Network Sniffing](https://attack.mitre.org/techniques/T1040) or [Transmitted Data Manipulation](https://attack.mitre.org/techniques/T1565/002).
T1557.003,Yes,T1557,DHCP Spoofing,Credential Access; Collection,TA0006; TA0009,Linux; Windows; macOS,,,M1031 Network Intrusion Prevention | M1037 Filter Network Traffic,https://attack.mitre.org/techniques/T1557/003,"Adversaries may redirect network traffic to adversary-owned systems by spoofing Dynamic Host Configuration Protocol (DHCP) traffic and acting as a malicious DHCP server on the victim network. By achieving the adversary-in-the-middle (AiTM) position, adversaries may collect network communications, including passed credentials, especially those sent over insecure, unencrypted protocols. This may also enable follow-on behaviors such as [Network Sniffing](https://attack.mitre.org/techniques/T1040) or [Transmitted Data Manipulation](https://attack.mitre.org/techniques/T1565/002)."
T1557.004,Yes,T1557,Evil Twin,Credential Access; Collection,TA0006; TA0009,Network Devices,,,M1017 User Training | M1031 Network Intrusion Prevention,https://attack.mitre.org/techniques/T1557/004,"Adversaries may host seemingly genuine Wi-Fi access points to deceive users into connecting to malicious networks as a way of supporting follow-on behaviors such as [Network Sniffing](https://attack.mitre.org/techniques/T1040), [Transmitted Data Manipulation](https://attack.mitre.org/techniques/T1565/002), or [Input Capture](https://attack.mitre.org/techniques/T1056).(Citation: Australia ‘Evil Twin’)"
T1558,No,,Steal or Forge Kerberos Tickets,Credential Access,TA0006,Linux; macOS; Windows,,,M1015 Active Directory Configuration | M1026 Privileged Account Management | M1027 Password Policies | M1041 Encrypt Sensitive Information | M1043 Credential Access Protection | M1047 Audit,https://attack.mitre.org/techniques/T1558,"Adversaries may attempt to subvert Kerberos authentication by stealing or forging Kerberos tickets to enable [Pass the Ticket](https://attack.mitre.org/techniques/T1550/003). Kerberos is an authentication protocol widely used in modern Windows domain environments. In Kerberos environments, referred to as “realms”, there are three basic participants: client, service, and Key Distribution Center (KDC).(Citation: ADSecurity Kerberos Ring Decoder) Clients request access to a service and through the exchange of Kerberos tickets, originating from KDC, they are granted access after having successfull"
T1558.001,Yes,T1558,Golden Ticket,Credential Access,TA0006,Windows,,,M1015 Active Directory Configuration | M1026 Privileged Account Management,https://attack.mitre.org/techniques/T1558/001,"Adversaries who have the KRBTGT account password hash may forge Kerberos ticket-granting tickets (TGT), also known as a golden ticket.(Citation: AdSecurity Kerberos GT Aug 2015) Golden tickets enable adversaries to generate authentication material for any account in Active Directory.(Citation: CERT-EU Golden Ticket Protection) "
T1558.002,Yes,T1558,Silver Ticket,Credential Access,TA0006,Windows,,,M1026 Privileged Account Management | M1027 Password Policies | M1041 Encrypt Sensitive Information,https://attack.mitre.org/techniques/T1558/002,"Adversaries who have the password hash of a target service account (e.g. SharePoint, MSSQL) may forge Kerberos ticket granting service (TGS) tickets, also known as silver tickets. Kerberos TGS tickets are also known as service tickets.(Citation: ADSecurity Silver Tickets)"
T1558.003,Yes,T1558,Kerberoasting,Credential Access,TA0006,Windows,,,M1026 Privileged Account Management | M1027 Password Policies | M1041 Encrypt Sensitive Information,https://attack.mitre.org/techniques/T1558/003,Adversaries may abuse a valid Kerberos ticket-granting ticket (TGT) or sniff network traffic to obtain a ticket-granting service (TGS) ticket that may be vulnerable to [Brute Force](https://attack.mitre.org/techniques/T1110).(Citation: Empire InvokeKerberoast Oct 2016)(Citation: AdSecurity Cracking Kerberos Dec 2015) 
T1558.004,Yes,T1558,AS-REP Roasting,Credential Access,TA0006,Windows,,,M1027 Password Policies | M1041 Encrypt Sensitive Information | M1047 Audit,https://attack.mitre.org/techniques/T1558/004,Adversaries may reveal credentials of accounts that have disabled Kerberos preauthentication by [Password Cracking](https://attack.mitre.org/techniques/T1110/002) Kerberos messages.(Citation: Harmj0y Roasting AS-REPs Jan 2017) 
T1558.005,Yes,T1558,Ccache Files,Credential Access,TA0006,Linux; macOS,,,M1043 Credential Access Protection | M1047 Audit,https://attack.mitre.org/techniques/T1558/005,
T1559,No,,Inter-Process Communication,Execution,TA0002,Linux; macOS; Windows,,,M1013 Application Developer Guidance | M1026 Privileged Account Management | M1040 Behavior Prevention on Endpoint | M1042 Disable or Remove Feature or Program | M1048 Application Isolation and Sandboxing | M1054 Software Configuration,https://attack.mitre.org/techniques/T1559,"Adversaries may abuse inter-process communication (IPC) mechanisms for local code or command execution. IPC is typically used by processes to share data, communicate with each other, or synchronize execution. IPC is also commonly used to avoid situations such as deadlocks, which occurs when processes are stuck in a cyclic waiting pattern. "
T1559.001,Yes,T1559,Component Object Model,Execution,TA0002,Windows,,,M1026 Privileged Account Management | M1048 Application Isolation and Sandboxing,https://attack.mitre.org/techniques/T1559/001,"Adversaries may use the Windows Component Object Model (COM) for local code execution. COM is an inter-process communication (IPC) component of the native Windows application programming interface (API) that enables interaction between software objects, or executable code that implements one or more interfaces.(Citation: Fireeye Hunting COM June 2019) Through COM, a client object can call methods of server objects, which are typically binary Dynamic Link Libraries (DLL) or executables (EXE).(Citation: Microsoft COM) Remote COM execution is facilitated by [Remote Services](https://attack.mitre."
T1559.002,Yes,T1559,Dynamic Data Exchange,Execution,TA0002,Windows,,,M1040 Behavior Prevention on Endpoint | M1042 Disable or Remove Feature or Program | M1048 Application Isolation and Sandboxing | M1054 Software Configuration,https://attack.mitre.org/techniques/T1559/002,"Adversaries may use Windows Dynamic Data Exchange (DDE) to execute arbitrary commands. DDE is a client-server protocol for one-time and/or continuous inter-process communication (IPC) between applications. Once a link is established, applications can autonomously exchange transactions consisting of strings, warm data links (notifications when a data item changes), hot data links (duplications of changes to a data item), and requests for command execution."
T1559.003,Yes,T1559,XPC Services,Execution,TA0002,macOS,,,M1013 Application Developer Guidance,https://attack.mitre.org/techniques/T1559/003,"Adversaries can provide malicious content to an XPC service daemon for local code execution. macOS uses XPC services for basic inter-process communication between various processes, such as between the XPC Service daemon and third-party application privileged helper tools. Applications can send messages to the XPC Service daemon, which runs as root, using the low-level XPC Service <code>C API</code> or the high level <code>NSXPCConnection API</code> in order to handle tasks that require elevated privileges (such as network connections). Applications are responsible for providing the protocol d"
T1560,No,,Archive Collected Data,Collection,TA0009,Linux; macOS; Windows,,,M1047 Audit,https://attack.mitre.org/techniques/T1560,An adversary may compress and/or encrypt data that is collected prior to exfiltration. Compressing the data can help to obfuscate the collected data and minimize the amount of data sent over the network.(Citation: DOJ GRU Indictment Jul 2018) Encryption can be used to hide information that is being exfiltrated from detection or make exfiltration less conspicuous upon inspection by a defender.
T1560.001,Yes,T1560,Archive via Utility,Collection,TA0009,Linux; macOS; Windows,,,M1047 Audit,https://attack.mitre.org/techniques/T1560/001,"Adversaries may use utilities to compress and/or encrypt collected data prior to exfiltration. Many utilities include functionalities to compress, encrypt, or otherwise package data into a format that is easier/more secure to transport."
T1560.002,Yes,T1560,Archive via Library,Collection,TA0009,Linux; macOS; Windows,,,,https://attack.mitre.org/techniques/T1560/002,"An adversary may compress or encrypt data that is collected prior to exfiltration using 3rd party libraries. Many libraries exist that can archive data, including [Python](https://attack.mitre.org/techniques/T1059/006) rarfile (Citation: PyPI RAR), libzip (Citation: libzip), and zlib (Citation: Zlib Github). Most libraries include functionality to encrypt and/or compress data."
T1560.003,Yes,T1560,Archive via Custom Method,Collection,TA0009,Linux; macOS; Windows,,,,https://attack.mitre.org/techniques/T1560/003,"An adversary may compress or encrypt data that is collected prior to exfiltration using a custom method. Adversaries may choose to use custom archival methods, such as encryption with XOR or stream ciphers implemented with no external library or utility references. Custom implementations of well-known compression algorithms have also been used.(Citation: ESET Sednit Part 2)"
T1561,No,,Disk Wipe,Impact,TA0040,Linux; macOS; Windows; Network Devices,,,M1053 Data Backup,https://attack.mitre.org/techniques/T1561,"Adversaries may wipe or corrupt raw disk data on specific systems or in large numbers in a network to interrupt availability to system and network resources. With direct write access to a disk, adversaries may attempt to overwrite portions of disk data. Adversaries may opt to wipe arbitrary portions of disk data and/or wipe disk structures like the master boot record (MBR). A complete wipe of all disk sectors may be attempted."
T1561.001,Yes,T1561,Disk Content Wipe,Impact,TA0040,Linux; macOS; Network Devices; Windows,,,M1053 Data Backup,https://attack.mitre.org/techniques/T1561/001,Adversaries may erase the contents of storage devices on specific systems or in large numbers in a network to interrupt availability to system and network resources.
T1561.002,Yes,T1561,Disk Structure Wipe,Impact,TA0040,Linux; macOS; Network Devices; Windows,,,M1053 Data Backup,https://attack.mitre.org/techniques/T1561/002,Adversaries may corrupt or wipe the disk data structures on a hard drive necessary to boot a system; targeting specific critical systems or in large numbers in a network to interrupt availability to system and network resources. 
T1563,No,,Remote Service Session Hijacking,Lateral Movement,TA0008,Linux; macOS; Windows,,,M1018 User Account Management | M1026 Privileged Account Management | M1027 Password Policies | M1030 Network Segmentation | M1042 Disable or Remove Feature or Program,https://attack.mitre.org/techniques/T1563,"Adversaries may take control of preexisting sessions with remote services to move laterally in an environment. Users may use valid credentials to log into a service specifically designed to accept remote connections, such as telnet, SSH, and RDP. When a user logs into a service, a session will be established that will allow them to maintain a continuous interaction with that service."
T1563.001,Yes,T1563,SSH Hijacking,Lateral Movement,TA0008,Linux; macOS,,,M1022 Restrict File and Directory Permissions | M1026 Privileged Account Management | M1027 Password Policies | M1042 Disable or Remove Feature or Program,https://attack.mitre.org/techniques/T1563/001,"Adversaries may hijack a legitimate user's SSH session to move laterally within an environment. Secure Shell (SSH) is a standard means of remote access on Linux and macOS systems. It allows a user to connect to another system via an encrypted tunnel, commonly authenticating through a password, certificate or the use of an asymmetric encryption key pair."
T1563.002,Yes,T1563,RDP Hijacking,Lateral Movement,TA0008,Windows,,,M1018 User Account Management | M1026 Privileged Account Management | M1028 Operating System Configuration | M1030 Network Segmentation | M1035 Limit Access to Resource Over Network | M1042 Disable or Remove Feature or Program | M1047 Audit,https://attack.mitre.org/techniques/T1563/002,Adversaries may hijack a legitimate user’s remote desktop session to move laterally within an environment. Remote desktop is a common feature in operating systems. It allows a user to log into an interactive session with a system desktop graphical user interface on a remote system. Microsoft refers to its implementation of the Remote Desktop Protocol (RDP) as Remote Desktop Services (RDS).(Citation: TechNet Remote Desktop Services)
T1564,No,,Hide Artifacts,Stealth,TA0005,ESXi; Linux; macOS; Office Suite; Windows,,,M1013 Application Developer Guidance | M1033 Limit Software Installation | M1047 Audit | M1049 Antivirus/Antimalware,https://attack.mitre.org/techniques/T1564,"Adversaries may attempt to hide artifacts associated with their behaviors to evade detection. Operating systems may have features to hide various artifacts, such as important system files and administrative task execution, to avoid disrupting user work environments and prevent users from changing files or features on the system. Adversaries may abuse these features to hide artifacts such as files, directories, user accounts, or other system activity to evade detection.(Citation: Sofacy Komplex Trojan)(Citation: Cybereason OSX Pirrit)(Citation: MalwareBytes ADS July 2015)"
T1564.001,Yes,T1564,Hidden Files and Directories,Stealth,TA0005,Linux; macOS; Windows,,,,https://attack.mitre.org/techniques/T1564/001,"Adversaries may set files and directories to be hidden to evade detection mechanisms. To prevent normal users from accidentally changing special files on a system, most operating systems have the concept of a ‘hidden’ file. These files don’t show up when a user browses the file system with a GUI or when using normal commands on the command line. Users must explicitly ask to show the hidden files either via a series of Graphical User Interface (GUI) prompts or with command line switches (<code>dir /a</code> for Windows and <code>ls –a</code> for Linux and macOS)."
T1564.002,Yes,T1564,Hidden Users,Stealth,TA0005,Linux; macOS; Windows,,,M1028 Operating System Configuration,https://attack.mitre.org/techniques/T1564/002,Adversaries may use hidden users to hide the presence of user accounts they create or modify. Administrators may want to hide users when there are many user accounts on a given system or if they want to hide their administrative or other management accounts from other users. 
T1564.003,Yes,T1564,Hidden Window,Stealth,TA0005,Linux; macOS; Windows,,,M1033 Limit Software Installation | M1038 Execution Prevention,https://attack.mitre.org/techniques/T1564/003,"Adversaries may use hidden windows to conceal malicious activity from the plain sight of users. In some cases, windows that would typically be displayed when an application carries out an operation can be hidden. This may be utilized by system administrators to avoid disrupting user work environments when carrying out administrative tasks. "
T1564.004,Yes,T1564,NTFS File Attributes,Stealth,TA0005,Windows,,,M1022 Restrict File and Directory Permissions,https://attack.mitre.org/techniques/T1564/004,"Adversaries may use NTFS file attributes to hide their malicious data in order to evade detection. Every New Technology File System (NTFS) formatted partition contains a Master File Table (MFT) that maintains a record for every file/directory on the partition. (Citation: SpectorOps Host-Based Jul 2017) Within MFT entries are file attributes, (Citation: Microsoft NTFS File Attributes Aug 2010) such as Extended Attributes (EA) and Data [known as Alternate Data Streams (ADSs) when more than one Data attribute is present], that can be used to store arbitrary data (and even complete files). (Citati"
T1564.005,Yes,T1564,Hidden File System,Stealth,TA0005,Linux; macOS; Windows,,,,https://attack.mitre.org/techniques/T1564/005,"Adversaries may use a hidden file system to conceal malicious activity from users and security tools. File systems provide a structure to store and access data from physical storage. Typically, a user engages with a file system through applications that allow them to access files and directories, which are an abstraction from their physical location (ex: disk sector). Standard file systems include FAT, NTFS, ext4, and APFS. File systems can also contain other structures, such as the Volume Boot Record (VBR) and Master File Table (MFT) in NTFS.(Citation: MalwareTech VFS Nov 2014)"
T1564.006,Yes,T1564,Run Virtual Instance,Stealth,TA0005,ESXi; Linux; macOS; Windows,,,M1038 Execution Prevention | M1042 Disable or Remove Feature or Program | M1047 Audit,https://attack.mitre.org/techniques/T1564/006,"Adversaries may carry out malicious operations using a virtual instance to avoid detection. A wide variety of virtualization technologies exist that allow for the emulation of a computer or computing environment. By running malicious code inside of a virtual instance, adversaries can hide artifacts associated with their behavior from security tools that are unable to monitor activity inside the virtual instance.(Citation: CyberCX Akira Ransomware) Additionally, depending on the virtual networking implementation (ex: bridged adapter), network traffic generated by the virtual instance can be dif"
T1564.007,Yes,T1564,VBA Stomping,Stealth,TA0005,Linux; macOS; Windows,,,M1042 Disable or Remove Feature or Program,https://attack.mitre.org/techniques/T1564/007,Adversaries may hide malicious Visual Basic for Applications (VBA) payloads embedded within MS Office documents by replacing the VBA source code with benign data.(Citation: FireEye VBA stomp Feb 2020)
T1564.008,Yes,T1564,Email Hiding Rules,Stealth,TA0005,Windows; Linux; macOS; Office Suite,,,M1047 Audit,https://attack.mitre.org/techniques/T1564/008,"Adversaries may use email rules to hide inbound emails in a compromised user's mailbox. Many email clients allow users to create inbox rules for various email functions, including moving emails to other folders, marking emails as read, or deleting emails. Rules may be created or modified within email clients or through external features such as the <code>New-InboxRule</code> or <code>Set-InboxRule</code> [PowerShell](https://attack.mitre.org/techniques/T1059/001) cmdlets on Windows systems.(Citation: Microsoft Inbox Rules)(Citation: MacOS Email Rules)(Citation: Microsoft New-InboxRule)(Citatio"
T1564.009,Yes,T1564,Resource Forking,Stealth,TA0005,macOS,,,M1013 Application Developer Guidance,https://attack.mitre.org/techniques/T1564/009,"Adversaries may abuse resource forks to hide malicious code or executables to evade detection and bypass security applications. A resource fork provides applications a structured way to store resources such as thumbnail images, menu definitions, icons, dialog boxes, and code.(Citation: macOS Hierarchical File System Overview) Usage of a resource fork is identifiable when displaying a file’s extended attributes, using <code>ls -l@</code> or <code>xattr -l</code> commands. Resource forks have been deprecated and replaced with the application bundle structure. Non-localized resources are placed a"
T1564.010,Yes,T1564,Process Argument Spoofing,Stealth,TA0005,Windows,,,,https://attack.mitre.org/techniques/T1564/010,"Adversaries may attempt to hide process command-line arguments by overwriting process memory. Process command-line arguments are stored in the process environment block (PEB), a data structure used by Windows to store various information about/used by a process. The PEB includes the process command-line arguments that are referenced when executing the process. When a process is created, defensive tools/sensors that monitor process creations may retrieve the process arguments from the PEB.(Citation: Microsoft PEB 2021)(Citation: Xpn Argue Like Cobalt 2019)"
T1564.011,Yes,T1564,Ignore Process Interrupts,Stealth,TA0005,Linux; macOS; Windows,,,,https://attack.mitre.org/techniques/T1564/011,"Adversaries may evade defensive mechanisms by executing commands that hide from process interrupt signals. Many operating systems use signals to deliver messages to control process behavior. Command interpreters often include specific commands/flags that ignore errors and other hangups, such as when the user of the active session logs off.(Citation: Linux Signal Man)  These interrupt signals may also be used by defensive tools and/or analysts to pause or terminate specified running processes. "
T1564.012,Yes,T1564,File/Path Exclusions,Stealth,TA0005,Linux; macOS; Windows,,,M1013 Application Developer Guidance | M1049 Antivirus/Antimalware,https://attack.mitre.org/techniques/T1564/012,"Adversaries may attempt to hide their file-based artifacts by writing them to specific folders or file names excluded from antivirus (AV) scanning and other defensive capabilities. AV and other file-based scanners often include exclusions to optimize performance as well as ease installation and legitimate use of applications. These exclusions may be contextual (e.g., scans are only initiated in response to specific triggering events/alerts), but are also often hardcoded strings referencing specific folders and/or files assumed to be trusted and legitimate.(Citation: Microsoft File Folder Exclu"
T1564.013,Yes,T1564,Bind Mounts,Stealth,TA0005,Linux,,,,https://attack.mitre.org/techniques/T1564/013,"Adversaries may abuse bind mounts on file structures to hide their activity and artifacts from native utilities. A bind mount maps a directory or file from one location on the filesystem to another, similar to a shortcut on Windows. It’s commonly used to provide access to specific files or directories across different environments, such as inside containers or chroot environments, and requires sudo access. "
T1564.014,Yes,T1564,Extended Attributes,Stealth,TA0005,Linux; macOS,,,M1040 Behavior Prevention on Endpoint,https://attack.mitre.org/techniques/T1564/014,"Adversaries may abuse extended attributes (xattrs) on macOS and Linux to hide their malicious data in order to evade detection. Extended attributes are key-value pairs of file and directory metadata used by both macOS and Linux. They are not visible through standard tools like `Finder`,  `ls`, or `cat` and require utilities such as `xattr` (macOS) or `getfattr` (Linux) for inspection. Operating systems and applications use xattrs for tagging, integrity checks, and access control. On Linux, xattrs are organized into namespaces such as `user.` (user permissions), `trusted.` (root permissions), `"
T1565,No,,Data Manipulation,Impact,TA0040,Linux; macOS; Windows,,,M1022 Restrict File and Directory Permissions | M1029 Remote Data Storage | M1030 Network Segmentation | M1041 Encrypt Sensitive Information,https://attack.mitre.org/techniques/T1565,"Adversaries may insert, delete, or manipulate data in order to influence external outcomes or hide activity, thus threatening the integrity of the data.(Citation: Sygnia Elephant Beetle Jan 2022) By manipulating data, adversaries may attempt to affect a business process, organizational understanding, or decision making."
T1565.001,Yes,T1565,Stored Data Manipulation,Impact,TA0040,Linux; macOS; Windows,,,M1022 Restrict File and Directory Permissions | M1029 Remote Data Storage | M1041 Encrypt Sensitive Information,https://attack.mitre.org/techniques/T1565/001,"Adversaries may insert, delete, or manipulate data at rest in order to influence external outcomes or hide activity, thus threatening the integrity of the data.(Citation: FireEye APT38 Oct 2018)(Citation: DOJ Lazarus Sony 2018) By manipulating stored data, adversaries may attempt to affect a business process, organizational understanding, and decision making."
T1565.002,Yes,T1565,Transmitted Data Manipulation,Impact,TA0040,Linux; macOS; Windows,,,M1041 Encrypt Sensitive Information,https://attack.mitre.org/techniques/T1565/002,"Adversaries may alter data en route to storage or other systems in order to manipulate external outcomes or hide activity, thus threatening the integrity of the data.(Citation: FireEye APT38 Oct 2018)(Citation: DOJ Lazarus Sony 2018) By manipulating transmitted data, adversaries may attempt to affect a business process, organizational understanding, and decision making."
T1565.003,Yes,T1565,Runtime Data Manipulation,Impact,TA0040,Linux; macOS; Windows,,,M1022 Restrict File and Directory Permissions | M1030 Network Segmentation,https://attack.mitre.org/techniques/T1565/003,"Adversaries may modify systems in order to manipulate the data as it is accessed and displayed to an end user, thus threatening the integrity of the data.(Citation: FireEye APT38 Oct 2018)(Citation: DOJ Lazarus Sony 2018) By manipulating runtime data, adversaries may attempt to affect a business process, organizational understanding, and decision making."
T1566,No,,Phishing,Initial Access,TA0001,Identity Provider; Linux; macOS; Office Suite; SaaS; Windows,,,M1017 User Training | M1021 Restrict Web-Based Content | M1031 Network Intrusion Prevention | M1047 Audit | M1049 Antivirus/Antimalware | M1054 Software Configuration,https://attack.mitre.org/techniques/T1566,"Adversaries may send phishing messages to gain access to victim systems. All forms of phishing are electronically delivered social engineering. Phishing can be targeted, known as spearphishing. In spearphishing, a specific individual, company, or industry will be targeted by the adversary. More generally, adversaries can conduct non-targeted phishing, such as in mass malware spam campaigns."
T1566.001,Yes,T1566,Spearphishing Attachment,Initial Access,TA0001,Linux; macOS; Windows,,,M1017 User Training | M1018 User Account Management | M1021 Restrict Web-Based Content | M1031 Network Intrusion Prevention | M1047 Audit | M1049 Antivirus/Antimalware | M1054 Software Configuration,https://attack.mitre.org/techniques/T1566/001,"Adversaries may send spearphishing emails with a malicious attachment in an attempt to gain access to victim systems. Spearphishing attachment is a specific variant of spearphishing. Spearphishing attachment is different from other forms of spearphishing in that it employs the use of malware attached to an email. All forms of spearphishing are electronically delivered social engineering targeted at a specific individual, company, or industry. In this scenario, adversaries attach a file to the spearphishing email and usually rely upon [User Execution](https://attack.mitre.org/techniques/T1204) "
T1566.002,Yes,T1566,Spearphishing Link,Initial Access,TA0001,Identity Provider; Linux; macOS; Office Suite; SaaS; Windows,,,M1017 User Training | M1018 User Account Management | M1021 Restrict Web-Based Content | M1047 Audit | M1054 Software Configuration,https://attack.mitre.org/techniques/T1566/002,"Adversaries may send spearphishing emails with a malicious link in an attempt to gain access to victim systems. Spearphishing with a link is a specific variant of spearphishing. It is different from other forms of spearphishing in that it employs the use of links to download malware contained in email, instead of attaching malicious files to the email itself, to avoid defenses that may inspect email attachments. Spearphishing may also involve social engineering techniques, such as posing as a trusted source."
T1566.003,Yes,T1566,Spearphishing via Service,Initial Access,TA0001,Linux; macOS; Windows,,,M1017 User Training | M1018 User Account Management | M1021 Restrict Web-Based Content | M1047 Audit | M1049 Antivirus/Antimalware,https://attack.mitre.org/techniques/T1566/003,Adversaries may send spearphishing messages via third-party services in an attempt to gain access to victim systems. Spearphishing via service is a specific variant of spearphishing. It is different from other forms of spearphishing in that it employs the use of third party services rather than directly via enterprise email channels. 
T1566.004,Yes,T1566,Spearphishing Voice,Initial Access,TA0001,Linux; macOS; Windows; Identity Provider,,,M1017 User Training,https://attack.mitre.org/techniques/T1566/004,"Adversaries may use voice communications to ultimately gain access to victim systems. Spearphishing voice is a specific variant of spearphishing. It is different from other forms of spearphishing in that it employs the use of manipulating a user into providing access to systems through a phone call or other forms of voice communications. Spearphishing frequently involves social engineering techniques, such as posing as a trusted source (ex: [Impersonation](https://attack.mitre.org/techniques/T1684/001)) and/or creating a sense of urgency or alarm for the recipient."
T1567,No,,Exfiltration Over Web Service,Exfiltration,TA0010,ESXi; Linux; macOS; Office Suite; SaaS; Windows,,,M1021 Restrict Web-Based Content | M1057 Data Loss Prevention,https://attack.mitre.org/techniques/T1567,"Adversaries may use an existing, legitimate external Web service to exfiltrate data rather than their primary command and control channel. Popular Web services acting as an exfiltration mechanism may give a significant amount of cover due to the likelihood that hosts within a network are already communicating with them prior to compromise. Firewall rules may also already exist to permit traffic to these services."
T1567.001,Yes,T1567,Exfiltration to Code Repository,Exfiltration,TA0010,ESXi; Linux; macOS; Windows,,,M1021 Restrict Web-Based Content,https://attack.mitre.org/techniques/T1567/001,"Adversaries may exfiltrate data to a code repository rather than over their primary command and control channel. Code repositories are often accessible via an API (ex: https://api.github.com). Access to these APIs are often over HTTPS, which gives the adversary an additional level of protection."
T1567.002,Yes,T1567,Exfiltration to Cloud Storage,Exfiltration,TA0010,ESXi; Linux; macOS; Windows,,,M1021 Restrict Web-Based Content,https://attack.mitre.org/techniques/T1567/002,"Adversaries may exfiltrate data to a cloud storage service rather than over their primary command and control channel. Cloud storage services allow for the storage, edit, and retrieval of data from a remote cloud storage server over the Internet."
T1567.003,Yes,T1567,Exfiltration to Text Storage Sites,Exfiltration,TA0010,Linux; macOS; Windows; ESXi,,,M1021 Restrict Web-Based Content,https://attack.mitre.org/techniques/T1567/003,"Adversaries may exfiltrate data to text storage sites instead of their primary command and control channel. Text storage sites, such as <code>pastebin[.]com</code>, are commonly used by developers to share code and other information.  "
T1567.004,Yes,T1567,Exfiltration Over Webhook,Exfiltration,TA0010,ESXi; Linux; macOS; Office Suite; SaaS; Windows,,,M1057 Data Loss Prevention,https://attack.mitre.org/techniques/T1567/004,"Adversaries may exfiltrate data to a webhook endpoint rather than over their primary command and control channel. Webhooks are simple mechanisms for allowing a server to push data over HTTP/S to a client without the need for the client to continuously poll the server.(Citation: RedHat Webhooks) Many public and commercial services, such as Discord, Slack, and `webhook.site`, support the creation of webhook endpoints that can be used by other services, such as Github, Jira, or Trello.(Citation: Discord Intro to Webhooks) When changes happen in the linked services (such as pushing a repository up"
T1568,No,,Dynamic Resolution,Command and Control,TA0011,ESXi; Linux; macOS; Windows,,,M1021 Restrict Web-Based Content | M1031 Network Intrusion Prevention,https://attack.mitre.org/techniques/T1568,"Adversaries may dynamically establish connections to command and control infrastructure to evade common detections and remediations. This may be achieved by using malware that shares a common algorithm with the infrastructure the adversary uses to receive the malware's communications. These calculations can be used to dynamically adjust parameters such as the domain name, IP address, or port number the malware uses for command and control."
T1568.001,Yes,T1568,Fast Flux DNS,Command and Control,TA0011,Linux; macOS; Windows; ESXi,,,,https://attack.mitre.org/techniques/T1568/001,"Adversaries may use Fast Flux DNS to hide a command and control channel behind an array of rapidly changing IP addresses linked to a single domain resolution. This technique uses a fully qualified domain name, with multiple IP addresses assigned to it which are swapped with high frequency, using a combination of round robin IP addressing and short Time-To-Live (TTL) for a DNS resource record.(Citation: MehtaFastFluxPt1)(Citation: MehtaFastFluxPt2)(Citation: Fast Flux - Welivesecurity)"
T1568.002,Yes,T1568,Domain Generation Algorithms,Command and Control,TA0011,ESXi; Linux; macOS; Windows,,,M1021 Restrict Web-Based Content | M1031 Network Intrusion Prevention,https://attack.mitre.org/techniques/T1568/002,"Adversaries may make use of Domain Generation Algorithms (DGAs) to dynamically identify a destination domain for command and control traffic rather than relying on a list of static IP addresses or domains. This has the advantage of making it much harder for defenders to block, track, or take over the command and control channel, as there potentially could be thousands of domains that malware can check for instructions.(Citation: Cybereason Dissecting DGAs)(Citation: Cisco Umbrella DGA)(Citation: Unit 42 DGA Feb 2019)"
T1568.003,Yes,T1568,DNS Calculation,Command and Control,TA0011,ESXi; Linux; macOS; Windows,,,,https://attack.mitre.org/techniques/T1568/003,"Adversaries may perform calculations on addresses returned in DNS results to determine which port and IP address to use for command and control, rather than relying on a predetermined port number or the actual returned IP address. A IP and/or port number calculation can be used to bypass egress filtering on a C2 channel.(Citation: Meyers Numbered Panda)"
T1569,No,,System Services,Execution,TA0002,Windows; macOS; Linux,,,M1018 User Account Management | M1022 Restrict File and Directory Permissions | M1026 Privileged Account Management | M1040 Behavior Prevention on Endpoint,https://attack.mitre.org/techniques/T1569,"Adversaries may abuse system services or daemons to execute commands or programs. Adversaries can execute malicious content by interacting with or creating services either locally or remotely. Many services are set to run at boot, which can aid in achieving persistence ([Create or Modify System Process](https://attack.mitre.org/techniques/T1543)), but adversaries can also abuse services for one-time or temporary execution."
T1569.001,Yes,T1569,Launchctl,Execution,TA0002,macOS,,,M1018 User Account Management,https://attack.mitre.org/techniques/T1569/001,"Adversaries may abuse launchctl to execute commands or programs. Launchctl interfaces with launchd, the service management framework for macOS. Launchctl supports taking subcommands on the command-line, interactively, or even redirected from standard input.(Citation: Launchctl Man)"
T1569.002,Yes,T1569,Service Execution,Execution,TA0002,Windows,,,M1022 Restrict File and Directory Permissions | M1026 Privileged Account Management | M1040 Behavior Prevention on Endpoint,https://attack.mitre.org/techniques/T1569/002,Adversaries may abuse the Windows service control manager to execute malicious commands or payloads. The Windows service control manager (<code>services.exe</code>) is an interface to manage and manipulate services.(Citation: Microsoft Service Control Manager) The service control manager is accessible to users via GUI components as well as system utilities such as <code>sc.exe</code> and [Net](https://attack.mitre.org/software/S0039).
T1569.003,Yes,T1569,Systemctl,Execution,TA0002,Linux,,,M1018 User Account Management,https://attack.mitre.org/techniques/T1569/003,"Adversaries may abuse systemctl to execute commands or programs. Systemctl is the primary interface for systemd, the Linux init system and service manager. Typically invoked from a shell, Systemctl can also be integrated into scripts or applications.   "
T1570,No,,Lateral Tool Transfer,Lateral Movement,TA0008,ESXi; Linux; macOS; Windows,,,M1031 Network Intrusion Prevention | M1037 Filter Network Traffic,https://attack.mitre.org/techniques/T1570,"Adversaries may transfer tools or other files between systems in a compromised environment. Once brought into the victim environment (i.e., [Ingress Tool Transfer](https://attack.mitre.org/techniques/T1105)) files may then be copied from one system to another to stage adversary tools or other files over the course of an operation."
T1571,No,,Non-Standard Port,Command and Control,TA0011,ESXi; Linux; macOS; Windows,,,M1030 Network Segmentation | M1031 Network Intrusion Prevention,https://attack.mitre.org/techniques/T1571,"Adversaries may communicate using a protocol and port pairing that are typically not associated. For example, HTTPS over port 8088(Citation: Symantec Elfin Mar 2019) or port 587(Citation: Fortinet Agent Tesla April 2018) as opposed to the traditional port 443. Adversaries may make changes to the standard port used by a protocol to bypass filtering or muddle analysis/parsing of network data."
T1572,No,,Protocol Tunneling,Command and Control,TA0011,ESXi; Linux; macOS; Windows,,,M1031 Network Intrusion Prevention | M1037 Filter Network Traffic,https://attack.mitre.org/techniques/T1572,"Adversaries may tunnel network communications to and from a victim system within a separate protocol to avoid detection/network filtering and/or enable access to otherwise unreachable systems. Tunneling involves explicitly encapsulating a protocol within another. This behavior may conceal malicious traffic by blending in with existing traffic and/or provide an outer layer of encryption (similar to a VPN). Tunneling could also enable routing of network packets that would otherwise not reach their intended destination, such as SMB, RDP, or other traffic that would be filtered by network applianc"
T1573,No,,Encrypted Channel,Command and Control,TA0011,ESXi; Linux; macOS; Network Devices; Windows,,,M1020 SSL/TLS Inspection | M1031 Network Intrusion Prevention,https://attack.mitre.org/techniques/T1573,"Adversaries may employ an encryption algorithm to conceal command and control traffic rather than relying on any inherent protections provided by a communication protocol. Despite the use of a secure algorithm, these implementations may be vulnerable to reverse engineering if secret keys are encoded and/or generated within malware samples/configuration files."
T1573.001,Yes,T1573,Symmetric Cryptography,Command and Control,TA0011,ESXi; Linux; macOS; Network Devices; Windows,,,M1031 Network Intrusion Prevention,https://attack.mitre.org/techniques/T1573/001,"Adversaries may employ a known symmetric encryption algorithm to conceal command and control traffic rather than relying on any inherent protections provided by a communication protocol. Symmetric encryption algorithms use the same key for plaintext encryption and ciphertext decryption. Common symmetric encryption algorithms include AES, DES, 3DES, Blowfish, and RC4."
T1573.002,Yes,T1573,Asymmetric Cryptography,Command and Control,TA0011,ESXi; Linux; macOS; Network Devices; Windows,,,M1020 SSL/TLS Inspection | M1031 Network Intrusion Prevention,https://attack.mitre.org/techniques/T1573/002,"Adversaries may employ a known asymmetric encryption algorithm to conceal command and control traffic rather than relying on any inherent protections provided by a communication protocol. Asymmetric cryptography, also known as public key cryptography, uses a keypair per party: one public that can be freely distributed, and one private. Due to how the keys are generated, the sender encrypts data with the receiver’s public key and the receiver decrypts the data with their private key. This ensures that only the intended recipient can read the encrypted data. Common public key encryption algorith"
T1574,No,,Hijack Execution Flow,Stealth; Execution,TA0005; TA0002,Linux; macOS; Windows,,,M1013 Application Developer Guidance | M1018 User Account Management | M1022 Restrict File and Directory Permissions | M1024 Restrict Registry Permissions | M1038 Execution Prevention | M1040 Behavior Prevention on Endpoint | M1044 Restrict Library Loading | M1047 Audit | M1051 Update Software | M1052 User Account Control,https://attack.mitre.org/techniques/T1574,"Adversaries may execute their own malicious payloads by hijacking the way operating systems run programs. Hijacking execution flow can be for the purposes of persistence, since this hijacked execution may reoccur over time. Adversaries may also use these mechanisms to elevate privileges or evade defenses, such as application control or other restrictions on execution."
T1574.001,Yes,T1574,DLL,Stealth; Execution,TA0005; TA0002,Windows,,,M1013 Application Developer Guidance | M1038 Execution Prevention | M1044 Restrict Library Loading | M1047 Audit | M1051 Update Software,https://attack.mitre.org/techniques/T1574/001,"Adversaries may abuse dynamic-link library files (DLLs) in order to achieve persistence, escalate privileges, and evade defenses. DLLs are libraries that contain code and data that can be simultaneously utilized by multiple programs. While DLLs are not malicious by nature, they can be abused through mechanisms such as side-loading, hijacking search order, and phantom DLL hijacking.(Citation: unit 42)"
T1574.004,Yes,T1574,Dylib Hijacking,Stealth; Execution,TA0005; TA0002,macOS,,,M1022 Restrict File and Directory Permissions,https://attack.mitre.org/techniques/T1574/004,"Adversaries may execute their own payloads by placing a malicious dynamic library (dylib) with an expected name in a path a victim application searches at runtime. The dynamic loader will try to find the dylibs based on the sequential order of the search paths. Paths to dylibs may be prefixed with <code>@rpath</code>, which allows developers to use relative paths to specify an array of search paths used at runtime based on the location of the executable.  Additionally, if weak linking is used, such as the <code>LC_LOAD_WEAK_DYLIB</code> function, an application will still execute even if an ex"
T1574.005,Yes,T1574,Executable Installer File Permissions Weakness,Stealth; Execution,TA0005; TA0002,Windows,,,M1018 User Account Management | M1047 Audit | M1052 User Account Control,https://attack.mitre.org/techniques/T1574/005,"Adversaries may execute their own malicious payloads by hijacking the binaries used by an installer. These processes may automatically execute specific binaries as part of their functionality or to perform other actions. If the permissions on the file system directory containing a target binary, or permissions on the binary itself, are improperly set, then the target binary may be overwritten with another binary using user-level permissions and executed by the original process. If the original process and thread are running under a higher permissions level, then the replaced binary will also e"
T1574.006,Yes,T1574,Dynamic Linker Hijacking,Stealth; Execution,TA0005; TA0002,Linux; macOS,,,M1028 Operating System Configuration | M1038 Execution Prevention,https://attack.mitre.org/techniques/T1574/006,"Adversaries may execute their own malicious payloads by hijacking environment variables the dynamic linker uses to load shared libraries. During the execution preparation phase of a program, the dynamic linker loads specified absolute paths of shared libraries from various environment variables and files, such as <code>LD_PRELOAD</code> on Linux or <code>DYLD_INSERT_LIBRARIES</code> on macOS.(Citation: TheEvilBit DYLD_INSERT_LIBRARIES)(Citation: Timac DYLD_INSERT_LIBRARIES)(Citation: Gabilondo DYLD_INSERT_LIBRARIES Catalina Bypass) Libraries specified in environment variables are loaded first,"
T1574.007,Yes,T1574,Path Interception by PATH Environment Variable,Stealth; Execution,TA0005; TA0002,Linux; macOS; Windows,,,M1022 Restrict File and Directory Permissions | M1038 Execution Prevention | M1047 Audit,https://attack.mitre.org/techniques/T1574/007,Adversaries may execute their own malicious payloads by hijacking environment variables used to load libraries. The PATH environment variable contains a list of directories (User and System) that the OS searches sequentially through in search of the binary that was called from a script or the command line. 
T1574.008,Yes,T1574,Path Interception by Search Order Hijacking,Stealth; Execution,TA0005; TA0002,Windows,,,M1022 Restrict File and Directory Permissions | M1038 Execution Prevention | M1047 Audit,https://attack.mitre.org/techniques/T1574/008,"Adversaries may execute their own malicious payloads by hijacking the search order used to load other programs. Because some programs do not call other programs using the full path, adversaries may place their own file in the directory where the calling program is located, causing the operating system to launch their malicious software at the request of the calling program."
T1574.009,Yes,T1574,Path Interception by Unquoted Path,Stealth; Execution,TA0005; TA0002,Windows,,,M1022 Restrict File and Directory Permissions | M1038 Execution Prevention | M1047 Audit,https://attack.mitre.org/techniques/T1574/009,"Adversaries may execute their own malicious payloads by hijacking vulnerable file path references. Adversaries can take advantage of paths that lack surrounding quotations by placing an executable in a higher level directory within the path, so that Windows will choose the adversary's executable to launch."
T1574.010,Yes,T1574,Services File Permissions Weakness,Stealth; Execution,TA0005; TA0002,Windows,,,M1018 User Account Management | M1047 Audit | M1052 User Account Control,https://attack.mitre.org/techniques/T1574/010,"Adversaries may execute their own malicious payloads by hijacking the binaries used by services. Adversaries may use flaws in the permissions of Windows services to replace the binary that is executed upon service start. These service processes may automatically execute specific binaries as part of their functionality or to perform other actions. If the permissions on the file system directory containing a target binary, or permissions on the binary itself are improperly set, then the target binary may be overwritten with another binary using user-level permissions and executed by the original"
T1574.011,Yes,T1574,Services Registry Permissions Weakness,Stealth; Execution,TA0005; TA0002,Windows,,,M1024 Restrict Registry Permissions,https://attack.mitre.org/techniques/T1574/011,"Adversaries may execute their own malicious payloads by hijacking the Registry entries used by services. Flaws in the permissions for Registry keys related to services can allow adversaries to redirect the originally specified executable to one they control, launching their own code when a service starts. Windows stores local service configuration information in the Registry under <code>HKLM\SYSTEM\CurrentControlSet\Services</code>. The information stored under a service's Registry keys can be manipulated to modify a service's execution parameters through tools such as the service controller, "
T1574.012,Yes,T1574,COR_PROFILER,Stealth; Execution,TA0005; TA0002,Windows,,,M1018 User Account Management | M1024 Restrict Registry Permissions | M1038 Execution Prevention,https://attack.mitre.org/techniques/T1574/012,"Adversaries may leverage the COR_PROFILER environment variable to hijack the execution flow of programs that load the .NET CLR. The COR_PROFILER is a .NET Framework feature which allows developers to specify an unmanaged (or external of .NET) profiling DLL to be loaded into each .NET process that loads the Common Language Runtime (CLR). These profilers are designed to monitor, troubleshoot, and debug managed code executed by the .NET CLR.(Citation: Microsoft Profiling Mar 2017)(Citation: Microsoft COR_PROFILER Feb 2013)"
T1574.013,Yes,T1574,KernelCallbackTable,Stealth; Execution,TA0005; TA0002,Windows,,,M1040 Behavior Prevention on Endpoint,https://attack.mitre.org/techniques/T1574/013,Adversaries may abuse the <code>KernelCallbackTable</code> of a process to hijack its execution flow in order to run their own payloads.(Citation: Lazarus APT January 2022)(Citation: FinFisher exposed ) The <code>KernelCallbackTable</code> can be found in the Process Environment Block (PEB) and is initialized to an array of graphic functions available to a GUI process once <code>user32.dll</code> is loaded.(Citation: Windows Process Injection KernelCallbackTable)
T1574.014,Yes,T1574,AppDomainManager,Stealth; Execution,TA0005; TA0002,Windows,,,M1022 Restrict File and Directory Permissions,https://attack.mitre.org/techniques/T1574/014,Adversaries may execute their own malicious payloads by hijacking how the .NET `AppDomainManager` loads assemblies. The .NET framework uses the `AppDomainManager` class to create and manage one or more isolated runtime environments (called application domains) inside a process to host the execution of .NET applications. Assemblies (`.exe` or `.dll` binaries compiled to run as .NET code) may be loaded into an application domain as executable code.(Citation: Microsoft App Domains) 
T1578,No,,Modify Cloud Compute Infrastructure,Defense Impairment,TA0112,IaaS,,,M1018 User Account Management | M1047 Audit,https://attack.mitre.org/techniques/T1578,"An adversary may attempt to modify a cloud account's compute service infrastructure to evade defenses. A modification to the compute service infrastructure can include the creation, deletion, or modification of one or more components such as compute instances, virtual machines, and snapshots."
T1578.001,Yes,T1578,Create Snapshot,Defense Impairment,TA0112,IaaS,,,M1018 User Account Management | M1047 Audit,https://attack.mitre.org/techniques/T1578/001,"An adversary may create a snapshot or data backup within a cloud account to evade defenses. A snapshot is a point-in-time copy of an existing cloud compute component such as a virtual machine (VM), virtual hard drive, or volume. An adversary may leverage permissions to create a snapshot in order to bypass restrictions that prevent access to existing compute service infrastructure, unlike in [Revert Cloud Instance](https://attack.mitre.org/techniques/T1578/004) where an adversary may revert to a snapshot to evade detection and remove evidence of their presence."
T1578.002,Yes,T1578,Create Cloud Instance,Defense Impairment,TA0112,IaaS,,,M1018 User Account Management | M1047 Audit,https://attack.mitre.org/techniques/T1578/002,"An adversary may create a new instance or virtual machine (VM) within the compute service of a cloud account to evade defenses. Creating a new instance may allow an adversary to bypass firewall rules and permissions that exist on instances currently residing within an account. An adversary may [Create Snapshot](https://attack.mitre.org/techniques/T1578/001) of one or more volumes in an account, create a new instance, mount the snapshots, and then apply a less restrictive security policy to collect [Data from Local System](https://attack.mitre.org/techniques/T1005) or for [Remote Data Staging]("
T1578.003,Yes,T1578,Delete Cloud Instance,Defense Impairment,TA0112,IaaS,,,M1018 User Account Management | M1047 Audit,https://attack.mitre.org/techniques/T1578/003,An adversary may delete a cloud instance after they have performed malicious activities in an attempt to evade detection and remove evidence of their presence.  Deleting an instance or virtual machine can remove valuable forensic artifacts and other evidence of suspicious behavior if the instance is not recoverable.
T1578.004,Yes,T1578,Revert Cloud Instance,Defense Impairment,TA0112,IaaS,,,,https://attack.mitre.org/techniques/T1578/004,"An adversary may revert changes made to a cloud instance after they have performed malicious activities in attempt to evade detection and remove evidence of their presence. In highly virtualized environments, such as cloud-based infrastructure, this may be accomplished by restoring virtual machine (VM) or data storage snapshots through the cloud management dashboard or cloud APIs."
T1578.005,Yes,T1578,Modify Cloud Compute Configurations,Defense Impairment,TA0112,IaaS,,,M1018 User Account Management | M1047 Audit,https://attack.mitre.org/techniques/T1578/005,"Adversaries may modify settings that directly affect the size, locations, and resources available to cloud compute infrastructure in order to evade defenses. These settings may include service quotas, subscription associations, tenant-wide policies, or other configurations that impact available compute. Such modifications may allow adversaries to abuse the victim’s compute resources to achieve their goals, potentially without affecting the execution of running instances and/or revealing their activities to the victim."
T1580,No,,Cloud Infrastructure Discovery,Discovery,TA0007,IaaS,,,M1018 User Account Management,https://attack.mitre.org/techniques/T1580,"An adversary may attempt to discover infrastructure and resources that are available within an infrastructure-as-a-service (IaaS) environment. This includes compute service resources such as instances, virtual machines, and snapshots as well as resources of other services including the storage and database services."
T1583,No,,Acquire Infrastructure,Resource Development,TA0042,PRE,,,M1056 Pre-compromise,https://attack.mitre.org/techniques/T1583,"Adversaries may buy, lease, rent, or obtain infrastructure that can be used during targeting. A wide variety of infrastructure exists for hosting and orchestrating adversary operations. Infrastructure solutions include physical or cloud servers, domains, and third-party web services.(Citation: TrendmicroHideoutsLease) Some infrastructure providers offer free trial periods, enabling infrastructure acquisition at limited to no cost.(Citation: Free Trial PurpleUrchin) Additionally, botnets are available for rent or purchase."
T1583.001,Yes,T1583,Domains,Resource Development,TA0042,PRE,,,M1056 Pre-compromise,https://attack.mitre.org/techniques/T1583/001,"Adversaries may acquire domains that can be used during targeting. Domain names are the human readable names used to represent one or more IP addresses. They can be purchased or, in some cases, acquired for free."
T1583.002,Yes,T1583,DNS Server,Resource Development,TA0042,PRE,,,M1056 Pre-compromise,https://attack.mitre.org/techniques/T1583/002,"Adversaries may set up their own Domain Name System (DNS) servers that can be used during targeting. During post-compromise activity, adversaries may utilize DNS traffic for various tasks, including for Command and Control (ex: [Application Layer Protocol](https://attack.mitre.org/techniques/T1071)). Instead of hijacking existing DNS servers, adversaries may opt to configure and run their own DNS servers in support of operations."
T1583.003,Yes,T1583,Virtual Private Server,Resource Development,TA0042,PRE,,,M1056 Pre-compromise,https://attack.mitre.org/techniques/T1583/003,"Adversaries may rent Virtual Private Servers (VPSs) that can be used during targeting. There exist a variety of cloud service providers that will sell virtual machines/containers as a service. By utilizing a VPS, adversaries can make it difficult to physically tie back operations to them. The use of cloud infrastructure can also make it easier for adversaries to rapidly provision, modify, and shut down their infrastructure."
T1583.004,Yes,T1583,Server,Resource Development,TA0042,PRE,,,M1056 Pre-compromise,https://attack.mitre.org/techniques/T1583/004,"Adversaries may buy, lease, rent, or obtain physical servers that can be used during targeting. Use of servers allows an adversary to stage, launch, and execute an operation. During post-compromise activity, adversaries may utilize servers for various tasks, such as watering hole operations in [Drive-by Compromise](https://attack.mitre.org/techniques/T1189), enabling [Phishing](https://attack.mitre.org/techniques/T1566) operations, or facilitating [Command and Control](https://attack.mitre.org/tactics/TA0011). Instead of compromising a third-party [Server](https://attack.mitre.org/techniques/T"
T1583.005,Yes,T1583,Botnet,Resource Development,TA0042,PRE,,,M1056 Pre-compromise,https://attack.mitre.org/techniques/T1583/005,"Adversaries may buy, lease, or rent a network of compromised systems that can be used during targeting. A botnet is a network of compromised systems that can be instructed to perform coordinated tasks.(Citation: Norton Botnet) Adversaries may purchase a subscription to use an existing botnet from a booter/stresser service. "
T1583.006,Yes,T1583,Web Services,Resource Development,TA0042,PRE,,,M1056 Pre-compromise,https://attack.mitre.org/techniques/T1583/006,"Adversaries may register for web services that can be used during targeting. A variety of popular websites exist for adversaries to register for a web-based service that can be abused during later stages of the adversary lifecycle, such as during Command and Control ([Web Service](https://attack.mitre.org/techniques/T1102)), [Exfiltration Over Web Service](https://attack.mitre.org/techniques/T1567), or [Phishing](https://attack.mitre.org/techniques/T1566). Using common services, such as those offered by Google, GitHub, or Twitter, makes it easier for adversaries to hide in expected noise.(Cita"
T1583.007,Yes,T1583,Serverless,Resource Development,TA0042,PRE,,,M1056 Pre-compromise,https://attack.mitre.org/techniques/T1583/007,"Adversaries may purchase and configure serverless cloud infrastructure, such as Cloudflare Workers, AWS Lambda functions, or Google Apps Scripts, that can be used during targeting. By utilizing serverless infrastructure, adversaries can make it more difficult to attribute infrastructure used during operations back to them."
T1583.008,Yes,T1583,Malvertising,Resource Development,TA0042,PRE,,,M1056 Pre-compromise,https://attack.mitre.org/techniques/T1583/008,"Adversaries may purchase online advertisements that can be abused to distribute malware to victims. Ads can be purchased to plant as well as favorably position artifacts in specific locations  online, such as prominently placed within search engine results. These ads may make it more difficult for users to distinguish between actual search results and advertisements.(Citation: spamhaus-malvertising) Purchased ads may also target specific audiences using the advertising network’s capabilities, potentially further taking advantage of the trust inherently given to search engines and popular websi"
T1584,No,,Compromise Infrastructure,Resource Development,TA0042,PRE,,,M1056 Pre-compromise,https://attack.mitre.org/techniques/T1584,"Adversaries may compromise third-party infrastructure that can be used during targeting. Infrastructure solutions include physical or cloud servers, domains, network devices, and third-party web and DNS services. Instead of buying, leasing, or renting infrastructure an adversary may compromise infrastructure and use it during other phases of the adversary lifecycle.(Citation: Mandiant APT1)(Citation: ICANNDomainNameHijacking)(Citation: Talos DNSpionage Nov 2018)(Citation: FireEye EPS Awakens Part 2) Additionally, adversaries may compromise numerous machines to form a botnet they can leverage."
T1584.001,Yes,T1584,Domains,Resource Development,TA0042,PRE,,,M1056 Pre-compromise,https://attack.mitre.org/techniques/T1584/001,"Adversaries may hijack domains and/or subdomains that can be used during targeting. Domain registration hijacking is the act of changing the registration of a domain name without the permission of the original registrant.(Citation: ICANNDomainNameHijacking) Adversaries may gain access to an email account for the person listed as the owner of the domain. The adversary can then claim that they forgot their password in order to make changes to the domain registration. Other possibilities include social engineering a domain registration help desk to gain access to an account, taking advantage of r"
T1584.002,Yes,T1584,DNS Server,Resource Development,TA0042,PRE,,,M1056 Pre-compromise,https://attack.mitre.org/techniques/T1584/002,"Adversaries may compromise third-party DNS servers that can be used during targeting. During post-compromise activity, adversaries may utilize DNS traffic for various tasks, including for Command and Control (ex: [Application Layer Protocol](https://attack.mitre.org/techniques/T1071)). Instead of setting up their own DNS servers, adversaries may compromise third-party DNS servers in support of operations."
T1584.003,Yes,T1584,Virtual Private Server,Resource Development,TA0042,PRE,,,M1056 Pre-compromise,https://attack.mitre.org/techniques/T1584/003,"Adversaries may compromise third-party Virtual Private Servers (VPSs) that can be used during targeting. There exist a variety of cloud service providers that will sell virtual machines/containers as a service. Adversaries may compromise VPSs purchased by third-party entities. By compromising a VPS to use as infrastructure, adversaries can make it difficult to physically tie back operations to themselves.(Citation: NSA NCSC Turla OilRig)"
T1584.004,Yes,T1584,Server,Resource Development,TA0042,PRE,,,M1056 Pre-compromise,https://attack.mitre.org/techniques/T1584/004,"Adversaries may compromise third-party servers that can be used during targeting. Use of servers allows an adversary to stage, launch, and execute an operation. During post-compromise activity, adversaries may utilize servers for various tasks, including for Command and Control.(Citation: TrendMicro EarthLusca 2022) Instead of purchasing a [Server](https://attack.mitre.org/techniques/T1583/004) or [Virtual Private Server](https://attack.mitre.org/techniques/T1583/003), adversaries may compromise third-party servers in support of operations."
T1584.005,Yes,T1584,Botnet,Resource Development,TA0042,PRE,,,M1056 Pre-compromise,https://attack.mitre.org/techniques/T1584/005,"Adversaries may compromise numerous third-party systems to form a botnet that can be used during targeting. A botnet is a network of compromised systems that can be instructed to perform coordinated tasks.(Citation: Norton Botnet) Instead of purchasing/renting a botnet from a booter/stresser service, adversaries may build their own botnet by compromising numerous third-party systems.(Citation: Imperva DDoS for Hire) Adversaries may also conduct a takeover of an existing botnet, such as redirecting bots to adversary-controlled C2 servers.(Citation: Dell Dridex Oct 2015) With a botnet at their d"
T1584.006,Yes,T1584,Web Services,Resource Development,TA0042,PRE,,,M1056 Pre-compromise,https://attack.mitre.org/techniques/T1584/006,"Adversaries may compromise access to third-party web services that can be used during targeting. A variety of popular websites exist for legitimate users to register for web-based services, such as GitHub, Twitter, Dropbox, Google, SendGrid, etc. Adversaries may try to take ownership of a legitimate user's access to a web service and use that web service as infrastructure in support of cyber operations. Such web services can be abused during later stages of the adversary lifecycle, such as during Command and Control ([Web Service](https://attack.mitre.org/techniques/T1102)), [Exfiltration Over"
T1584.007,Yes,T1584,Serverless,Resource Development,TA0042,PRE,,,M1056 Pre-compromise,https://attack.mitre.org/techniques/T1584/007,"Adversaries may compromise serverless cloud infrastructure, such as Cloudflare Workers, AWS Lambda functions, or Google Apps Scripts, that can be used during targeting. By utilizing serverless infrastructure, adversaries can make it more difficult to attribute infrastructure used during operations back to them. "
T1584.008,Yes,T1584,Network Devices,Resource Development,TA0042,PRE,,,M1056 Pre-compromise,https://attack.mitre.org/techniques/T1584/008,"Adversaries may compromise third-party network devices that can be used during targeting. Network devices, such as small office/home office (SOHO) routers, may be compromised where the adversary's ultimate goal is not [Initial Access](https://attack.mitre.org/tactics/TA0001) to that environment, but rather to leverage these devices to support additional targeting."
T1585,No,,Establish Accounts,Resource Development,TA0042,PRE,,,M1056 Pre-compromise,https://attack.mitre.org/techniques/T1585,"Adversaries may create and cultivate accounts with services that can be used during targeting. Adversaries can create accounts that can be used to build a persona to further operations. Persona development consists of the development of public information, presence, history and appropriate affiliations. This development could be applied to social media, website, or other publicly available information that could be referenced and scrutinized for legitimacy over the course of an operation using that persona or identity.(Citation: NEWSCASTER2014)(Citation: BlackHatRobinSage)"
T1585.001,Yes,T1585,Social Media Accounts,Resource Development,TA0042,PRE,,,M1056 Pre-compromise,https://attack.mitre.org/techniques/T1585/001,"Adversaries may create and cultivate social media accounts that can be used during targeting. Adversaries can create social media accounts that can be used to build a persona to further operations. Persona development consists of the development of public information, presence, history and appropriate affiliations.(Citation: NEWSCASTER2014)(Citation: BlackHatRobinSage)"
T1585.002,Yes,T1585,Email Accounts,Resource Development,TA0042,PRE,,,M1056 Pre-compromise,https://attack.mitre.org/techniques/T1585/002,"Adversaries may create email accounts that can be used during targeting. Adversaries can use accounts created with email providers to further their operations, such as leveraging them to conduct [Phishing for Information](https://attack.mitre.org/techniques/T1598) or [Phishing](https://attack.mitre.org/techniques/T1566).(Citation: Mandiant APT1) Establishing email accounts may also allow adversaries to abuse free services – such as trial periods – to [Acquire Infrastructure](https://attack.mitre.org/techniques/T1583) for follow-on purposes.(Citation: Free Trial PurpleUrchin)"
T1585.003,Yes,T1585,Cloud Accounts,Resource Development,TA0042,PRE,,,M1056 Pre-compromise,https://attack.mitre.org/techniques/T1585/003,"Adversaries may create accounts with cloud providers that can be used during targeting. Adversaries can use cloud accounts to further their operations, including leveraging cloud storage services such as Dropbox, MEGA, Microsoft OneDrive, or AWS S3 buckets for [Exfiltration to Cloud Storage](https://attack.mitre.org/techniques/T1567/002) or to [Upload Tool](https://attack.mitre.org/techniques/T1608/002)s. Cloud accounts can also be used in the acquisition of infrastructure, such as [Virtual Private Server](https://attack.mitre.org/techniques/T1583/003)s or [Serverless](https://attack.mitre.org"
T1586,No,,Compromise Accounts,Resource Development,TA0042,PRE,,,M1056 Pre-compromise,https://attack.mitre.org/techniques/T1586,"Adversaries may compromise accounts with services that can be used during targeting. For operations incorporating social engineering, the utilization of an online persona may be important. Rather than creating and cultivating accounts (i.e. [Establish Accounts](https://attack.mitre.org/techniques/T1585)), adversaries may compromise existing accounts. Utilizing an existing persona may engender a level of trust in a potential victim if they have a relationship, or knowledge of, the compromised persona. "
T1586.001,Yes,T1586,Social Media Accounts,Resource Development,TA0042,PRE,,,M1056 Pre-compromise,https://attack.mitre.org/techniques/T1586/001,"Adversaries may compromise social media accounts that can be used during targeting. For operations incorporating social engineering, the utilization of an online persona may be important. Rather than creating and cultivating social media profiles (i.e. [Social Media Accounts](https://attack.mitre.org/techniques/T1585/001)), adversaries may compromise existing social media accounts. Utilizing an existing persona may engender a level of trust in a potential victim if they have a relationship, or knowledge of, the compromised persona. "
T1586.002,Yes,T1586,Email Accounts,Resource Development,TA0042,PRE,,,M1056 Pre-compromise,https://attack.mitre.org/techniques/T1586/002,"Adversaries may compromise email accounts that can be used during targeting. Adversaries can use compromised email accounts to further their operations, such as leveraging them to conduct [Phishing for Information](https://attack.mitre.org/techniques/T1598), [Phishing](https://attack.mitre.org/techniques/T1566), or large-scale spam email campaigns. Utilizing an existing persona with a compromised email account may engender a level of trust in a potential victim if they have a relationship with, or knowledge of, the compromised persona. Compromised email accounts can also be used in the acquisi"
T1586.003,Yes,T1586,Cloud Accounts,Resource Development,TA0042,PRE,,,M1056 Pre-compromise,https://attack.mitre.org/techniques/T1586/003,"Adversaries may compromise cloud accounts that can be used during targeting. Adversaries can use compromised cloud accounts to further their operations, including leveraging cloud storage services such as Dropbox, Microsoft OneDrive, or AWS S3 buckets for [Exfiltration to Cloud Storage](https://attack.mitre.org/techniques/T1567/002) or to [Upload Tool](https://attack.mitre.org/techniques/T1608/002)s. Cloud accounts can also be used in the acquisition of infrastructure, such as [Virtual Private Server](https://attack.mitre.org/techniques/T1583/003)s or [Serverless](https://attack.mitre.org/tech"
T1587,No,,Develop Capabilities,Resource Development,TA0042,PRE,,,M1056 Pre-compromise,https://attack.mitre.org/techniques/T1587,"Adversaries may build capabilities that can be used during targeting. Rather than purchasing, freely downloading, or stealing capabilities, adversaries may develop their own capabilities in-house. This is the process of identifying development requirements and building solutions such as malware, exploits, and self-signed certificates. Adversaries may develop capabilities to support their operations throughout numerous phases of the adversary lifecycle.(Citation: Mandiant APT1)(Citation: Kaspersky Sofacy)(Citation: Bitdefender StrongPity June 2020)(Citation: Talos Promethium June 2020)"
T1587.001,Yes,T1587,Malware,Resource Development,TA0042,PRE,,,M1056 Pre-compromise,https://attack.mitre.org/techniques/T1587/001,"Adversaries may develop malware and malware components that can be used during targeting. Building malicious software can include the development of payloads, droppers, post-compromise tools, backdoors (including backdoored images), packers, C2 protocols, and the creation of infected removable media. Adversaries may develop malware to support their operations, creating a means for maintaining control of remote machines, evading defenses, and executing post-compromise behaviors.(Citation: Mandiant APT1)(Citation: Kaspersky Sofacy)(Citation: ActiveMalwareEnergy)(Citation: FBI Flash FIN7 USB)"
T1587.002,Yes,T1587,Code Signing Certificates,Resource Development,TA0042,PRE,,,M1056 Pre-compromise,https://attack.mitre.org/techniques/T1587/002,Adversaries may create self-signed code signing certificates that can be used during targeting. Code signing is the process of digitally signing executables and scripts to confirm the software author and guarantee that the code has not been altered or corrupted. Code signing provides a level of authenticity for a program from the developer and a guarantee that the program has not been tampered with.(Citation: Wikipedia Code Signing) Users and/or security tools may trust a signed piece of code more than an unsigned piece of code even if they don't know who issued the certificate or who the auth
T1587.003,Yes,T1587,Digital Certificates,Resource Development,TA0042,PRE,,,M1056 Pre-compromise,https://attack.mitre.org/techniques/T1587/003,"Adversaries may create self-signed SSL/TLS certificates that can be used during targeting. SSL/TLS certificates are designed to instill trust. They include information about the key, information about its owner's identity, and the digital signature of an entity that has verified the certificate's contents are correct. If the signature is valid, and the person examining the certificate trusts the signer, then they know they can use that key to communicate with its owner. In the case of self-signing, digital certificates will lack the element of trust associated with the signature of a third-par"
T1587.004,Yes,T1587,Exploits,Resource Development,TA0042,PRE,,,M1056 Pre-compromise,https://attack.mitre.org/techniques/T1587/004,"Adversaries may develop exploits that can be used during targeting. An exploit takes advantage of a bug or vulnerability in order to cause unintended or unanticipated behavior to occur on computer hardware or software. Rather than finding/modifying exploits from online or purchasing them from exploit vendors, an adversary may develop their own exploits.(Citation: NYTStuxnet) Adversaries may use information acquired via [Vulnerabilities](https://attack.mitre.org/techniques/T1588/006) to focus exploit development efforts. As part of the exploit development process, adversaries may uncover exploi"
T1588,No,,Obtain Capabilities,Resource Development,TA0042,PRE,,,M1056 Pre-compromise,https://attack.mitre.org/techniques/T1588,"Adversaries may buy and/or steal capabilities that can be used during targeting. Rather than developing their own capabilities in-house, adversaries may purchase, freely download, or steal them. Activities may include the acquisition of malware, software (including licenses), exploits, certificates, and information relating to vulnerabilities. Adversaries may obtain capabilities to support their operations throughout numerous phases of the adversary lifecycle."
T1588.001,Yes,T1588,Malware,Resource Development,TA0042,PRE,,,M1056 Pre-compromise,https://attack.mitre.org/techniques/T1588/001,"Adversaries may buy, steal, or download malware that can be used during targeting. Malicious software can include payloads, droppers, post-compromise tools, backdoors, packers, and C2 protocols. Adversaries may acquire malware to support their operations, obtaining a means for maintaining control of remote machines, evading defenses, and executing post-compromise behaviors."
T1588.002,Yes,T1588,Tool,Resource Development,TA0042,PRE,,,M1056 Pre-compromise,https://attack.mitre.org/techniques/T1588/002,"Adversaries may buy, steal, or download software tools that can be used during targeting. Tools can be open or closed source, free or commercial. A tool can be used for malicious purposes by an adversary, but (unlike malware) were not intended to be used for those purposes (ex: [PsExec](https://attack.mitre.org/software/S0029)). "
T1588.003,Yes,T1588,Code Signing Certificates,Resource Development,TA0042,PRE,,,M1056 Pre-compromise,https://attack.mitre.org/techniques/T1588/003,Adversaries may buy and/or steal code signing certificates that can be used during targeting. Code signing is the process of digitally signing executables and scripts to confirm the software author and guarantee that the code has not been altered or corrupted. Code signing provides a level of authenticity for a program from the developer and a guarantee that the program has not been tampered with.(Citation: Wikipedia Code Signing) Users and/or security tools may trust a signed piece of code more than an unsigned piece of code even if they don't know who issued the certificate or who the author
T1588.004,Yes,T1588,Digital Certificates,Resource Development,TA0042,PRE,,,M1056 Pre-compromise,https://attack.mitre.org/techniques/T1588/004,"Adversaries may buy and/or steal SSL/TLS certificates that can be used during targeting. SSL/TLS certificates are designed to instill trust. They include information about the key, information about its owner's identity, and the digital signature of an entity that has verified the certificate's contents are correct. If the signature is valid, and the person examining the certificate trusts the signer, then they know they can use that key to communicate with its owner."
T1588.005,Yes,T1588,Exploits,Resource Development,TA0042,PRE,,,M1056 Pre-compromise,https://attack.mitre.org/techniques/T1588/005,"Adversaries may buy, steal, or download exploits that can be used during targeting. An exploit takes advantage of a bug or vulnerability in order to cause unintended or unanticipated behavior to occur on computer hardware or software. Rather than developing their own exploits, an adversary may find/modify exploits from online or purchase them from exploit vendors.(Citation: Exploit Database)(Citation: TempertonDarkHotel)(Citation: NationsBuying)"
T1588.006,Yes,T1588,Vulnerabilities,Resource Development,TA0042,PRE,,,M1056 Pre-compromise,https://attack.mitre.org/techniques/T1588/006,"Adversaries may acquire information about vulnerabilities that can be used during targeting. A vulnerability is a weakness in computer hardware or software that can, potentially, be exploited by an adversary to cause unintended or unanticipated behavior to occur. Adversaries may find vulnerability information by searching open databases or gaining access to closed vulnerability databases.(Citation: National Vulnerability Database)"
T1588.007,Yes,T1588,Artificial Intelligence,Resource Development,TA0042,PRE,,,M1056 Pre-compromise,https://attack.mitre.org/techniques/T1588/007,"Adversaries may obtain access to generative artificial intelligence tools, such as large language models (LLMs), to aid various techniques during targeting. These tools may be used to inform, bolster, and enable a variety of malicious tasks, including conducting [Reconnaissance](https://attack.mitre.org/tactics/TA0043), creating basic scripts, assisting social engineering, and even developing payloads.(Citation: MSFT-AI) "
T1589,No,,Gather Victim Identity Information,Reconnaissance,TA0043,PRE,,,M1056 Pre-compromise,https://attack.mitre.org/techniques/T1589,"Adversaries may gather information about the victim's identity that can be used during targeting. Information about identities may include a variety of details, including personal data (ex: employee names, email addresses, security question responses, etc.) as well as sensitive details such as credentials or multi-factor authentication (MFA) configurations."
T1589.001,Yes,T1589,Credentials,Reconnaissance,TA0043,PRE,,,M1056 Pre-compromise,https://attack.mitre.org/techniques/T1589/001,Adversaries may gather credentials that can be used during targeting. Account credentials gathered by adversaries may be those directly associated with the target victim organization or attempt to take advantage of the tendency for users to use the same passwords across personal and business accounts.
T1589.002,Yes,T1589,Email Addresses,Reconnaissance,TA0043,PRE,,,M1056 Pre-compromise,https://attack.mitre.org/techniques/T1589/002,"Adversaries may gather email addresses that can be used during targeting. Even if internal instances exist, organizations may have public-facing email infrastructure and addresses for employees."
T1589.003,Yes,T1589,Employee Names,Reconnaissance,TA0043,PRE,,,M1056 Pre-compromise,https://attack.mitre.org/techniques/T1589/003,Adversaries may gather employee names that can be used during targeting. Employee names be used to derive email addresses as well as to help guide other reconnaissance efforts and/or craft more-believable lures.
T1590,No,,Gather Victim Network Information,Reconnaissance,TA0043,PRE,,,M1056 Pre-compromise,https://attack.mitre.org/techniques/T1590,"Adversaries may gather information about the victim's networks that can be used during targeting. Information about networks may include a variety of details, including administrative data (ex: IP ranges, domain names, etc.) as well as specifics regarding its topology and operations."
T1590.001,Yes,T1590,Domain Properties,Reconnaissance,TA0043,PRE,,,M1056 Pre-compromise,https://attack.mitre.org/techniques/T1590/001,"Adversaries may gather information about the victim's network domain(s) that can be used during targeting. Information about domains and their properties may include a variety of details, including what domain(s) the victim owns as well as administrative data (ex: name, registrar, etc.) and more directly actionable information such as contacts (email addresses and phone numbers), business addresses, and name servers."
T1590.002,Yes,T1590,DNS,Reconnaissance,TA0043,PRE,,,M1054 Software Configuration,https://attack.mitre.org/techniques/T1590/002,"Adversaries may gather information about the victim's DNS that can be used during targeting. DNS information may include a variety of details, including registered name servers as well as records that outline addressing for a target’s subdomains, mail servers, and other hosts. DNS MX, TXT, and SPF records may also reveal the use of third party cloud and SaaS providers, such as Office 365, G Suite, Salesforce, or Zendesk.(Citation: Sean Metcalf Twitter DNS Records)"
T1590.003,Yes,T1590,Network Trust Dependencies,Reconnaissance,TA0043,PRE,,,M1056 Pre-compromise,https://attack.mitre.org/techniques/T1590/003,"Adversaries may gather information about the victim's network trust dependencies that can be used during targeting. Information about network trusts may include a variety of details, including second or third-party organizations/domains (ex: managed service providers, contractors, etc.) that have connected (and potentially elevated) network access."
T1590.004,Yes,T1590,Network Topology,Reconnaissance,TA0043,PRE,,,M1056 Pre-compromise,https://attack.mitre.org/techniques/T1590/004,"Adversaries may gather information about the victim's network topology that can be used during targeting. Information about network topologies may include a variety of details, including the physical and/or logical arrangement of both external-facing and internal network environments. This information may also include specifics regarding network devices (gateways, routers, etc.) and other infrastructure."
T1590.005,Yes,T1590,IP Addresses,Reconnaissance,TA0043,PRE,,,M1056 Pre-compromise,https://attack.mitre.org/techniques/T1590/005,"Adversaries may gather the victim's IP addresses that can be used during targeting. Public IP addresses may be allocated to organizations by block, or a range of sequential addresses. Information about assigned IP addresses may include a variety of details, such as which IP addresses are in use. IP addresses may also enable an adversary to derive other details about a victim, such as organizational size, physical location(s), Internet service provider, and or where/how their publicly-facing infrastructure is hosted."
T1590.006,Yes,T1590,Network Security Appliances,Reconnaissance,TA0043,PRE,,,M1056 Pre-compromise,https://attack.mitre.org/techniques/T1590/006,"Adversaries may gather information about the victim's network security appliances that can be used during targeting. Information about network security appliances may include a variety of details, such as the existence and specifics of deployed firewalls, content filters, and proxies/bastion hosts. Adversaries may also target information about victim network-based intrusion detection systems (NIDS) or other appliances related to defensive cybersecurity operations."
T1591,No,,Gather Victim Org Information,Reconnaissance,TA0043,PRE,,,M1056 Pre-compromise,https://attack.mitre.org/techniques/T1591,"Adversaries may gather information about the victim's organization that can be used during targeting. Information about an organization may include a variety of details, including the names of divisions/departments, specifics of business operations, as well as the roles and responsibilities of key employees."
T1591.001,Yes,T1591,Determine Physical Locations,Reconnaissance,TA0043,PRE,,,M1056 Pre-compromise,https://attack.mitre.org/techniques/T1591/001,"Adversaries may gather the victim's physical location(s) that can be used during targeting. Information about physical locations of a target organization may include a variety of details, including where key resources and infrastructure are housed. Physical locations may also indicate what legal jurisdiction and/or authorities the victim operates within."
T1591.002,Yes,T1591,Business Relationships,Reconnaissance,TA0043,PRE,,,M1056 Pre-compromise,https://attack.mitre.org/techniques/T1591/002,"Adversaries may gather information about the victim's business relationships that can be used during targeting. Information about an organization’s business relationships may include a variety of details, including second or third-party organizations/domains (ex: managed service providers, contractors, etc.) that have connected (and potentially elevated) network access. This information may also reveal supply chains and shipment paths for the victim’s hardware and software resources."
T1591.003,Yes,T1591,Identify Business Tempo,Reconnaissance,TA0043,PRE,,,M1056 Pre-compromise,https://attack.mitre.org/techniques/T1591/003,"Adversaries may gather information about the victim's business tempo that can be used during targeting. Information about an organization’s business tempo may include a variety of details, including operational hours/days of the week. This information may also reveal times/dates of purchases and shipments of the victim’s hardware and software resources."
T1591.004,Yes,T1591,Identify Roles,Reconnaissance,TA0043,PRE,,,M1056 Pre-compromise,https://attack.mitre.org/techniques/T1591/004,"Adversaries may gather information about identities and roles within the victim organization that can be used during targeting. Information about business roles may reveal a variety of targetable details, including identifiable information for key personnel as well as what data/resources they have access to."
T1592,No,,Gather Victim Host Information,Reconnaissance,TA0043,PRE,,,M1056 Pre-compromise,https://attack.mitre.org/techniques/T1592,"Adversaries may gather information about the victim's hosts that can be used during targeting. Information about hosts may include a variety of details, including administrative data (ex: name, assigned IP, functionality, etc.) as well as specifics regarding its configuration (ex: operating system, language, etc.)."
T1592.001,Yes,T1592,Hardware,Reconnaissance,TA0043,PRE,,,M1056 Pre-compromise,https://attack.mitre.org/techniques/T1592/001,"Adversaries may gather information about the victim's host hardware that can be used during targeting. Information about hardware infrastructure may include a variety of details such as types and versions on specific hosts, as well as the presence of additional components that might be indicative of added defensive protections (ex: card/biometric readers, dedicated encryption hardware, etc.)."
T1592.002,Yes,T1592,Software,Reconnaissance,TA0043,PRE,,,M1056 Pre-compromise,https://attack.mitre.org/techniques/T1592/002,"Adversaries may gather information about the victim's host software that can be used during targeting. Information about installed software may include a variety of details such as types and versions on specific hosts, as well as the presence of additional components that might be indicative of added defensive protections (ex: antivirus, SIEMs, etc.)."
T1592.003,Yes,T1592,Firmware,Reconnaissance,TA0043,PRE,,,M1056 Pre-compromise,https://attack.mitre.org/techniques/T1592/003,"Adversaries may gather information about the victim's host firmware that can be used during targeting. Information about host firmware may include a variety of details such as type and versions on specific hosts, which may be used to infer more information about hosts in the environment (ex: configuration, purpose, age/patch level, etc.)."
T1592.004,Yes,T1592,Client Configurations,Reconnaissance,TA0043,PRE,,,M1056 Pre-compromise,https://attack.mitre.org/techniques/T1592/004,"Adversaries may gather information about the victim's client configurations that can be used during targeting. Information about client configurations may include a variety of details and settings, including operating system/version, virtualization, architecture (ex: 32 or 64 bit), language, and/or time zone."
T1593,No,,Search Open Websites/Domains,Reconnaissance,TA0043,PRE,,,M1013 Application Developer Guidance | M1047 Audit,https://attack.mitre.org/techniques/T1593,"Adversaries may search freely available websites and/or domains for information about victims that can be used during targeting. Information about victims may be available in various online sites, such as social media, new sites, or those hosting information about business operations such as hiring or requested/rewarded contracts.(Citation: Cyware Social Media)(Citation: SecurityTrails Google Hacking)(Citation: ExploitDB GoogleHacking)"
T1593.001,Yes,T1593,Social Media,Reconnaissance,TA0043,PRE,,,M1056 Pre-compromise,https://attack.mitre.org/techniques/T1593/001,"Adversaries may search social media for information about victims that can be used during targeting. Social media sites may contain various information about a victim organization, such as business announcements as well as information about the roles, locations, and interests of staff."
T1593.002,Yes,T1593,Search Engines,Reconnaissance,TA0043,PRE,,,M1056 Pre-compromise,https://attack.mitre.org/techniques/T1593/002,Adversaries may use search engines to collect information about victims that can be used during targeting. Search engine services typical crawl online sites to index context and may provide users with specialized syntax to search for specific keywords or specific types of content (i.e. filetypes).(Citation: SecurityTrails Google Hacking)(Citation: ExploitDB GoogleHacking)
T1593.003,Yes,T1593,Code Repositories,Reconnaissance,TA0043,PRE,,,M1013 Application Developer Guidance | M1047 Audit,https://attack.mitre.org/techniques/T1593/003,"Adversaries may search public code repositories for information about victims that can be used during targeting. Victims may store code in repositories on various third-party websites such as GitHub, GitLab, SourceForge, and BitBucket. Users typically interact with code repositories through a web application or command-line utilities such as git.  "
T1594,No,,Search Victim-Owned Websites,Reconnaissance,TA0043,PRE,,,M1056 Pre-compromise,https://attack.mitre.org/techniques/T1594,"Adversaries may search websites owned by the victim for information that can be used during targeting. Victim-owned websites may contain a variety of details, including names of departments/divisions, physical locations, and data about key employees such as names, roles, and contact info (ex: [Email Addresses](https://attack.mitre.org/techniques/T1589/002)). These sites may also have details highlighting business operations and relationships.(Citation: Comparitech Leak)"
T1595,No,,Active Scanning,Reconnaissance,TA0043,PRE,,,M1056 Pre-compromise,https://attack.mitre.org/techniques/T1595,"Adversaries may execute active reconnaissance scans to gather information that can be used during targeting. Active scans are those where the adversary probes victim infrastructure via network traffic, as opposed to other forms of reconnaissance that do not involve direct interaction."
T1595.001,Yes,T1595,Scanning IP Blocks,Reconnaissance,TA0043,PRE,,,M1056 Pre-compromise,https://attack.mitre.org/techniques/T1595/001,"Adversaries may scan victim IP blocks to gather information that can be used during targeting. Public IP addresses may be allocated to organizations by block, or a range of sequential addresses."
T1595.002,Yes,T1595,Vulnerability Scanning,Reconnaissance,TA0043,PRE,,,M1056 Pre-compromise,https://attack.mitre.org/techniques/T1595/002,Adversaries may scan victims for vulnerabilities that can be used during targeting. Vulnerability scans typically check if the configuration of a target host/application (ex: software and version) potentially aligns with the target of a specific exploit the adversary may seek to use.
T1595.003,Yes,T1595,Wordlist Scanning,Reconnaissance,TA0043,PRE,,,M1042 Disable or Remove Feature or Program | M1056 Pre-compromise,https://attack.mitre.org/techniques/T1595/003,"Adversaries may iteratively probe infrastructure using brute-forcing and crawling techniques. While this technique employs similar methods to [Brute Force](https://attack.mitre.org/techniques/T1110), its goal is the identification of content and infrastructure rather than the discovery of valid credentials. Wordlists used in these scans may contain generic, commonly used names and file extensions or terms specific to a particular software. Adversaries may also create custom, target-specific wordlists using data gathered from other Reconnaissance techniques (ex: [Gather Victim Org Information]("
T1596,No,,Search Open Technical Databases,Reconnaissance,TA0043,PRE,,,M1056 Pre-compromise,https://attack.mitre.org/techniques/T1596,"Adversaries may search freely available technical databases for information about victims that can be used during targeting. Information about victims may be available in online databases and repositories, such as registrations of domains/certificates as well as public collections of network data/artifacts gathered from traffic and/or scans.(Citation: WHOIS)(Citation: DNS Dumpster)(Citation: Circl Passive DNS)(Citation: Medium SSL Cert)(Citation: SSLShopper Lookup)(Citation: DigitalShadows CDN)(Citation: Shodan)"
T1596.001,Yes,T1596,DNS/Passive DNS,Reconnaissance,TA0043,PRE,,,M1056 Pre-compromise,https://attack.mitre.org/techniques/T1596/001,"Adversaries may search DNS data for information about victims that can be used during targeting. DNS information may include a variety of details, including registered name servers as well as records that outline addressing for a target’s subdomains, mail servers, and other hosts."
T1596.002,Yes,T1596,WHOIS,Reconnaissance,TA0043,PRE,,,M1056 Pre-compromise,https://attack.mitre.org/techniques/T1596/002,"Adversaries may search public WHOIS data for information about victims that can be used during targeting. WHOIS data is stored by regional Internet registries (RIR) responsible for allocating and assigning Internet resources such as domain names. Anyone can query WHOIS servers for information about a registered domain, such as assigned IP blocks, contact information, and DNS nameservers.(Citation: WHOIS)"
T1596.003,Yes,T1596,Digital Certificates,Reconnaissance,TA0043,PRE,,,M1056 Pre-compromise,https://attack.mitre.org/techniques/T1596/003,"Adversaries may search public digital certificate data for information about victims that can be used during targeting. Digital certificates are issued by a certificate authority (CA) in order to cryptographically verify the origin of signed content. These certificates, such as those used for encrypted web traffic (HTTPS SSL/TLS communications), contain information about the registered organization such as name and location."
T1596.004,Yes,T1596,CDNs,Reconnaissance,TA0043,PRE,,,M1056 Pre-compromise,https://attack.mitre.org/techniques/T1596/004,"Adversaries may search content delivery network (CDN) data about victims that can be used during targeting. CDNs allow an organization to host content from a distributed, load balanced array of servers. CDNs may also allow organizations to customize content delivery based on the requestor’s geographical region."
T1596.005,Yes,T1596,Scan Databases,Reconnaissance,TA0043,PRE,,,M1056 Pre-compromise,https://attack.mitre.org/techniques/T1596/005,"Adversaries may search within public scan databases for information about victims that can be used during targeting. Various online services continuously publish the results of Internet scans/surveys, often harvesting information such as active IP addresses, hostnames, open ports, certificates, and even server banners.(Citation: Shodan)"
T1597,No,,Search Closed Sources,Reconnaissance,TA0043,PRE,,,M1056 Pre-compromise,https://attack.mitre.org/techniques/T1597,"Adversaries may search and gather information about victims from closed (e.g., paid, private, or otherwise not freely available) sources that can be used during targeting. Information about victims may be available for purchase from reputable private sources and databases, such as paid subscriptions to feeds of technical/threat intelligence data. Adversaries may also purchase information from less-reputable sources such as dark web or cybercrime blackmarkets.(Citation: ZDNET Selling Data)"
T1597.001,Yes,T1597,Threat Intel Vendors,Reconnaissance,TA0043,PRE,,,M1056 Pre-compromise,https://attack.mitre.org/techniques/T1597/001,"Adversaries may search private data from threat intelligence vendors for information that can be used during targeting. Threat intelligence vendors may offer paid feeds or portals that offer more data than what is publicly reported. Although sensitive details (such as customer names and other identifiers) may be redacted, this information may contain trends regarding breaches such as target industries, attribution claims, and successful TTPs/countermeasures.(Citation: D3Secutrity CTI Feeds)"
T1597.002,Yes,T1597,Purchase Technical Data,Reconnaissance,TA0043,PRE,,,M1056 Pre-compromise,https://attack.mitre.org/techniques/T1597/002,"Adversaries may purchase technical information about victims that can be used during targeting. Information about victims may be available for purchase within reputable private sources and databases, such as paid subscriptions to feeds of scan databases or other data aggregation services. Adversaries may also purchase information from less-reputable sources such as dark web or cybercrime blackmarkets."
T1598,No,,Phishing for Information,Reconnaissance,TA0043,PRE,,,M1017 User Training | M1054 Software Configuration,https://attack.mitre.org/techniques/T1598,"Adversaries may send phishing messages to elicit sensitive information that can be used during targeting. Phishing for information is an attempt to trick targets into divulging information, frequently credentials or other actionable information. Phishing for information is different from [Phishing](https://attack.mitre.org/techniques/T1566) in that the objective is gathering data from the victim rather than executing malicious code."
T1598.001,Yes,T1598,Spearphishing Service,Reconnaissance,TA0043,PRE,,,M1017 User Training,https://attack.mitre.org/techniques/T1598/001,"Adversaries may send spearphishing messages via third-party services to elicit sensitive information that can be used during targeting. Spearphishing for information is an attempt to trick targets into divulging information, frequently credentials or other actionable information. Spearphishing for information frequently involves social engineering techniques, such as posing as a source with a reason to collect information (ex: [Establish Accounts](https://attack.mitre.org/techniques/T1585) or [Compromise Accounts](https://attack.mitre.org/techniques/T1586)) and/or sending multiple, seemingly u"
T1598.002,Yes,T1598,Spearphishing Attachment,Reconnaissance,TA0043,PRE,,,M1017 User Training | M1054 Software Configuration,https://attack.mitre.org/techniques/T1598/002,"Adversaries may send spearphishing messages with a malicious attachment to elicit sensitive information that can be used during targeting. Spearphishing for information is an attempt to trick targets into divulging information, frequently credentials or other actionable information. Spearphishing for information frequently involves social engineering techniques, such as posing as a source with a reason to collect information (ex: [Establish Accounts](https://attack.mitre.org/techniques/T1585) or [Compromise Accounts](https://attack.mitre.org/techniques/T1586)) and/or sending multiple, seemingl"
T1598.003,Yes,T1598,Spearphishing Link,Reconnaissance,TA0043,PRE,,,M1017 User Training | M1054 Software Configuration,https://attack.mitre.org/techniques/T1598/003,"Adversaries may send spearphishing messages with a malicious link to elicit sensitive information that can be used during targeting. Spearphishing for information is an attempt to trick targets into divulging information, frequently credentials or other actionable information. Spearphishing for information frequently involves social engineering techniques, such as posing as a source with a reason to collect information (ex: [Establish Accounts](https://attack.mitre.org/techniques/T1585) or [Compromise Accounts](https://attack.mitre.org/techniques/T1586)) and/or sending multiple, seemingly urge"
T1598.004,Yes,T1598,Spearphishing Voice,Reconnaissance,TA0043,PRE,,,M1017 User Training,https://attack.mitre.org/techniques/T1598/004,"Adversaries may use voice communications to elicit sensitive information that can be used during targeting. Spearphishing for information is an attempt to trick targets into divulging information, frequently credentials or other actionable information. Spearphishing for information frequently involves social engineering techniques, such as posing as a source with a reason to collect information (ex: [Impersonation](https://attack.mitre.org/techniques/T1684/001)) and/or creating a sense of urgency or alarm for the recipient."
T1599,No,,Network Boundary Bridging,Defense Impairment,TA0112,Network Devices,,,M1026 Privileged Account Management | M1027 Password Policies | M1032 Multi-factor Authentication | M1037 Filter Network Traffic | M1043 Credential Access Protection,https://attack.mitre.org/techniques/T1599,Adversaries may bridge network boundaries by compromising perimeter network devices or internal devices responsible for network segmentation. Breaching these devices may enable an adversary to bypass restrictions on traffic routing that otherwise separate trusted and untrusted networks.
T1599.001,Yes,T1599,Network Address Translation Traversal,Defense Impairment,TA0112,Network Devices,,,M1026 Privileged Account Management | M1027 Password Policies | M1032 Multi-factor Authentication | M1037 Filter Network Traffic | M1043 Credential Access Protection,https://attack.mitre.org/techniques/T1599/001,Adversaries may bridge network boundaries by modifying a network device’s Network Address Translation (NAT) configuration. Malicious modifications to NAT may enable an adversary to bypass restrictions on traffic routing that otherwise separate trusted and untrusted networks.
T1600,No,,Weaken Encryption,Defense Impairment,TA0112,Network Devices,,,,https://attack.mitre.org/techniques/T1600,Adversaries may compromise a network device’s encryption capability in order to bypass encryption that would otherwise protect data communications.(Citation: Cisco Synful Knock Evolution)
T1600.001,Yes,T1600,Reduce Key Space,Defense Impairment,TA0112,Network Devices,,,,https://attack.mitre.org/techniques/T1600/001,Adversaries may reduce the level of effort required to decrypt data transmitted over the network by reducing the cipher strength of encrypted communications.(Citation: Cisco Synful Knock Evolution)
T1600.002,Yes,T1600,Disable Crypto Hardware,Defense Impairment,TA0112,Network Devices,,,,https://attack.mitre.org/techniques/T1600/002,"Adversaries disable a network device’s dedicated hardware encryption, which may enable them to leverage weaknesses in software encryption in order to reduce the effort involved in collecting, manipulating, and exfiltrating transmitted data."
T1601,No,,Modify System Image,Defense Impairment,TA0112,Network Devices,,,M1026 Privileged Account Management | M1027 Password Policies | M1032 Multi-factor Authentication | M1043 Credential Access Protection | M1045 Code Signing | M1046 Boot Integrity,https://attack.mitre.org/techniques/T1601,"Adversaries may make changes to the operating system of embedded network devices to weaken defenses and provide new capabilities for themselves.  On such devices, the operating systems are typically monolithic and most of the device functionality and capabilities are contained within a single file."
T1601.001,Yes,T1601,Patch System Image,Defense Impairment,TA0112,Network Devices,,,M1026 Privileged Account Management | M1027 Password Policies | M1032 Multi-factor Authentication | M1043 Credential Access Protection | M1045 Code Signing | M1046 Boot Integrity,https://attack.mitre.org/techniques/T1601/001,"Adversaries may modify the operating system of a network device to introduce new capabilities or weaken existing defenses.(Citation: Killing the myth of Cisco IOS rootkits) (Citation: Killing IOS diversity myth) (Citation: Cisco IOS Shellcode) (Citation: Cisco IOS Forensics Developments) (Citation: Juniper Netscreen of the Dead) Some network devices are built with a monolithic architecture, where the entire operating system and most of the functionality of the device is contained within a single file.  Adversaries may change this file in storage, to be loaded in a future boot, or in memory dur"
T1601.002,Yes,T1601,Downgrade System Image,Defense Impairment,TA0112,Network Devices,,,M1026 Privileged Account Management | M1027 Password Policies | M1032 Multi-factor Authentication | M1043 Credential Access Protection | M1045 Code Signing | M1046 Boot Integrity,https://attack.mitre.org/techniques/T1601/002,"Adversaries may install an older version of the operating system of a network device to weaken security.  Older operating system versions on network devices often have weaker encryption ciphers and, in general, fewer/less updated defensive features. (Citation: Cisco Synful Knock Evolution)"
T1602,No,,Data from Configuration Repository,Collection,TA0009,Network Devices,,,M1030 Network Segmentation | M1031 Network Intrusion Prevention | M1037 Filter Network Traffic | M1041 Encrypt Sensitive Information | M1051 Update Software | M1054 Software Configuration,https://attack.mitre.org/techniques/T1602,"Adversaries may collect data related to managed devices from configuration repositories. Configuration repositories are used by management systems in order to configure, manage, and control data on remote systems. Configuration repositories may also facilitate remote access and administration of devices."
T1602.001,Yes,T1602,SNMP (MIB Dump),Collection,TA0009,Network Devices,,,M1030 Network Segmentation | M1031 Network Intrusion Prevention | M1037 Filter Network Traffic | M1041 Encrypt Sensitive Information | M1051 Update Software | M1054 Software Configuration,https://attack.mitre.org/techniques/T1602/001,Adversaries may target the Management Information Base (MIB) to collect and/or mine valuable information in a network managed using Simple Network Management Protocol (SNMP).
T1602.002,Yes,T1602,Network Device Configuration Dump,Collection,TA0009,Network Devices,,,M1030 Network Segmentation | M1031 Network Intrusion Prevention | M1037 Filter Network Traffic | M1041 Encrypt Sensitive Information | M1051 Update Software | M1054 Software Configuration,https://attack.mitre.org/techniques/T1602/002,"Adversaries may access network configuration files to collect sensitive data about the device and the network. The network configuration is a file containing parameters that determine the operation of the device. The device typically stores an in-memory copy of the configuration while operating, and a separate configuration on non-volatile storage to load after device reset. Adversaries can inspect the configuration files to reveal information about the target network and its layout, the network device and its software, or identifying legitimate accounts and credentials for later use."
T1606,No,,Forge Web Credentials,Credential Access,TA0006,SaaS; Windows; macOS; Linux; IaaS; Office Suite; Identity Provider,,,M1018 User Account Management | M1026 Privileged Account Management | M1047 Audit | M1054 Software Configuration,https://attack.mitre.org/techniques/T1606,"Adversaries may forge credential materials that can be used to gain access to web applications or Internet services. Web applications and services (hosted in cloud SaaS environments or on-premise servers) often use session cookies, tokens, or other materials to authenticate and authorize user access."
T1606.001,Yes,T1606,Web Cookies,Credential Access,TA0006,Linux; macOS; Windows; SaaS; IaaS,,,M1047 Audit | M1054 Software Configuration,https://attack.mitre.org/techniques/T1606/001,Adversaries may forge web cookies that can be used to gain access to web applications or Internet services. Web applications and services (hosted in cloud SaaS environments or on-premise servers) often use session cookies to authenticate and authorize user access.
T1606.002,Yes,T1606,SAML Tokens,Credential Access,TA0006,SaaS; Windows; IaaS; Office Suite; Identity Provider,,,M1015 Active Directory Configuration | M1018 User Account Management | M1026 Privileged Account Management | M1047 Audit,https://attack.mitre.org/techniques/T1606/002,"An adversary may forge SAML tokens with any permissions claims and lifetimes if they possess a valid SAML token-signing certificate.(Citation: Microsoft SolarWinds Steps) The default lifetime of a SAML token is one hour, but the validity period can be specified in the <code>NotOnOrAfter</code> value of the <code>conditions ...</code> element in a token. This value can be changed using the <code>AccessTokenLifetime</code> in a <code>LifetimeTokenPolicy</code>.(Citation: Microsoft SAML Token Lifetimes) Forged SAML tokens enable adversaries to authenticate across services that use SAML 2.0 as an "
T1608,No,,Stage Capabilities,Resource Development,TA0042,PRE,,,M1056 Pre-compromise,https://attack.mitre.org/techniques/T1608,"Adversaries may upload, install, or otherwise set up capabilities that can be used during targeting. To support their operations, an adversary may need to take capabilities they developed ([Develop Capabilities](https://attack.mitre.org/techniques/T1587)) or obtained ([Obtain Capabilities](https://attack.mitre.org/techniques/T1588)) and stage them on infrastructure under their control. These capabilities may be staged on infrastructure that was previously purchased/rented by the adversary ([Acquire Infrastructure](https://attack.mitre.org/techniques/T1583)) or was otherwise compromised by them"
T1608.001,Yes,T1608,Upload Malware,Resource Development,TA0042,PRE,,,M1056 Pre-compromise,https://attack.mitre.org/techniques/T1608/001,"Adversaries may upload malware to third-party or adversary controlled infrastructure to make it accessible during targeting. Malicious software can include payloads, droppers, post-compromise tools, backdoors, and a variety of other malicious content. Adversaries may upload malware to support their operations, such as making a payload available to a victim network to enable [Ingress Tool Transfer](https://attack.mitre.org/techniques/T1105) by placing it on an Internet accessible web server."
T1608.002,Yes,T1608,Upload Tool,Resource Development,TA0042,PRE,,,M1056 Pre-compromise,https://attack.mitre.org/techniques/T1608/002,"Adversaries may upload tools to third-party or adversary controlled infrastructure to make it accessible during targeting. Tools can be open or closed source, free or commercial. Tools can be used for malicious purposes by an adversary, but (unlike malware) were not intended to be used for those purposes (ex: [PsExec](https://attack.mitre.org/software/S0029)). Adversaries may upload tools to support their operations, such as making a tool available to a victim network to enable [Ingress Tool Transfer](https://attack.mitre.org/techniques/T1105) by placing it on an Internet accessible web server"
T1608.003,Yes,T1608,Install Digital Certificate,Resource Development,TA0042,PRE,,,M1056 Pre-compromise,https://attack.mitre.org/techniques/T1608/003,"Adversaries may install SSL/TLS certificates that can be used during targeting. SSL/TLS certificates are files that can be installed on servers to enable secure communications between systems. Digital certificates include information about the key, information about its owner's identity, and the digital signature of an entity that has verified the certificate's contents are correct. If the signature is valid, and the person examining the certificate trusts the signer, then they know they can use that key to communicate securely with its owner. Certificates can be uploaded to a server, then the"
T1608.004,Yes,T1608,Drive-by Target,Resource Development,TA0042,PRE,,,M1056 Pre-compromise,https://attack.mitre.org/techniques/T1608/004,"Adversaries may prepare an operational environment to infect systems that visit a website over the normal course of browsing. Endpoint systems may be compromised through browsing to adversary controlled sites, as in [Drive-by Compromise](https://attack.mitre.org/techniques/T1189). In such cases, the user's web browser is typically targeted for exploitation (often not requiring any extra user interaction once landing on the site), but adversaries may also set up websites for non-exploitation behavior such as [Application Access Token](https://attack.mitre.org/techniques/T1550/001). Prior to [Dr"
T1608.005,Yes,T1608,Link Target,Resource Development,TA0042,PRE,,,M1056 Pre-compromise,https://attack.mitre.org/techniques/T1608/005,"Adversaries may put in place resources that are referenced by a link that can be used during targeting. An adversary may rely upon a user clicking a malicious link in order to divulge information (including credentials) or to gain execution, as in [Malicious Link](https://attack.mitre.org/techniques/T1204/001). Links can be used for spearphishing, such as sending an email accompanied by social engineering text to coax the user to actively click or copy and paste a URL into a browser. Prior to a phish for information (as in [Spearphishing Link](https://attack.mitre.org/techniques/T1598/003)) or"
T1608.006,Yes,T1608,SEO Poisoning,Resource Development,TA0042,PRE,,,M1056 Pre-compromise,https://attack.mitre.org/techniques/T1608/006,Adversaries may poison mechanisms that influence search engine optimization (SEO) to further lure staged capabilities towards potential victims. Search engines typically display results to users based on purchased ads as well as the site’s ranking/score/reputation calculated by their web crawlers and algorithms.(Citation: Atlas SEO)(Citation: MalwareBytes SEO)
T1609,No,,Container Administration Command,Execution,TA0002,Containers,,,M1018 User Account Management | M1026 Privileged Account Management | M1035 Limit Access to Resource Over Network | M1038 Execution Prevention | M1042 Disable or Remove Feature or Program,https://attack.mitre.org/techniques/T1609,"Adversaries may abuse a container administration service to execute commands within a container. A container administration service such as the Docker daemon, the Kubernetes API server, or the kubelet may allow remote management of containers within an environment.(Citation: Docker Daemon CLI)(Citation: Kubernetes API)(Citation: Kubernetes Kubelet)"
T1610,No,,Deploy Container,Execution,TA0002,Containers,,,M1018 User Account Management | M1030 Network Segmentation | M1035 Limit Access to Resource Over Network | M1047 Audit,https://attack.mitre.org/techniques/T1610,"Adversaries may deploy a container into an environment to facilitate execution or evade defenses. In some cases, adversaries may deploy a new container to execute processes associated with a particular image or deployment, such as processes that execute or download malware. In others, an adversary may deploy a new container configured without network rules, user limitations, etc. to bypass existing defenses within the environment. In Kubernetes environments, an adversary may attempt to deploy a privileged or vulnerable container into a specific node in order to [Escape to Host](https://attack."
T1611,No,,Escape to Host,Privilege Escalation,TA0004,Windows; Linux; Containers; ESXi,,,M1026 Privileged Account Management | M1038 Execution Prevention | M1042 Disable or Remove Feature or Program | M1048 Application Isolation and Sandboxing | M1051 Update Software,https://attack.mitre.org/techniques/T1611,"Adversaries may break out of a container or virtualized environment to gain access to the underlying host. This can allow an adversary access to other containerized or virtualized resources from the host level or to the host itself. In principle, containerized / virtualized resources should provide a clear separation of application functionality and be isolated from the host environment.(Citation: Docker Overview)"
T1612,No,,Build Image on Host,Stealth,TA0005,Containers,,,M1026 Privileged Account Management | M1030 Network Segmentation | M1035 Limit Access to Resource Over Network | M1047 Audit,https://attack.mitre.org/techniques/T1612,"Adversaries may build a container image directly on a host to bypass defenses that monitor for the retrieval of malicious images from a public registry. A remote <code>build</code> request may be sent to the Docker API that includes a Dockerfile that pulls a vanilla base image, such as alpine, from a public or local registry and then builds a custom image upon it.(Citation: Docker Build Image)"
T1613,No,,Container and Resource Discovery,Discovery,TA0007,Containers,,,M1018 User Account Management | M1030 Network Segmentation | M1035 Limit Access to Resource Over Network,https://attack.mitre.org/techniques/T1613,"Adversaries may attempt to discover containers and other resources that are available within a containers environment. Other resources may include images, deployments, pods, nodes, and other information such as the status of a cluster."
T1614,No,,System Location Discovery,Discovery,TA0007,IaaS; Linux; macOS; Windows,,,,https://attack.mitre.org/techniques/T1614,
T1614.001,Yes,T1614,System Language Discovery,Discovery,TA0007,Linux; macOS; Windows,,,,https://attack.mitre.org/techniques/T1614/001,"Adversaries may attempt to gather information about the system language of a victim in order to infer the geographical location of that host. This information may be used to shape follow-on behaviors, including whether the adversary infects the target and/or attempts specific actions. This decision may be employed by malware developers and operators to reduce their risk of attracting the attention of specific law enforcement agencies or prosecution/scrutiny from other entities.(Citation: Malware System Language Check)"
T1615,No,,Group Policy Discovery,Discovery,TA0007,Windows,,,,https://attack.mitre.org/techniques/T1615,"Adversaries may gather information on Group Policy settings to identify paths for privilege escalation, security measures applied within a domain, and to discover patterns in domain objects that can be manipulated or used to blend in the environment. Group Policy allows for centralized management of user and computer settings in Active Directory (AD). Group policy objects (GPOs) are containers for group policy settings made up of files stored within a predictable network path `\<DOMAIN>\SYSVOL\<DOMAIN>\Policies\`.(Citation: TechNet Group Policy Basics)(Citation: ADSecurity GPO Persistence 2016"
T1619,No,,Cloud Storage Object Discovery,Discovery,TA0007,IaaS,,,M1018 User Account Management,https://attack.mitre.org/techniques/T1619,"Adversaries may enumerate objects in cloud storage infrastructure. Adversaries may use this information during automated discovery to shape follow-on behaviors, including requesting all or specific objects from cloud storage.  Similar to [File and Directory Discovery](https://attack.mitre.org/techniques/T1083) on a local host, after identifying available storage services (i.e. [Cloud Infrastructure Discovery](https://attack.mitre.org/techniques/T1580)) adversaries may access the contents/objects stored in cloud infrastructure."
T1620,No,,Reflective Code Loading,Stealth,TA0005,Linux; macOS; Windows,,,,https://attack.mitre.org/techniques/T1620,"Adversaries may reflectively load code into a process in order to conceal the execution of malicious payloads. Reflective loading involves allocating then executing payloads directly within the memory of the process, vice creating a thread or process backed by a file path on disk (e.g., [Shared Modules](https://attack.mitre.org/techniques/T1129))."
T1621,No,,Multi-Factor Authentication Request Generation,Credential Access,TA0006,Windows; Linux; macOS; IaaS; SaaS; Office Suite; Identity Provider,,,M1017 User Training | M1032 Multi-factor Authentication | M1036 Account Use Policies,https://attack.mitre.org/techniques/T1621,Adversaries may attempt to bypass multi-factor authentication (MFA) mechanisms and gain access to accounts by generating MFA requests sent to users.
T1622,No,,Debugger Evasion,Stealth; Discovery,TA0005; TA0007,Linux; macOS; Windows,,,,https://attack.mitre.org/techniques/T1622,Adversaries may employ various means to detect and avoid debuggers. Debuggers are typically used by defenders to trace and/or analyze the execution of potential malware payloads.(Citation: ProcessHacker Github)
T1647,No,,Plist File Modification,Defense Impairment,TA0112,macOS,,,M1013 Application Developer Guidance,https://attack.mitre.org/techniques/T1647,"Adversaries may modify property list files (plist files) to enable other malicious activity, while also potentially evading and bypassing system defenses. macOS applications use plist files, such as the <code>info.plist</code> file, to store properties and configuration settings that inform the operating system how to handle the application at runtime. Plist files are structured metadata in key-value pairs formatted in XML based on Apple's Core Foundation DTD. Plist files can be saved in text or binary format.(Citation: fileinfo plist file description) "
T1648,No,,Serverless Execution,Execution,TA0002,SaaS; IaaS; Office Suite,,,M1018 User Account Management | M1036 Account Use Policies,https://attack.mitre.org/techniques/T1648,"Adversaries may abuse serverless computing, integration, and automation services to execute arbitrary code in cloud environments. Many cloud providers offer a variety of serverless resources, including compute engines, application integration services, and web servers. "
T1649,No,,Steal or Forge Authentication Certificates,Credential Access,TA0006,Windows; Linux; macOS; Identity Provider,,,M1015 Active Directory Configuration | M1041 Encrypt Sensitive Information | M1042 Disable or Remove Feature or Program | M1047 Audit,https://attack.mitre.org/techniques/T1649,"Adversaries may steal or forge certificates used for authentication to access remote systems or resources. Digital certificates are often used to sign and encrypt messages and/or files. Certificates are also used as authentication material. For example, Entra ID device certificates and Active Directory Certificate Services (AD CS) certificates bind to an identity and can be used as credentials for domain accounts.(Citation: O365 Blog Azure AD Device IDs)(Citation: Microsoft AD CS Overview)"
T1650,No,,Acquire Access,Resource Development,TA0042,PRE,,,M1056 Pre-compromise,https://attack.mitre.org/techniques/T1650,"Adversaries may purchase or otherwise acquire an existing access to a target system or network. A variety of online services and initial access broker networks are available to sell access to previously compromised systems.(Citation: Microsoft Ransomware as a Service)(Citation: CrowdStrike Access Brokers)(Citation: Krebs Access Brokers Fortune 500) In some cases, adversary groups may form partnerships to share compromised systems with each other.(Citation: CISA Karakurt 2022)"
T1651,No,,Cloud Administration Command,Execution,TA0002,IaaS,,,M1026 Privileged Account Management,https://attack.mitre.org/techniques/T1651,"Adversaries may abuse cloud management services to execute commands within virtual machines. Resources such as AWS Systems Manager, Azure RunCommand, and Runbooks allow users to remotely run scripts in virtual machines by leveraging installed virtual machine agents. (Citation: AWS Systems Manager Run Command)(Citation: Microsoft Run Command)"
T1652,No,,Device Driver Discovery,Discovery,TA0007,Linux; macOS; Windows,,,,https://attack.mitre.org/techniques/T1652,"Adversaries may attempt to enumerate local device drivers on a victim host. Information about device drivers may highlight various insights that shape follow-on behaviors, such as the function/purpose of the host, present security tools (i.e. [Security Software Discovery](https://attack.mitre.org/techniques/T1518/001)) or other defenses (e.g., [Virtualization/Sandbox Evasion](https://attack.mitre.org/techniques/T1497)), as well as potential exploitable vulnerabilities (e.g., [Exploitation for Privilege Escalation](https://attack.mitre.org/techniques/T1068))."
T1653,No,,Power Settings,Persistence,TA0003,Windows; Linux; macOS; Network Devices,,,M1047 Audit,https://attack.mitre.org/techniques/T1653,"Adversaries may impair a system's ability to hibernate, reboot, or shut down in order to extend access to infected machines. When a computer enters a dormant state, some or all software and hardware may cease to operate which can disrupt malicious activity.(Citation: Sleep, shut down, hibernate)"
T1654,No,,Log Enumeration,Discovery,TA0007,ESXi; IaaS; Linux; macOS; Windows,,,M1018 User Account Management,https://attack.mitre.org/techniques/T1654,"Adversaries may enumerate system and service logs to find useful data. These logs may highlight various types of valuable insights for an adversary, such as user authentication records ([Account Discovery](https://attack.mitre.org/techniques/T1087)), security or vulnerable software ([Software Discovery](https://attack.mitre.org/techniques/T1518)), or hosts within a compromised network ([Remote System Discovery](https://attack.mitre.org/techniques/T1018))."
T1657,No,,Financial Theft,Impact,TA0040,Linux; macOS; Office Suite; SaaS; Windows,,,M1017 User Training | M1018 User Account Management,https://attack.mitre.org/techniques/T1657,"Adversaries may steal monetary resources from targets through extortion, social engineering, technical theft, or other methods aimed at their own financial gain at the expense of the availability of these resources for victims. Financial theft is the ultimate objective of several popular campaign types including extortion by ransomware,(Citation: FBI-ransomware) business email compromise (BEC) and fraud,(Citation: FBI-BEC) ""pig butchering,""(Citation: wired-pig butchering) bank hacking,(Citation: DOJ-DPRK Heist) and exploiting cryptocurrency networks.(Citation: BBC-Ronin) "
T1659,No,,Content Injection,Initial Access; Command and Control,TA0001; TA0011,Linux; macOS; Windows,,,M1021 Restrict Web-Based Content | M1041 Encrypt Sensitive Information,https://attack.mitre.org/techniques/T1659,"Adversaries may gain access and continuously communicate with victims by injecting malicious content into systems through online network traffic. Rather than luring victims to malicious payloads hosted on a compromised website (i.e., [Drive-by Target](https://attack.mitre.org/techniques/T1608/004) followed by [Drive-by Compromise](https://attack.mitre.org/techniques/T1189)), adversaries may initially access victims through compromised data-transfer channels where they can manipulate traffic and/or inject their own content. These compromised online network channels may also be used to deliver a"
T1665,No,,Hide Infrastructure,Command and Control,TA0011,ESXi; Linux; macOS; Network Devices; Windows,,,,https://attack.mitre.org/techniques/T1665,"Adversaries may manipulate network traffic in order to hide and evade detection of their C2 infrastructure. This can be accomplished by identifying and filtering traffic from defensive tools,(Citation: TA571) masking malicious domains to obfuscate the true destination from both automated scanning tools and security researchers,(Citation: Schema-abuse)(Citation: Facad1ng)(Citation: Browser-updates) and otherwise hiding malicious artifacts to delay discovery and prolong the effectiveness of adversary infrastructure that could otherwise be identified, blocked, or taken down entirely."
T1666,No,,Modify Cloud Resource Hierarchy,Defense Impairment,TA0112,IaaS,,,M1018 User Account Management | M1047 Audit | M1054 Software Configuration,https://attack.mitre.org/techniques/T1666,Adversaries may attempt to modify hierarchical structures in infrastructure-as-a-service (IaaS) environments in order to evade defenses.  
T1667,No,,Email Bombing,Impact,TA0040,Linux; Office Suite; Windows; macOS,,,M1017 User Training | M1054 Software Configuration,https://attack.mitre.org/techniques/T1667,Adversaries may flood targeted email addresses with an overwhelming volume of messages. This may bury legitimate emails in a flood of spam and disrupt business operations.(Citation: sophos-bombing)(Citation: krebs-email-bombing)
T1668,No,,Exclusive Control,Persistence,TA0003,Linux; macOS; Windows,,,,https://attack.mitre.org/techniques/T1668,"Adversaries who successfully compromise a system may attempt to maintain persistence by “closing the door” behind them  – in other words, by preventing other threat actors from initially accessing or maintaining a foothold on the same system. "
T1669,No,,Wi-Fi Networks,Initial Access,TA0001,Linux; Network Devices; Windows; macOS,,,M1030 Network Segmentation | M1032 Multi-factor Authentication | M1041 Encrypt Sensitive Information,https://attack.mitre.org/techniques/T1669,Adversaries may gain initial access to target systems by connecting to wireless networks. They may accomplish this by exploiting open Wi-Fi networks used by target devices or by accessing secured Wi-Fi networks — requiring [Valid Accounts](https://attack.mitre.org/techniques/T1078) — belonging to a target organization.(Citation: DOJ GRU Charges 2018)(Citation: Nearest Neighbor Volexity) Establishing a connection to a Wi-Fi access point requires a certain level of proximity to both discover and maintain a stable network connection. 
T1671,No,,Cloud Application Integration,Persistence,TA0003,Office Suite; SaaS,,,M1042 Disable or Remove Feature or Program | M1047 Audit,https://attack.mitre.org/techniques/T1671,"Adversaries may achieve persistence by leveraging OAuth application integrations in a software-as-a-service environment. Adversaries may create a custom application, add a legitimate application into the environment, or even co-opt an existing integration to achieve malicious ends.(Citation: Push Security SaaS Persistence 2022)(Citation: SaaS Attacks GitHub Evil Twin Integrations)"
T1673,No,,Virtual Machine Discovery,Discovery,TA0007,ESXi; Linux; macOS; Windows,,,,https://attack.mitre.org/techniques/T1673,"An adversary may attempt to enumerate running virtual machines (VMs) after gaining access to a host or hypervisor. For example, adversaries may enumerate a list of VMs on an ESXi hypervisor using a [Hypervisor CLI](https://attack.mitre.org/techniques/T1059/012) such as `esxcli` or `vim-cmd` (e.g. `esxcli vm process list or vim-cmd vmsvc/getallvms`).(Citation: Crowdstrike Hypervisor Jackpotting Pt 2 2021)(Citation: TrendMicro Play) Adversaries may also directly leverage a graphical user interface, such as VMware vCenter, in order to view virtual machines on a host. "
T1674,No,,Input Injection,Execution,TA0002,Windows; macOS; Linux,,,M1034 Limit Hardware Installation | M1038 Execution Prevention,https://attack.mitre.org/techniques/T1674,"Adversaries may simulate keystrokes on a victim’s computer by various means to perform any type of action on behalf of the user, such as launching the command interpreter using keyboard shortcuts,  typing an inline script to be executed, or interacting directly with a GUI-based application.  These actions can be preprogrammed into adversary tooling or executed through physical devices such as Human Interface Devices (HIDs)."
T1675,No,,ESXi Administration Command,Execution,TA0002,ESXi,,,M1018 User Account Management,https://attack.mitre.org/techniques/T1675,"Adversaries may abuse ESXi administration services to execute commands on guest machines hosted within an ESXi virtual environment. Persistent background services on ESXi-hosted VMs, such as the VMware Tools Daemon Service, allow for remote management from the ESXi server. The tools daemon service runs as `vmtoolsd.exe` on Windows guest operating systems, `vmware-tools-daemon` on macOS, and `vmtoolsd ` on Linux.(Citation: Broadcom VMware Tools Services) "
T1677,No,,Poisoned Pipeline Execution,Execution,TA0002,SaaS,,,M1018 User Account Management | M1054 Software Configuration,https://attack.mitre.org/techniques/T1677,Adversaries may manipulate continuous integration / continuous development (CI/CD) processes by injecting malicious code into the build process. There are several mechanisms for poisoning pipelines: 
T1678,No,,Delay Execution,Stealth,TA0005,Linux; macOS; Windows,,,,https://attack.mitre.org/techniques/T1678,"Adversaries may employ various time-based methods to evade detection and analysis. These techniques often exploit system clocks, delays, or timing mechanisms to obscure malicious activity, blend in with benign activity, and avoid scrutiny. Adversaries can perform this behavior within virtualization/sandbox environments or natively on host systems. "
T1679,No,,Selective Exclusion,Stealth,TA0005,Windows,,,,https://attack.mitre.org/techniques/T1679,"Adversaries may intentionally exclude certain files, folders, directories, file types, or system components from encryption or tampering during a ransomware or malicious payload execution. Some file extensions that adversaries may avoid encrypting include `.dll`, `.exe`, and `.lnk`.(Citation: Palo Alto Unit 42 Medusa Group Medusa Ransomware January 2024)  "
T1680,No,,Local Storage Discovery,Discovery,TA0007,ESXi; IaaS; Linux; macOS; Windows,,,,https://attack.mitre.org/techniques/T1680,"Adversaries may enumerate local drives, disks, and/or volumes and their attributes like total or free space and volume serial number. This can be done to prepare for ransomware-related encryption, to perform [Lateral Movement](https://attack.mitre.org/tactics/TA0109), or as a precursor to [Direct Volume Access](https://attack.mitre.org/techniques/T1006). "
T1681,No,,Search Threat Vendor Data,Reconnaissance,TA0043,PRE,,,M1056 Pre-compromise,https://attack.mitre.org/techniques/T1681,"Threat actors may seek information/indicators from closed or open threat intelligence sources gathered about their own campaigns, as well as those conducted by other adversaries that may align with their target industries, capabilities/objectives, or other operational concerns. These reports may include descriptions of behavior, detailed breakdowns of attacks, atomic indicators such as malware hashes or IP addresses, timelines of a group’s activity, and more. Adversaries may change their behavior when planning their future operations. "
T1682,No,,Query Public AI Services,Reconnaissance,TA0043,PRE,,,M1056 Pre-compromise,https://attack.mitre.org/techniques/T1682,"Adversaries may query publicly accessible artificial intelligence (AI) services, such as large language models (LLMs), to support targeting and operations. In addition to searching websites or databases directly (i.e., [Search Open Websites/Domains](https://attack.mitre.org/techniques/T1593)), adversaries may use AI services to synthesize, aggregate, and analyze publicly available information at scale. This may include identifying individuals or organizations to target, researching organizational structures and personnel, identifying technologies used by target organizations, researching busin"
T1683,No,,Generate Content,Resource Development,TA0042,PRE,,,M1056 Pre-compromise,https://attack.mitre.org/techniques/T1683,"Adversaries may create or generate content to support targeting and operations. This content may be used to establish personas, impersonate known individuals or organizations, and support [Social Engineering](https://attack.mitre.org/techniques/T1684), fraud, or influence activities. Written materials, audio, images, video, or other media may be developed and tailored to the target and objective.(Citation: IBM AI-Generated Content)"
T1683.001,Yes,T1683,Written Content,Resource Development,TA0042,PRE,,,M1056 Pre-compromise,https://attack.mitre.org/techniques/T1683/001,"Adversaries may create or tailor written materials to support targeting and malicious operations. Content may include phishing lures, fraudulent financial communications, fabricated job postings, fabricated employment credentials and documentation, decoy documents, social media persona content, and supporting narratives used to sustain fabricated personas over time.(Citation: GenAI Phishing)(Citation: GTIG AI Threat Tracker) Content may be authored manually, commissioned through third parties, or produced using AI-assisted tools."
T1683.002,Yes,T1683,Audio-Visual Content,Resource Development,TA0042,PRE,,,M1056 Pre-compromise,https://attack.mitre.org/techniques/T1683/002,"Adversaries may create or manipulate audio, image, and video content to support targeting and malicious operations. Adversaries may also use synthetic voice recordings, real-time altered audio or video during live interactions, fabricated profile photos and identity documents, or video content depicting fabricated or impersonated individuals.(Citation: Nov AI Threat Tracker)"
T1684,No,,Social Engineering,Stealth,TA0005,Linux; macOS; Office Suite; SaaS; Windows,,,M1017 User Training | M1036 Account Use Policies | M1047 Audit,https://attack.mitre.org/techniques/T1684,"Adversaries may use social engineering techniques to influence users to take actions that result in unauthorized access, approval of changes, disclosure of sensitive information, or execution of adversary-supplied instructions (i.e., introduction of malicious payloads or software), while minimizing technical indicators. "
T1684.001,Yes,T1684,Impersonation,Stealth,TA0005,Linux; macOS; Office Suite; SaaS; Windows,,,M1017 User Training | M1019 Threat Intelligence Program,https://attack.mitre.org/techniques/T1684/001,"Adversaries may impersonate a trusted person or organization in order to persuade and trick a target into performing some action on their behalf. For example, adversaries may communicate with victims (via [Phishing for Information](https://attack.mitre.org/techniques/T1598), [Phishing](https://attack.mitre.org/techniques/T1566), or [Internal Spearphishing](https://attack.mitre.org/techniques/T1534)) while impersonating a known sender such as an executive, colleague, or third-party vendor. Established trust can then be leveraged to accomplish an adversary’s ultimate goals, possibly against mult"
T1684.002,Yes,T1684,Email Spoofing,Stealth,TA0005,Linux; macOS; Office Suite; Windows,,,M1054 Software Configuration,https://attack.mitre.org/techniques/T1684/002,"Adversaries may fake, or spoof, a sender’s identity by modifying the value of relevant email headers in order to establish contact with victims under false pretenses.(Citation: Proofpoint TA427 April 2024) In addition to actual email content, email headers (such as the FROM header, which contains the email address of the sender) may also be modified. Email clients display these headers when emails appear in a victim's inbox, which may cause modified emails to appear as if they were from the spoofed entity."
T1685,No,,Disable or Modify Tools,Defense Impairment,TA0112,Containers; ESXi; IaaS; Linux; macOS; Network Devices; Windows,,,M1018 User Account Management | M1022 Restrict File and Directory Permissions | M1024 Restrict Registry Permissions | M1038 Execution Prevention | M1042 Disable or Remove Feature or Program | M1047 Audit | M1054 Software Configuration,https://attack.mitre.org/techniques/T1685,"Adversaries may disable, degrade, or tamper with security tools or applications (e.g., endpoint detection and response (EDR) tools, intrusion detection systems (IDS), antivirus, logging agents, sensors, etc.) to impair or reduce visibility of defensive capabilities. This may include stopping specific services, killing processes, modifying or deleting tool configuration files and Registry keys, or preventing tools from updating. This may also include impairing defenses more broadly by disrupting preventative, detection, and response mechanisms across host, network, and cloud environments.(Citat"
T1685.001,Yes,T1685,Disable or Modify Windows Event Log,Defense Impairment,TA0112,Windows,,,M1018 User Account Management | M1022 Restrict File and Directory Permissions | M1024 Restrict Registry Permissions | M1047 Audit,https://attack.mitre.org/techniques/T1685/001,Adversaries may disable or modify the Windows Event Log to limit data that can be leveraged for detections and audits. Windows Event Log records user and system activity such as login attempts and process creation.(Citation: EventLog_Core_Technologies) This data is used by security tools and analysts to generate detections. 
T1685.002,Yes,T1685,Disable or Modify Cloud Log,Defense Impairment,TA0112,IaaS; SaaS; Identity Provider; Office Suite,,,M1018 User Account Management,https://attack.mitre.org/techniques/T1685/002,"An adversary may disable or modify cloud logging capabilities and integrations to limit what data is collected on their activities and avoid detection. Cloud environments allow for collection and analysis of audit and application logs that provide insight into what activities a user does within the environment. If an adversary has sufficient permissions, they can disable or modify logging to avoid detection of their activities. "
T1685.003,Yes,T1685,Modify or Spoof Tool UI,Defense Impairment,TA0112,Linux; macOS; Windows,,,M1038 Execution Prevention,https://attack.mitre.org/techniques/T1685/003,Adversaries may spoof or manipulate security tool user interfaces (UIs) to falsely indicate tools are functioning normally and delay detection and response. 
T1685.004,Yes,T1685,Disable or Modify Linux Audit System Log,Defense Impairment,TA0112,Linux,,,M1018 User Account Management | M1047 Audit,https://attack.mitre.org/techniques/T1685/004,"Adversaries may disable or modify the Linux Audit system to hide malicious activity and avoid detection. Linux admins use the Linux Audit system to track security-relevant information on a system. The Linux Audit system operates at the kernel-level and maintains event logs on application and system activity such as process, network, file, and login events based on pre-configured rules. "
T1685.005,Yes,T1685,Clear Windows Event Logs,Defense Impairment,TA0112,Windows,,,M1022 Restrict File and Directory Permissions | M1029 Remote Data Storage | M1041 Encrypt Sensitive Information,https://attack.mitre.org/techniques/T1685/005,"Adversaries may clear Windows Event Logs to hide the activity of an intrusion. Windows Event Logs are a record of a computer's alerts and notifications. There are three system-defined sources of events: System, Application, and Security, with five event types: Error, Warning, Information, Success Audit, and Failure Audit."
T1685.006,Yes,T1685,Clear Linux or Mac System Logs,Defense Impairment,TA0112,Linux; macOS,,,M1022 Restrict File and Directory Permissions | M1029 Remote Data Storage | M1041 Encrypt Sensitive Information,https://attack.mitre.org/techniques/T1685/006,"Adversaries may clear system logs to hide evidence of an intrusion. macOS and Linux both keep track of system or user-initiated actions via system logs. The majority of native system logging is stored under the `/var/log/` directory. Subfolders in this directory categorize logs by their related functions, such as:(Citation: Linux Logs)"
T1686,No,,Disable or Modify System Firewall,Defense Impairment,TA0112,ESXi; Linux; macOS; Network Devices; Windows,,,M1018 User Account Management | M1022 Restrict File and Directory Permissions | M1024 Restrict Registry Permissions | M1047 Audit,https://attack.mitre.org/techniques/T1686,"Adversaries may disable or modify host-based or network firewalls to impair defensive mechanisms and enable further action. Once an adversary has gathered sufficient privileges, they can tamper with firewall services, policies, or rule sets to remove restrictions on inbound or outbound traffic. For example, this may include turning off firewall profiles, altering existing rules to permit previously blocked ports or protocols, or adding new rules that create covert communication paths (e.g., adding a new firewall rule for a well-known protocol (such as RDP) using a non-traditional and potential"
T1686.001,Yes,T1686,Cloud Firewall,Defense Impairment,TA0112,IaaS,,,M1018 User Account Management | M1047 Audit,https://attack.mitre.org/techniques/T1686/001,Adversaries may disable or modify a firewall within a cloud environment to bypass controls that limit access to cloud resources.
T1686.002,Yes,T1686,Network Device Firewall,Defense Impairment,TA0112,Network Devices,,,M1018 User Account Management | M1047 Audit | M1051 Update Software,https://attack.mitre.org/techniques/T1686/002,"Adversaries may disable network device-based firewall mechanisms entirely or add, delete, or modify particular rules in order to bypass controls limiting network usage.  "
T1686.003,Yes,T1686,Windows Host Firewall,Defense Impairment,TA0112,Windows,,,M1018 User Account Management | M1022 Restrict File and Directory Permissions | M1024 Restrict Registry Permissions | M1047 Audit,https://attack.mitre.org/techniques/T1686/003,"Adversaries may disable or modify the Windows host firewall to bypass controls limiting network usage. This can include disabling the Windows host firewall entirely, suppressing specific profiles (domain, private, public), or adding, deleting, and modifying firewall rules to allow or restrict traffic.(Citation: Nearest Neighbor Volexity)"
T1687,No,,Exploitation for Defense Impairment,Defense Impairment,TA0112,IaaS; Linux; macOS; SaaS; Windows,,,,https://attack.mitre.org/techniques/T1687,"Adversaries may exploit vulnerabilities in security software, infrastructure, or defensive components to degrade, disable, or otherwise continue to impair their ability to prevent, detect, or respond to malicious activity. "
T1688,No,,Safe Mode Boot,Defense Impairment,TA0112,Windows,,,M1026 Privileged Account Management | M1054 Software Configuration,https://attack.mitre.org/techniques/T1688,Adversaries may abuse Windows safe mode to disable endpoint defenses. Safe mode starts up the Windows operating system with a limited set of drivers and services. Third-party security software such as endpoint detection and response (EDR) tools may not start after booting Windows in safe mode. There are two versions of safe mode: Safe Mode and Safe Mode with Networking. It is possible to start additional services after a safe mode boot.(Citation: Microsoft Windows Startup Settings)(Citation: Sophos Safe Mode Boot)
T1689,No,,Downgrade Attack,Defense Impairment,TA0112,macOS; Windows; Linux,,,M1042 Disable or Remove Feature or Program | M1054 Software Configuration,https://attack.mitre.org/techniques/T1689,"Adversaries may downgrade or use a version of system features that may be outdated, vulnerable, and/or does not support updated security controls. Downgrade attacks typically take advantage of a system’s backward compatibility to force it into less secure modes of operation."
T1690,No,,Prevent Command History Logging,Defense Impairment,TA0112,ESXi; Linux; macOS; Network Devices; Windows,,,M1028 Operating System Configuration | M1039 Environment Variable Permissions,https://attack.mitre.org/techniques/T1690,Adversaries may impair command history logging to hide commands they run on a compromised system. Various command interpreters keep track of the commands users type in their terminal so that users can retrace what they have done.
